_id,download_url,git_url,html_url,path,type,repo_language,repo_created_at,repo_updated_at,full_name,operator_class,parameter_key,parameter_value_link_to_ds
https://github.com/seage/seage/blob/deb490530d689dbe25ebf01cc422780457b9cfec/target/repository/processes/old/rm-report1-p3.rmp,https://raw.githubusercontent.com/seage/seage/deb490530d689dbe25ebf01cc422780457b9cfec/target/repository/processes/old/rm-report1-p3.rmp,https://api.github.com/repos/seage/seage/git/blobs/07b1e909e745712f704d09f133a27514589318f7,https://github.com/seage/seage/blob/deb490530d689dbe25ebf01cc422780457b9cfec/target/repository/processes/old/rm-report1-p3.rmp,target/repository/processes/old/rm-report1-p3.rmp,file,Java,2011-10-09 22:51:39,2018-01-25 11:06:29,seage/seage,read_csv,csv_file,report/report.csv
https://github.com/seage/seage/blob/deb490530d689dbe25ebf01cc422780457b9cfec/target/repository/processes/old/rm-report2-p3.rmp,https://raw.githubusercontent.com/seage/seage/deb490530d689dbe25ebf01cc422780457b9cfec/target/repository/processes/old/rm-report2-p3.rmp,https://api.github.com/repos/seage/seage/git/blobs/bce38074b406abc23c2856a9c340e00d1c385f88,https://github.com/seage/seage/blob/deb490530d689dbe25ebf01cc422780457b9cfec/target/repository/processes/old/rm-report2-p3.rmp,target/repository/processes/old/rm-report2-p3.rmp,file,Java,2011-10-09 22:51:39,2018-01-25 11:06:29,seage/seage,read_csv,csv_file,report/report.csv
https://github.com/seage/seage/blob/deb490530d689dbe25ebf01cc422780457b9cfec/target/repository/processes/old/rm-report1-p4.rmp,https://raw.githubusercontent.com/seage/seage/deb490530d689dbe25ebf01cc422780457b9cfec/target/repository/processes/old/rm-report1-p4.rmp,https://api.github.com/repos/seage/seage/git/blobs/c00f22b1b55b628cbcb48ca216e87c1ec12cc66a,https://github.com/seage/seage/blob/deb490530d689dbe25ebf01cc422780457b9cfec/target/repository/processes/old/rm-report1-p4.rmp,target/repository/processes/old/rm-report1-p4.rmp,file,Java,2011-10-09 22:51:39,2018-01-25 11:06:29,seage/seage,read_csv,csv_file,report/report.csv
https://github.com/seage/seage/blob/deb490530d689dbe25ebf01cc422780457b9cfec/target/repository/processes/old/clusteringTest.rmp,https://raw.githubusercontent.com/seage/seage/deb490530d689dbe25ebf01cc422780457b9cfec/target/repository/processes/old/clusteringTest.rmp,https://api.github.com/repos/seage/seage/git/blobs/26de9d16d73cdd1ff0cae115bd6a11160d087b34,https://github.com/seage/seage/blob/deb490530d689dbe25ebf01cc422780457b9cfec/target/repository/processes/old/clusteringTest.rmp,target/repository/processes/old/clusteringTest.rmp,file,Java,2011-10-09 22:51:39,2018-01-25 11:06:29,seage/seage,read_csv,csv_file,C:\Users\Zis\Documents\NetBeansProjects\seage\seage.launcher\target\report\report.csv
https://github.com/seage/seage/blob/deb490530d689dbe25ebf01cc422780457b9cfec/target/repository/processes/old/rm-report2-p1.rmp,https://raw.githubusercontent.com/seage/seage/deb490530d689dbe25ebf01cc422780457b9cfec/target/repository/processes/old/rm-report2-p1.rmp,https://api.github.com/repos/seage/seage/git/blobs/96e5ba16d4c7d09655c8bdfe0a839f8fe481ed94,https://github.com/seage/seage/blob/deb490530d689dbe25ebf01cc422780457b9cfec/target/repository/processes/old/rm-report2-p1.rmp,target/repository/processes/old/rm-report2-p1.rmp,file,Java,2011-10-09 22:51:39,2018-01-25 11:06:29,seage/seage,read_csv,csv_file,report/report.csv
https://github.com/seage/seage/blob/deb490530d689dbe25ebf01cc422780457b9cfec/target/repository/processes/old/rm-report3-p1.rmp,https://raw.githubusercontent.com/seage/seage/deb490530d689dbe25ebf01cc422780457b9cfec/target/repository/processes/old/rm-report3-p1.rmp,https://api.github.com/repos/seage/seage/git/blobs/4f01cd3bb12a33cf62d3eefc8246c883fb7d664c,https://github.com/seage/seage/blob/deb490530d689dbe25ebf01cc422780457b9cfec/target/repository/processes/old/rm-report3-p1.rmp,target/repository/processes/old/rm-report3-p1.rmp,file,Java,2011-10-09 22:51:39,2018-01-25 11:06:29,seage/seage,read_csv,csv_file,report/report.csv
https://github.com/seage/seage/blob/deb490530d689dbe25ebf01cc422780457b9cfec/target/repository/processes/old/rm-report1-p1.rmp,https://raw.githubusercontent.com/seage/seage/deb490530d689dbe25ebf01cc422780457b9cfec/target/repository/processes/old/rm-report1-p1.rmp,https://api.github.com/repos/seage/seage/git/blobs/ebd0dd47b98dba428cf370dcf3704fbfb4ae3d28,https://github.com/seage/seage/blob/deb490530d689dbe25ebf01cc422780457b9cfec/target/repository/processes/old/rm-report1-p1.rmp,target/repository/processes/old/rm-report1-p1.rmp,file,Java,2011-10-09 22:51:39,2018-01-25 11:06:29,seage/seage,read_csv,csv_file,report/report.csv
https://github.com/seage/seage/blob/deb490530d689dbe25ebf01cc422780457b9cfec/target/repository/processes/old/rm-report1-p2.rmp,https://raw.githubusercontent.com/seage/seage/deb490530d689dbe25ebf01cc422780457b9cfec/target/repository/processes/old/rm-report1-p2.rmp,https://api.github.com/repos/seage/seage/git/blobs/80236ea8e026e77d97ac9245b7075e8582549e8a,https://github.com/seage/seage/blob/deb490530d689dbe25ebf01cc422780457b9cfec/target/repository/processes/old/rm-report1-p2.rmp,target/repository/processes/old/rm-report1-p2.rmp,file,Java,2011-10-09 22:51:39,2018-01-25 11:06:29,seage/seage,read_csv,csv_file,report/report.csv
https://github.com/seage/seage/blob/deb490530d689dbe25ebf01cc422780457b9cfec/target/repository/processes/old/rm-report2-p2.rmp,https://raw.githubusercontent.com/seage/seage/deb490530d689dbe25ebf01cc422780457b9cfec/target/repository/processes/old/rm-report2-p2.rmp,https://api.github.com/repos/seage/seage/git/blobs/81f090b26717ef35cd2aaf5bb2d309f2b1af7fe4,https://github.com/seage/seage/blob/deb490530d689dbe25ebf01cc422780457b9cfec/target/repository/processes/old/rm-report2-p2.rmp,target/repository/processes/old/rm-report2-p2.rmp,file,Java,2011-10-09 22:51:39,2018-01-25 11:06:29,seage/seage,read_csv,csv_file,report/report.csv
https://github.com/seage/seage/blob/deb490530d689dbe25ebf01cc422780457b9cfec/target/repository/processes/old/weightTest.rmp,https://raw.githubusercontent.com/seage/seage/deb490530d689dbe25ebf01cc422780457b9cfec/target/repository/processes/old/weightTest.rmp,https://api.github.com/repos/seage/seage/git/blobs/70cb584eea01ce981b71b684b03ba2a6d2297c8b,https://github.com/seage/seage/blob/deb490530d689dbe25ebf01cc422780457b9cfec/target/repository/processes/old/weightTest.rmp,target/repository/processes/old/weightTest.rmp,file,Java,2011-10-09 22:51:39,2018-01-25 11:06:29,seage/seage,read_csv,csv_file,C:\Users\Zis\Documents\NetBeansProjects\seage\seage.launcher\target\report\report.csv
https://github.com/zmatlja1/RapidMinerTestAPI/blob/caa08d7325198aa85e981e602e3b3c232421d7ff/5.1/RapidMinerTest/process.rmp,https://raw.githubusercontent.com/zmatlja1/RapidMinerTestAPI/caa08d7325198aa85e981e602e3b3c232421d7ff/5.1/RapidMinerTest/process.rmp,https://api.github.com/repos/zmatlja1/RapidMinerTestAPI/git/blobs/1cfa2d622ffaf7df5efc0fe89406a2a0408aa757,https://github.com/zmatlja1/RapidMinerTestAPI/blob/caa08d7325198aa85e981e602e3b3c232421d7ff/5.1/RapidMinerTest/process.rmp,5.1/RapidMinerTest/process.rmp,file,Java,2012-01-23 10:57:45,2013-10-05 11:32:48,zmatlja1/RapidMinerTestAPI,read_csv,csv_file,C:\Users\Zis\Desktop\FEL\Diplomka\RapidMiner\RapidMinerTestAPI\5.1\RapidMinerTest\report.csv
https://github.com/zmatlja1/RapidMinerTestAPI/blob/caa08d7325198aa85e981e602e3b3c232421d7ff/5.1/RapidMinerTest/aggregation.xml,https://raw.githubusercontent.com/zmatlja1/RapidMinerTestAPI/caa08d7325198aa85e981e602e3b3c232421d7ff/5.1/RapidMinerTest/aggregation.xml,https://api.github.com/repos/zmatlja1/RapidMinerTestAPI/git/blobs/67672d1a31cff9839eb39316e79a6f0ddf32b63e,https://github.com/zmatlja1/RapidMinerTestAPI/blob/caa08d7325198aa85e981e602e3b3c232421d7ff/5.1/RapidMinerTest/aggregation.xml,5.1/RapidMinerTest/aggregation.xml,file,Java,2012-01-23 10:57:45,2013-10-05 11:32:48,zmatlja1/RapidMinerTestAPI,read_csv,csv_file,report.csv
https://github.com/zmatlja1/RapidMinerTestAPI/blob/caa08d7325198aa85e981e602e3b3c232421d7ff/5.1/RapidMinerTest/GUIprocess.xml,https://raw.githubusercontent.com/zmatlja1/RapidMinerTestAPI/caa08d7325198aa85e981e602e3b3c232421d7ff/5.1/RapidMinerTest/GUIprocess.xml,https://api.github.com/repos/zmatlja1/RapidMinerTestAPI/git/blobs/23e7d1874de6e19ccc172341da389e70bea4fa2d,https://github.com/zmatlja1/RapidMinerTestAPI/blob/caa08d7325198aa85e981e602e3b3c232421d7ff/5.1/RapidMinerTest/GUIprocess.xml,5.1/RapidMinerTest/GUIprocess.xml,file,Java,2012-01-23 10:57:45,2013-10-05 11:32:48,zmatlja1/RapidMinerTestAPI,read_csv,csv_file,C:\Users\Zis\Desktop\FEL\Diplomka\RapidMiner\RapidMinerTestAPI\5.1\RapidMinerTest\report1.csv
https://github.com/oplatek/AndroidChallenge/blob/568892c859ff3a169fb08e323797b14cadab5e18/rapidminer/owner-basedOn-title-description.xml,https://raw.githubusercontent.com/oplatek/AndroidChallenge/568892c859ff3a169fb08e323797b14cadab5e18/rapidminer/owner-basedOn-title-description.xml,https://api.github.com/repos/oplatek/AndroidChallenge/git/blobs/728f9fceeb3a197a36cca01b6dac853a4fc498aa,https://github.com/oplatek/AndroidChallenge/blob/568892c859ff3a169fb08e323797b14cadab5e18/rapidminer/owner-basedOn-title-description.xml,rapidminer/owner-basedOn-title-description.xml,file,C#,2012-01-25 17:09:57,2014-06-14 02:27:08,oplatek/AndroidChallenge,read_csv,csv_file,/home/ondra/challenge-android/csv/test.csv
https://github.com/oplatek/AndroidChallenge/blob/568892c859ff3a169fb08e323797b14cadab5e18/rapidminer/owner-wekaSMO-basedOn-title-description.xml,https://raw.githubusercontent.com/oplatek/AndroidChallenge/568892c859ff3a169fb08e323797b14cadab5e18/rapidminer/owner-wekaSMO-basedOn-title-description.xml,https://api.github.com/repos/oplatek/AndroidChallenge/git/blobs/b01b89609fe79c75cafbecd9b3a9aeb75d0260e1,https://github.com/oplatek/AndroidChallenge/blob/568892c859ff3a169fb08e323797b14cadab5e18/rapidminer/owner-wekaSMO-basedOn-title-description.xml,rapidminer/owner-wekaSMO-basedOn-title-description.xml,file,C#,2012-01-25 17:09:57,2014-06-14 02:27:08,oplatek/AndroidChallenge,read_csv,csv_file,/home/ondra/challenge-android/csv/test.csv
https://github.com/oplatek/AndroidChallenge/blob/568892c859ff3a169fb08e323797b14cadab5e18/rapidminer/owner-kNN-basedOn-title-description2.xml,https://raw.githubusercontent.com/oplatek/AndroidChallenge/568892c859ff3a169fb08e323797b14cadab5e18/rapidminer/owner-kNN-basedOn-title-description2.xml,https://api.github.com/repos/oplatek/AndroidChallenge/git/blobs/a6a93204d94d0164856d16292ecf4dda0705524b,https://github.com/oplatek/AndroidChallenge/blob/568892c859ff3a169fb08e323797b14cadab5e18/rapidminer/owner-kNN-basedOn-title-description2.xml,rapidminer/owner-kNN-basedOn-title-description2.xml,file,C#,2012-01-25 17:09:57,2014-06-14 02:27:08,oplatek/AndroidChallenge,read_csv,csv_file,/home/ondra/challenge-android/csv/test.csv
https://github.com/oplatek/AndroidChallenge/blob/568892c859ff3a169fb08e323797b14cadab5e18/rapidminer/owner-kNN-basedOn-title-description.xml,https://raw.githubusercontent.com/oplatek/AndroidChallenge/568892c859ff3a169fb08e323797b14cadab5e18/rapidminer/owner-kNN-basedOn-title-description.xml,https://api.github.com/repos/oplatek/AndroidChallenge/git/blobs/0aedb4b7a5156637d1c7ef75c1dce8bdda01b221,https://github.com/oplatek/AndroidChallenge/blob/568892c859ff3a169fb08e323797b14cadab5e18/rapidminer/owner-kNN-basedOn-title-description.xml,rapidminer/owner-kNN-basedOn-title-description.xml,file,C#,2012-01-25 17:09:57,2014-06-14 02:27:08,oplatek/AndroidChallenge,read_csv,csv_file,/home/ondra/challenge-android/csv/test.csv
https://github.com/pchronz/GenericWorkloadModeler/blob/bdad442ad079f4a7056289dd0ede3ce178d39f79/rapidminerWS/SVR.rmp,https://raw.githubusercontent.com/pchronz/GenericWorkloadModeler/bdad442ad079f4a7056289dd0ede3ce178d39f79/rapidminerWS/SVR.rmp,https://api.github.com/repos/pchronz/GenericWorkloadModeler/git/blobs/93417dc1601d96f05edfaaabc213e96f48b1ee47,https://github.com/pchronz/GenericWorkloadModeler/blob/bdad442ad079f4a7056289dd0ede3ce178d39f79/rapidminerWS/SVR.rmp,rapidminerWS/SVR.rmp,file,Python,2012-04-22 13:55:49,2016-06-06 10:24:59,pchronz/GenericWorkloadModeler,read_csv,csv_file,/media/DATA/Thesis/Workloads/GenericWorkloadModeler/workloads/EWS/monday_test2.csv
https://github.com/pchronz/GenericWorkloadModeler/blob/bdad442ad079f4a7056289dd0ede3ce178d39f79/rapidminerWS/RVR.rmp,https://raw.githubusercontent.com/pchronz/GenericWorkloadModeler/bdad442ad079f4a7056289dd0ede3ce178d39f79/rapidminerWS/RVR.rmp,https://api.github.com/repos/pchronz/GenericWorkloadModeler/git/blobs/8ac8d34a66ef189c9ccf47d6a5558d0c5f39a9cb,https://github.com/pchronz/GenericWorkloadModeler/blob/bdad442ad079f4a7056289dd0ede3ce178d39f79/rapidminerWS/RVR.rmp,rapidminerWS/RVR.rmp,file,Python,2012-04-22 13:55:49,2016-06-06 10:24:59,pchronz/GenericWorkloadModeler,read_csv,csv_file,/media/DATA/Thesis/Workloads/GenericWorkloadModeler/scaledtest.csv
https://github.com/pchronz/GenericWorkloadModeler/blob/bdad442ad079f4a7056289dd0ede3ce178d39f79/svr_test,https://raw.githubusercontent.com/pchronz/GenericWorkloadModeler/bdad442ad079f4a7056289dd0ede3ce178d39f79/svr_test,https://api.github.com/repos/pchronz/GenericWorkloadModeler/git/blobs/7fe46d4d6cd82a321ff7ef11b54560bfc1d12044,https://github.com/pchronz/GenericWorkloadModeler/blob/bdad442ad079f4a7056289dd0ede3ce178d39f79/svr_test,svr_test,file,Python,2012-04-22 13:55:49,2016-06-06 10:24:59,pchronz/GenericWorkloadModeler,read_csv,csv_file,/home/claudio/GenericWorkloadModeler/workloads/EWS/ews_test.csv
https://github.com/frank-engelen/machine_learning/blob/7c0ec4c530f9969ae7c8217d2de5e98b6cf04850/rapidminer_repo/01-iris-process.rmp,https://raw.githubusercontent.com/frank-engelen/machine_learning/7c0ec4c530f9969ae7c8217d2de5e98b6cf04850/rapidminer_repo/01-iris-process.rmp,https://api.github.com/repos/frank-engelen/machine_learning/git/blobs/db0bc9f38a76487cfb02ae666ae57b9d21efbc35,https://github.com/frank-engelen/machine_learning/blob/7c0ec4c530f9969ae7c8217d2de5e98b6cf04850/rapidminer_repo/01-iris-process.rmp,rapidminer_repo/01-iris-process.rmp,file,Perl,2013-02-01 15:08:22,2014-09-09 07:57:28,frank-engelen/machine_learning,read_csv,csv_file,C:\machine_learning\data\01-iris.csv
https://github.com/jpmml/jpmml/blob/d63174f6e7e8a663200d9fc2caa6606cd51cbe74/pmml-rapidminer/src/test/resources/RapidMiner/RegressionTest.rmp,https://raw.githubusercontent.com/jpmml/jpmml/d63174f6e7e8a663200d9fc2caa6606cd51cbe74/pmml-rapidminer/src/test/resources/RapidMiner/RegressionTest.rmp,https://api.github.com/repos/jpmml/jpmml/git/blobs/d3101109decc050c397ce78c75b980d0909d2f63,https://github.com/jpmml/jpmml/blob/d63174f6e7e8a663200d9fc2caa6606cd51cbe74/pmml-rapidminer/src/test/resources/RapidMiner/RegressionTest.rmp,pmml-rapidminer/src/test/resources/RapidMiner/RegressionTest.rmp,file,Java,2013-02-27 12:54:09,2018-05-17 08:34:27,jpmml/jpmml,read_csv,csv_file,P:\jpmml\jpmml\pmml-rapidminer\src\test\resources\csv\Ozone.csv
https://github.com/jpmml/jpmml/blob/d63174f6e7e8a663200d9fc2caa6606cd51cbe74/pmml-rapidminer/src/test/resources/RapidMiner/ClassificationTest.rmp,https://raw.githubusercontent.com/jpmml/jpmml/d63174f6e7e8a663200d9fc2caa6606cd51cbe74/pmml-rapidminer/src/test/resources/RapidMiner/ClassificationTest.rmp,https://api.github.com/repos/jpmml/jpmml/git/blobs/4d06296f166c7d3a35b5aa3daf83c5813e2921a3,https://github.com/jpmml/jpmml/blob/d63174f6e7e8a663200d9fc2caa6606cd51cbe74/pmml-rapidminer/src/test/resources/RapidMiner/ClassificationTest.rmp,pmml-rapidminer/src/test/resources/RapidMiner/ClassificationTest.rmp,file,Java,2013-02-27 12:54:09,2018-05-17 08:34:27,jpmml/jpmml,read_csv,csv_file,P:\jpmml\jpmml\pmml-rapidminer\src\test\resources\csv\Iris.csv
https://github.com/jpmml/jpmml/blob/d63174f6e7e8a663200d9fc2caa6606cd51cbe74/pmml-rapidminer/src/test/resources/RapidMiner/ClusteringTest.rmp,https://raw.githubusercontent.com/jpmml/jpmml/d63174f6e7e8a663200d9fc2caa6606cd51cbe74/pmml-rapidminer/src/test/resources/RapidMiner/ClusteringTest.rmp,https://api.github.com/repos/jpmml/jpmml/git/blobs/a1e81aa6b086e81aca9495197556bc36c56f5f57,https://github.com/jpmml/jpmml/blob/d63174f6e7e8a663200d9fc2caa6606cd51cbe74/pmml-rapidminer/src/test/resources/RapidMiner/ClusteringTest.rmp,pmml-rapidminer/src/test/resources/RapidMiner/ClusteringTest.rmp,file,Java,2013-02-27 12:54:09,2018-05-17 08:34:27,jpmml/jpmml,read_csv,csv_file,P:\jpmml\jpmml\pmml-rapidminer\src\test\resources\csv\Iris.csv
https://github.com/studhadoop/rapidminer/blob/dde8fefa04c02364067b3fa04e84a588889f0b8b/generateportal,https://raw.githubusercontent.com/studhadoop/rapidminer/dde8fefa04c02364067b3fa04e84a588889f0b8b/generateportal,https://api.github.com/repos/studhadoop/rapidminer/git/blobs/4cf7f71251ad911fdf87c2ba5242585c22cbe58e,https://github.com/studhadoop/rapidminer/blob/dde8fefa04c02364067b3fa04e84a588889f0b8b/generateportal,generateportal,file,,2013-05-18 05:09:08,2013-10-12 15:44:00,studhadoop/rapidminer,read_csv,csv_file,/private/var/root/ALAVisual/csvfile/clsperf.csv
https://github.com/petrocziattila/bgf/blob/97625b2e15f87eb1c84935424cc53c3ac9e0271d/RMrepo/01DataLoad.rmp,https://raw.githubusercontent.com/petrocziattila/bgf/97625b2e15f87eb1c84935424cc53c3ac9e0271d/RMrepo/01DataLoad.rmp,https://api.github.com/repos/petrocziattila/bgf/git/blobs/8d7613903201ff01c55fe197bff39a54c07336b1,https://github.com/petrocziattila/bgf/blob/97625b2e15f87eb1c84935424cc53c3ac9e0271d/RMrepo/01DataLoad.rmp,RMrepo/01DataLoad.rmp,file,Java,2013-09-01 12:33:22,2013-12-07 14:31:04,petrocziattila/bgf,read_csv,csv_file,/home/student/rapidminer/dataset.csv
https://github.com/IvanPaez/Proact/blob/206f164a4c69b7b64626378b2f9a80360346949f/jproact-parent/jproact-jpmml/jpmml-master/pmml-rapidminer/src/test/resources/RapidMiner/RegressionTest.rmp,https://raw.githubusercontent.com/IvanPaez/Proact/206f164a4c69b7b64626378b2f9a80360346949f/jproact-parent/jproact-jpmml/jpmml-master/pmml-rapidminer/src/test/resources/RapidMiner/RegressionTest.rmp,https://api.github.com/repos/IvanPaez/Proact/git/blobs/53a9ee93c8b12277f83c7f0f3267488f1f6196f4,https://github.com/IvanPaez/Proact/blob/206f164a4c69b7b64626378b2f9a80360346949f/jproact-parent/jproact-jpmml/jpmml-master/pmml-rapidminer/src/test/resources/RapidMiner/RegressionTest.rmp,jproact-parent/jproact-jpmml/jpmml-master/pmml-rapidminer/src/test/resources/RapidMiner/RegressionTest.rmp,file,Java,2013-10-24 06:37:46,2015-03-17 14:58:20,IvanPaez/Proact,read_csv,csv_file,P:\jpmml\jpmml\pmml-rapidminer\src\test\resources\csv\Ozone.csv
https://github.com/IvanPaez/Proact/blob/206f164a4c69b7b64626378b2f9a80360346949f/jproact-parent/jproact-jpmml/jpmml-master/pmml-rapidminer/src/test/resources/RapidMiner/ClassificationTest.rmp,https://raw.githubusercontent.com/IvanPaez/Proact/206f164a4c69b7b64626378b2f9a80360346949f/jproact-parent/jproact-jpmml/jpmml-master/pmml-rapidminer/src/test/resources/RapidMiner/ClassificationTest.rmp,https://api.github.com/repos/IvanPaez/Proact/git/blobs/cb51159498b9ea911eea5095381bb7f9ecf36099,https://github.com/IvanPaez/Proact/blob/206f164a4c69b7b64626378b2f9a80360346949f/jproact-parent/jproact-jpmml/jpmml-master/pmml-rapidminer/src/test/resources/RapidMiner/ClassificationTest.rmp,jproact-parent/jproact-jpmml/jpmml-master/pmml-rapidminer/src/test/resources/RapidMiner/ClassificationTest.rmp,file,Java,2013-10-24 06:37:46,2015-03-17 14:58:20,IvanPaez/Proact,read_csv,csv_file,P:\jpmml\jpmml\pmml-rapidminer\src\test\resources\csv\Iris.csv
https://github.com/IvanPaez/Proact/blob/206f164a4c69b7b64626378b2f9a80360346949f/jproact-parent/jproact-jpmml/jpmml-master/pmml-rapidminer/src/test/resources/RapidMiner/ClusteringTest.rmp,https://raw.githubusercontent.com/IvanPaez/Proact/206f164a4c69b7b64626378b2f9a80360346949f/jproact-parent/jproact-jpmml/jpmml-master/pmml-rapidminer/src/test/resources/RapidMiner/ClusteringTest.rmp,https://api.github.com/repos/IvanPaez/Proact/git/blobs/99258af467f324797ad8d66de02f9f8b92ca704a,https://github.com/IvanPaez/Proact/blob/206f164a4c69b7b64626378b2f9a80360346949f/jproact-parent/jproact-jpmml/jpmml-master/pmml-rapidminer/src/test/resources/RapidMiner/ClusteringTest.rmp,jproact-parent/jproact-jpmml/jpmml-master/pmml-rapidminer/src/test/resources/RapidMiner/ClusteringTest.rmp,file,Java,2013-10-24 06:37:46,2015-03-17 14:58:20,IvanPaez/Proact,read_csv,csv_file,P:\jpmml\jpmml\pmml-rapidminer\src\test\resources\csv\Iris.csv
https://github.com/billcary/Rapid_Miner/blob/a8fc58a0673c92eeb7c398c5280653c849eba827/chapter07/manipulateFruitandVeg.xml,https://raw.githubusercontent.com/billcary/Rapid_Miner/a8fc58a0673c92eeb7c398c5280653c849eba827/chapter07/manipulateFruitandVeg.xml,https://api.github.com/repos/billcary/Rapid_Miner/git/blobs/9666ac87ef9e5d30817fedc23720e1e14ca7fe1e,https://github.com/billcary/Rapid_Miner/blob/a8fc58a0673c92eeb7c398c5280653c849eba827/chapter07/manipulateFruitandVeg.xml,chapter07/manipulateFruitandVeg.xml,file,,2014-01-06 03:31:32,2014-01-06 03:42:18,billcary/Rapid_Miner,read_csv,csv_file,C:\exploringDataWithRapidMiner\fruitandveg.csv
https://github.com/billcary/Rapid_Miner/blob/a8fc58a0673c92eeb7c398c5280653c849eba827/chapter07/manipulateSunspots.xml,https://raw.githubusercontent.com/billcary/Rapid_Miner/a8fc58a0673c92eeb7c398c5280653c849eba827/chapter07/manipulateSunspots.xml,https://api.github.com/repos/billcary/Rapid_Miner/git/blobs/958a243ba432b12518ca0a28309aefde5f2edcd1,https://github.com/billcary/Rapid_Miner/blob/a8fc58a0673c92eeb7c398c5280653c849eba827/chapter07/manipulateSunspots.xml,chapter07/manipulateSunspots.xml,file,,2014-01-06 03:31:32,2014-01-06 03:42:18,billcary/Rapid_Miner,read_csv,csv_file,C:\exploringDataWithRapidMiner\sunspots.dat
https://github.com/billcary/Rapid_Miner/blob/a8fc58a0673c92eeb7c398c5280653c849eba827/chapter03/DistancesPlotter.xml,https://raw.githubusercontent.com/billcary/Rapid_Miner/a8fc58a0673c92eeb7c398c5280653c849eba827/chapter03/DistancesPlotter.xml,https://api.github.com/repos/billcary/Rapid_Miner/git/blobs/b6c2bbb6f9bdbe7e53bd505e61840ab25f89a435,https://github.com/billcary/Rapid_Miner/blob/a8fc58a0673c92eeb7c398c5280653c849eba827/chapter03/DistancesPlotter.xml,chapter03/DistancesPlotter.xml,file,,2014-01-06 03:31:32,2014-01-06 03:42:18,billcary/Rapid_Miner,read_csv,csv_file,C:\exploringDataWithRapidMiner\DataToVisualize.csv
https://github.com/billcary/Rapid_Miner/blob/a8fc58a0673c92eeb7c398c5280653c849eba827/chapter07/pivoting.xml,https://raw.githubusercontent.com/billcary/Rapid_Miner/a8fc58a0673c92eeb7c398c5280653c849eba827/chapter07/pivoting.xml,https://api.github.com/repos/billcary/Rapid_Miner/git/blobs/fa7f1eed6c2e3afc7be439aff1051c0ccd34e133,https://github.com/billcary/Rapid_Miner/blob/a8fc58a0673c92eeb7c398c5280653c849eba827/chapter07/pivoting.xml,chapter07/pivoting.xml,file,,2014-01-06 03:31:32,2014-01-06 03:42:18,billcary/Rapid_Miner,read_csv,csv_file,C:\exploringDataWithRapidMiner\namevaluepairs.csv
https://github.com/billcary/Rapid_Miner/blob/a8fc58a0673c92eeb7c398c5280653c849eba827/chapter03/MovingAveragePlotter.xml,https://raw.githubusercontent.com/billcary/Rapid_Miner/a8fc58a0673c92eeb7c398c5280653c849eba827/chapter03/MovingAveragePlotter.xml,https://api.github.com/repos/billcary/Rapid_Miner/git/blobs/4f257d64679dfe4862c1c32883e6dc9944b15cfb,https://github.com/billcary/Rapid_Miner/blob/a8fc58a0673c92eeb7c398c5280653c849eba827/chapter03/MovingAveragePlotter.xml,chapter03/MovingAveragePlotter.xml,file,,2014-01-06 03:31:32,2014-01-06 03:42:18,billcary/Rapid_Miner,read_csv,csv_file,C:\exploringDataWithRapidMiner\DataToVisualize.csv
https://github.com/billcary/Rapid_Miner/blob/a8fc58a0673c92eeb7c398c5280653c849eba827/chapter02/ReadCSVGuessing.xml,https://raw.githubusercontent.com/billcary/Rapid_Miner/a8fc58a0673c92eeb7c398c5280653c849eba827/chapter02/ReadCSVGuessing.xml,https://api.github.com/repos/billcary/Rapid_Miner/git/blobs/35be4ea4e1e951469f19d39593b16045e76265b4,https://github.com/billcary/Rapid_Miner/blob/a8fc58a0673c92eeb7c398c5280653c849eba827/chapter02/ReadCSVGuessing.xml,chapter02/ReadCSVGuessing.xml,file,,2014-01-06 03:31:32,2014-01-06 03:42:18,billcary/Rapid_Miner,read_csv,csv_file,C:\exploringDataWithRapidMiner\csvParseExample.csv
https://github.com/billcary/Rapid_Miner/blob/a8fc58a0673c92eeb7c398c5280653c849eba827/chapter05/simpleDisplay.xml,https://raw.githubusercontent.com/billcary/Rapid_Miner/a8fc58a0673c92eeb7c398c5280653c849eba827/chapter05/simpleDisplay.xml,https://api.github.com/repos/billcary/Rapid_Miner/git/blobs/4ce934f9e2b8418ca326619e269c2cd0948fca5b,https://github.com/billcary/Rapid_Miner/blob/a8fc58a0673c92eeb7c398c5280653c849eba827/chapter05/simpleDisplay.xml,chapter05/simpleDisplay.xml,file,,2014-01-06 03:31:32,2014-01-06 03:42:18,billcary/Rapid_Miner,read_csv,csv_file,C:\exploringDataWithRapidMiner\simpleData.csv
https://github.com/billcary/Rapid_Miner/blob/a8fc58a0673c92eeb7c398c5280653c849eba827/chapter02/chopFiles.xml,https://raw.githubusercontent.com/billcary/Rapid_Miner/a8fc58a0673c92eeb7c398c5280653c849eba827/chapter02/chopFiles.xml,https://api.github.com/repos/billcary/Rapid_Miner/git/blobs/ffed6fdefea03c6c62f431956970892a9aafaa49,https://github.com/billcary/Rapid_Miner/blob/a8fc58a0673c92eeb7c398c5280653c849eba827/chapter02/chopFiles.xml,chapter02/chopFiles.xml,file,,2014-01-06 03:31:32,2014-01-06 03:42:18,billcary/Rapid_Miner,read_csv,csv_file,%{fileToRead}
https://github.com/billcary/Rapid_Miner/blob/a8fc58a0673c92eeb7c398c5280653c849eba827/chapter07/readSunspot.xml,https://raw.githubusercontent.com/billcary/Rapid_Miner/a8fc58a0673c92eeb7c398c5280653c849eba827/chapter07/readSunspot.xml,https://api.github.com/repos/billcary/Rapid_Miner/git/blobs/a30b8a8457db0f666b307c25185eca5141af95bc,https://github.com/billcary/Rapid_Miner/blob/a8fc58a0673c92eeb7c398c5280653c849eba827/chapter07/readSunspot.xml,chapter07/readSunspot.xml,file,,2014-01-06 03:31:32,2014-01-06 03:42:18,billcary/Rapid_Miner,read_csv,csv_file,C:\exploringDataWithRapidMiner\sunspots.dat
https://github.com/billcary/Rapid_Miner/blob/a8fc58a0673c92eeb7c398c5280653c849eba827/chapter07/readFruitAndVeg.xml,https://raw.githubusercontent.com/billcary/Rapid_Miner/a8fc58a0673c92eeb7c398c5280653c849eba827/chapter07/readFruitAndVeg.xml,https://api.github.com/repos/billcary/Rapid_Miner/git/blobs/daffca911417308df38e268f39bb5d327b2aca16,https://github.com/billcary/Rapid_Miner/blob/a8fc58a0673c92eeb7c398c5280653c849eba827/chapter07/readFruitAndVeg.xml,chapter07/readFruitAndVeg.xml,file,,2014-01-06 03:31:32,2014-01-06 03:42:18,billcary/Rapid_Miner,read_csv,csv_file,C:\exploringDataWithRapidMiner\fruitandveg.csv
https://github.com/billcary/Rapid_Miner/blob/a8fc58a0673c92eeb7c398c5280653c849eba827/chapter03/readDataToVisualize.xml,https://raw.githubusercontent.com/billcary/Rapid_Miner/a8fc58a0673c92eeb7c398c5280653c849eba827/chapter03/readDataToVisualize.xml,https://api.github.com/repos/billcary/Rapid_Miner/git/blobs/90c8d23aec8792c2ead2c9dff83d60d5b4d5fdf0,https://github.com/billcary/Rapid_Miner/blob/a8fc58a0673c92eeb7c398c5280653c849eba827/chapter03/readDataToVisualize.xml,chapter03/readDataToVisualize.xml,file,,2014-01-06 03:31:32,2014-01-06 03:42:18,billcary/Rapid_Miner,read_csv,csv_file,C:\exploringDataWithRapidMiner\DataToVisualize.csv
https://github.com/billcary/Rapid_Miner/blob/a8fc58a0673c92eeb7c398c5280653c849eba827/chapter02/ReadCSVMetaData.xml,https://raw.githubusercontent.com/billcary/Rapid_Miner/a8fc58a0673c92eeb7c398c5280653c849eba827/chapter02/ReadCSVMetaData.xml,https://api.github.com/repos/billcary/Rapid_Miner/git/blobs/95932dc5052a85fa3efec7c1f345fba6a6aac7d9,https://github.com/billcary/Rapid_Miner/blob/a8fc58a0673c92eeb7c398c5280653c849eba827/chapter02/ReadCSVMetaData.xml,chapter02/ReadCSVMetaData.xml,file,,2014-01-06 03:31:32,2014-01-06 03:42:18,billcary/Rapid_Miner,read_csv,csv_file,C:\exploringDataWithRapidMiner\ExampleCSV.csv
https://github.com/nielssj/NS-ITU-MDMI/blob/ec8e96deecb4d7bccc6d17fee2aeeadf0311c528/labs/lab6/perceptron-rapidminer/lab6-perceptron.rmp,https://raw.githubusercontent.com/nielssj/NS-ITU-MDMI/ec8e96deecb4d7bccc6d17fee2aeeadf0311c528/labs/lab6/perceptron-rapidminer/lab6-perceptron.rmp,https://api.github.com/repos/nielssj/NS-ITU-MDMI/git/blobs/84a736077a788587c51d55776c6e81f9eb3f3581,https://github.com/nielssj/NS-ITU-MDMI/blob/ec8e96deecb4d7bccc6d17fee2aeeadf0311c528/labs/lab6/perceptron-rapidminer/lab6-perceptron.rmp,labs/lab6/perceptron-rapidminer/lab6-perceptron.rmp,file,Python,2014-01-30 22:10:42,2014-04-07 09:44:33,nielssj/NS-ITU-MDMI,read_csv,csv_file,/home/niels/git/NS-ITU-MDMI/labs/lab5 (7)/iris.csv
https://github.com/nielssj/NS-ITU-MDMI/blob/ec8e96deecb4d7bccc6d17fee2aeeadf0311c528/labs/lab4/fp-growth-rapidminer/lab4-fpgrowth.rmp,https://raw.githubusercontent.com/nielssj/NS-ITU-MDMI/ec8e96deecb4d7bccc6d17fee2aeeadf0311c528/labs/lab4/fp-growth-rapidminer/lab4-fpgrowth.rmp,https://api.github.com/repos/nielssj/NS-ITU-MDMI/git/blobs/24bf0c20fa43703d2f1c2d89571f7654ec3cf934,https://github.com/nielssj/NS-ITU-MDMI/blob/ec8e96deecb4d7bccc6d17fee2aeeadf0311c528/labs/lab4/fp-growth-rapidminer/lab4-fpgrowth.rmp,labs/lab4/fp-growth-rapidminer/lab4-fpgrowth.rmp,file,Python,2014-01-30 22:10:42,2014-04-07 09:44:33,nielssj/NS-ITU-MDMI,read_csv,csv_file,/home/niels/git/NS-ITU-MDMI/labs/lab4/fp-growth-rapidminer/pre-fpgrowth.csv
https://github.com/nielssj/NS-ITU-MDMI/blob/ec8e96deecb4d7bccc6d17fee2aeeadf0311c528/labs/lab5/kmedoids-rapidminer/lab5-kmedoids.rmp,https://raw.githubusercontent.com/nielssj/NS-ITU-MDMI/ec8e96deecb4d7bccc6d17fee2aeeadf0311c528/labs/lab5/kmedoids-rapidminer/lab5-kmedoids.rmp,https://api.github.com/repos/nielssj/NS-ITU-MDMI/git/blobs/b7a76626bbcc4bba2662f11bb96997a40e39653a,https://github.com/nielssj/NS-ITU-MDMI/blob/ec8e96deecb4d7bccc6d17fee2aeeadf0311c528/labs/lab5/kmedoids-rapidminer/lab5-kmedoids.rmp,labs/lab5/kmedoids-rapidminer/lab5-kmedoids.rmp,file,Python,2014-01-30 22:10:42,2014-04-07 09:44:33,nielssj/NS-ITU-MDMI,read_csv,csv_file,/home/niels/git/NS-ITU-MDMI/labs/lab5 (7)/iris.csv
https://github.com/dice89/master-thesis/blob/57820eac12fcb816c594ae14412d74bb737a4bc4/RapidminerRepo/OutlierEvaluation/separated/pre_pro_pca/oacode_cblof_unweighted_regular_db_scan.rmp,https://raw.githubusercontent.com/dice89/master-thesis/57820eac12fcb816c594ae14412d74bb737a4bc4/RapidminerRepo/OutlierEvaluation/separated/pre_pro_pca/oacode_cblof_unweighted_regular_db_scan.rmp,https://api.github.com/repos/dice89/master-thesis/git/blobs/c581ada581559c51b04f1445aa515adb88f5b415,https://github.com/dice89/master-thesis/blob/57820eac12fcb816c594ae14412d74bb737a4bc4/RapidminerRepo/OutlierEvaluation/separated/pre_pro_pca/oacode_cblof_unweighted_regular_db_scan.rmp,RapidminerRepo/OutlierEvaluation/separated/pre_pro_pca/oacode_cblof_unweighted_regular_db_scan.rmp,file,Groff,2014-11-18 10:50:24,2015-04-29 22:24:48,dice89/master-thesis,read_csv,csv_file,/Users/mueller/Documents/master-thesis/ontologymatcher/matchings/cmt-confOf_raw_matchings.csv
https://github.com/dice89/master-thesis/blob/57820eac12fcb816c594ae14412d74bb737a4bc4/RapidminerRepo/OutlierEvaluationV2/non_separated/pre_pro_pca_f/oacode_knn.rmp,https://raw.githubusercontent.com/dice89/master-thesis/57820eac12fcb816c594ae14412d74bb737a4bc4/RapidminerRepo/OutlierEvaluationV2/non_separated/pre_pro_pca_f/oacode_knn.rmp,https://api.github.com/repos/dice89/master-thesis/git/blobs/2a45ce0772a8f0766e949068742a6d64bd32ec42,https://github.com/dice89/master-thesis/blob/57820eac12fcb816c594ae14412d74bb737a4bc4/RapidminerRepo/OutlierEvaluationV2/non_separated/pre_pro_pca_f/oacode_knn.rmp,RapidminerRepo/OutlierEvaluationV2/non_separated/pre_pro_pca_f/oacode_knn.rmp,file,Groff,2014-11-18 10:50:24,2015-04-29 22:24:48,dice89/master-thesis,read_csv,csv_file,/Users/mueller/Documents/master-thesis/ontologymatcher/matchings/conference/matchings/cmt-conference_raw_matchings.csv
https://github.com/dice89/master-thesis/blob/57820eac12fcb816c594ae14412d74bb737a4bc4/RapidminerRepo/OutlierEvaluationV2/non_separated/pre_pro_pca_f/oacode_ldcof_x_means.rmp,https://raw.githubusercontent.com/dice89/master-thesis/57820eac12fcb816c594ae14412d74bb737a4bc4/RapidminerRepo/OutlierEvaluationV2/non_separated/pre_pro_pca_f/oacode_ldcof_x_means.rmp,https://api.github.com/repos/dice89/master-thesis/git/blobs/fac77fb8439774504deaefe7ece959915bb195d8,https://github.com/dice89/master-thesis/blob/57820eac12fcb816c594ae14412d74bb737a4bc4/RapidminerRepo/OutlierEvaluationV2/non_separated/pre_pro_pca_f/oacode_ldcof_x_means.rmp,RapidminerRepo/OutlierEvaluationV2/non_separated/pre_pro_pca_f/oacode_ldcof_x_means.rmp,file,Groff,2014-11-18 10:50:24,2015-04-29 22:24:48,dice89/master-thesis,read_csv,csv_file,/Users/mueller/Documents/master-thesis/ontologymatcher/matchings/cmt-confOf_raw_matchings.csv
https://github.com/dice89/master-thesis/blob/57820eac12fcb816c594ae14412d74bb737a4bc4/RapidminerRepo/OutlierEvaluationV2/non_separated/pre_pro_pca_v/oacode_ldcof_x_means.rmp,https://raw.githubusercontent.com/dice89/master-thesis/57820eac12fcb816c594ae14412d74bb737a4bc4/RapidminerRepo/OutlierEvaluationV2/non_separated/pre_pro_pca_v/oacode_ldcof_x_means.rmp,https://api.github.com/repos/dice89/master-thesis/git/blobs/8bc17c4c2614be74469a57f91a3b5994df2065d1,https://github.com/dice89/master-thesis/blob/57820eac12fcb816c594ae14412d74bb737a4bc4/RapidminerRepo/OutlierEvaluationV2/non_separated/pre_pro_pca_v/oacode_ldcof_x_means.rmp,RapidminerRepo/OutlierEvaluationV2/non_separated/pre_pro_pca_v/oacode_ldcof_x_means.rmp,file,Groff,2014-11-18 10:50:24,2015-04-29 22:24:48,dice89/master-thesis,read_csv,csv_file,/Users/mueller/Documents/master-thesis/ontologymatcher/matchings/cmt-confOf_raw_matchings.csv
https://github.com/dice89/master-thesis/blob/57820eac12fcb816c594ae14412d74bb737a4bc4/RapidminerRepo/OutlierEvaluationV2/non_separated/pre_pro_pca_f/oacode_rll_iso.rmp,https://raw.githubusercontent.com/dice89/master-thesis/57820eac12fcb816c594ae14412d74bb737a4bc4/RapidminerRepo/OutlierEvaluationV2/non_separated/pre_pro_pca_f/oacode_rll_iso.rmp,https://api.github.com/repos/dice89/master-thesis/git/blobs/ce2b5aab89b69fe814aff7290fbdc09e26a1d006,https://github.com/dice89/master-thesis/blob/57820eac12fcb816c594ae14412d74bb737a4bc4/RapidminerRepo/OutlierEvaluationV2/non_separated/pre_pro_pca_f/oacode_rll_iso.rmp,RapidminerRepo/OutlierEvaluationV2/non_separated/pre_pro_pca_f/oacode_rll_iso.rmp,file,Groff,2014-11-18 10:50:24,2015-04-29 22:24:48,dice89/master-thesis,read_csv,csv_file,/Users/mueller/Documents/master-thesis/ontologymatcher/matchings/cmt-confOf_raw_matchings.csv
https://github.com/dice89/master-thesis/blob/57820eac12fcb816c594ae14412d74bb737a4bc4/RapidminerRepo/OutlierEvaluationV2/non_separated/pre_pro_pca_f/oacode_rll_m5p.rmp,https://raw.githubusercontent.com/dice89/master-thesis/57820eac12fcb816c594ae14412d74bb737a4bc4/RapidminerRepo/OutlierEvaluationV2/non_separated/pre_pro_pca_f/oacode_rll_m5p.rmp,https://api.github.com/repos/dice89/master-thesis/git/blobs/c5f736d1444dfd8d5de0e3536acb3b63ab4880a3,https://github.com/dice89/master-thesis/blob/57820eac12fcb816c594ae14412d74bb737a4bc4/RapidminerRepo/OutlierEvaluationV2/non_separated/pre_pro_pca_f/oacode_rll_m5p.rmp,RapidminerRepo/OutlierEvaluationV2/non_separated/pre_pro_pca_f/oacode_rll_m5p.rmp,file,Groff,2014-11-18 10:50:24,2015-04-29 22:24:48,dice89/master-thesis,read_csv,csv_file,/Users/mueller/Documents/master-thesis/ontologymatcher/matchings/cmt-confOf_raw_matchings.csv
https://github.com/dice89/master-thesis/blob/57820eac12fcb816c594ae14412d74bb737a4bc4/RapidminerRepo/OutlierEvaluationV2/non_separated/pre_pro_pca_f/oacode_lof_regular.rmp,https://raw.githubusercontent.com/dice89/master-thesis/57820eac12fcb816c594ae14412d74bb737a4bc4/RapidminerRepo/OutlierEvaluationV2/non_separated/pre_pro_pca_f/oacode_lof_regular.rmp,https://api.github.com/repos/dice89/master-thesis/git/blobs/711f184a609300b2167f21a3ae20510d7daf2a5a,https://github.com/dice89/master-thesis/blob/57820eac12fcb816c594ae14412d74bb737a4bc4/RapidminerRepo/OutlierEvaluationV2/non_separated/pre_pro_pca_f/oacode_lof_regular.rmp,RapidminerRepo/OutlierEvaluationV2/non_separated/pre_pro_pca_f/oacode_lof_regular.rmp,file,Groff,2014-11-18 10:50:24,2015-04-29 22:24:48,dice89/master-thesis,read_csv,csv_file,/Users/mueller/Documents/master-thesis/ontologymatcher/matchings/cmt-confOf_raw_matchings.csv
https://github.com/dice89/master-thesis/blob/57820eac12fcb816c594ae14412d74bb737a4bc4/RapidminerRepo/OutlierEvaluationV2/non_separated/pre_pro_pca_f/oacode_rnn.rmp,https://raw.githubusercontent.com/dice89/master-thesis/57820eac12fcb816c594ae14412d74bb737a4bc4/RapidminerRepo/OutlierEvaluationV2/non_separated/pre_pro_pca_f/oacode_rnn.rmp,https://api.github.com/repos/dice89/master-thesis/git/blobs/fc8682f213cbca2d9921a08a3a9cb4d5c91fd3c4,https://github.com/dice89/master-thesis/blob/57820eac12fcb816c594ae14412d74bb737a4bc4/RapidminerRepo/OutlierEvaluationV2/non_separated/pre_pro_pca_f/oacode_rnn.rmp,RapidminerRepo/OutlierEvaluationV2/non_separated/pre_pro_pca_f/oacode_rnn.rmp,file,Groff,2014-11-18 10:50:24,2015-04-29 22:24:48,dice89/master-thesis,read_csv,csv_file,/Users/mueller/Documents/master-thesis/ontologymatcher/matchings/conference/matchings/cmt-confOf_raw_matchings.csv
https://github.com/dice89/master-thesis/blob/57820eac12fcb816c594ae14412d74bb737a4bc4/RapidminerRepo/OutlierEvaluationV2/non_separated/pre_pro_pca_f/oacode_lof.rmp,https://raw.githubusercontent.com/dice89/master-thesis/57820eac12fcb816c594ae14412d74bb737a4bc4/RapidminerRepo/OutlierEvaluationV2/non_separated/pre_pro_pca_f/oacode_lof.rmp,https://api.github.com/repos/dice89/master-thesis/git/blobs/5d66b1206ce127f6ee6ca586669973a843d5cd06,https://github.com/dice89/master-thesis/blob/57820eac12fcb816c594ae14412d74bb737a4bc4/RapidminerRepo/OutlierEvaluationV2/non_separated/pre_pro_pca_f/oacode_lof.rmp,RapidminerRepo/OutlierEvaluationV2/non_separated/pre_pro_pca_f/oacode_lof.rmp,file,Groff,2014-11-18 10:50:24,2015-04-29 22:24:48,dice89/master-thesis,read_csv,csv_file,/Users/mueller/Documents/master-thesis/ontologymatcher/matchings/cmt-confOf_raw_matchings.csv
https://github.com/dice89/master-thesis/blob/57820eac12fcb816c594ae14412d74bb737a4bc4/RapidminerRepo/OutlierEvaluationV2/non_separated/pre_pro_pca_f/oacode_loop.rmp,https://raw.githubusercontent.com/dice89/master-thesis/57820eac12fcb816c594ae14412d74bb737a4bc4/RapidminerRepo/OutlierEvaluationV2/non_separated/pre_pro_pca_f/oacode_loop.rmp,https://api.github.com/repos/dice89/master-thesis/git/blobs/cb4dc43df97cb5462862f4a4611578dced6519ca,https://github.com/dice89/master-thesis/blob/57820eac12fcb816c594ae14412d74bb737a4bc4/RapidminerRepo/OutlierEvaluationV2/non_separated/pre_pro_pca_f/oacode_loop.rmp,RapidminerRepo/OutlierEvaluationV2/non_separated/pre_pro_pca_f/oacode_loop.rmp,file,Groff,2014-11-18 10:50:24,2015-04-29 22:24:48,dice89/master-thesis,read_csv,csv_file,/Users/mueller/Documents/master-thesis/ontologymatcher/matchings/cmt-confOf_raw_matchings.csv
https://github.com/dice89/master-thesis/blob/57820eac12fcb816c594ae14412d74bb737a4bc4/RapidminerRepo/OutlierEvaluationV2/non_separated/pre_pro_pca_v/oacode_lof.rmp,https://raw.githubusercontent.com/dice89/master-thesis/57820eac12fcb816c594ae14412d74bb737a4bc4/RapidminerRepo/OutlierEvaluationV2/non_separated/pre_pro_pca_v/oacode_lof.rmp,https://api.github.com/repos/dice89/master-thesis/git/blobs/c34f44971ad4747b9a9821822abe98c52fed1e42,https://github.com/dice89/master-thesis/blob/57820eac12fcb816c594ae14412d74bb737a4bc4/RapidminerRepo/OutlierEvaluationV2/non_separated/pre_pro_pca_v/oacode_lof.rmp,RapidminerRepo/OutlierEvaluationV2/non_separated/pre_pro_pca_v/oacode_lof.rmp,file,Groff,2014-11-18 10:50:24,2015-04-29 22:24:48,dice89/master-thesis,read_csv,csv_file,/Users/mueller/Documents/master-thesis/ontologymatcher/matchings/cmt-confOf_raw_matchings.csv
https://github.com/dice89/master-thesis/blob/57820eac12fcb816c594ae14412d74bb737a4bc4/RapidminerRepo/OutlierEvaluationV2/non_separated/pre_pro_pca_v/oacode_knn.rmp,https://raw.githubusercontent.com/dice89/master-thesis/57820eac12fcb816c594ae14412d74bb737a4bc4/RapidminerRepo/OutlierEvaluationV2/non_separated/pre_pro_pca_v/oacode_knn.rmp,https://api.github.com/repos/dice89/master-thesis/git/blobs/794cf8f975e2a47efc675f0601cd78bc25585eaa,https://github.com/dice89/master-thesis/blob/57820eac12fcb816c594ae14412d74bb737a4bc4/RapidminerRepo/OutlierEvaluationV2/non_separated/pre_pro_pca_v/oacode_knn.rmp,RapidminerRepo/OutlierEvaluationV2/non_separated/pre_pro_pca_v/oacode_knn.rmp,file,Groff,2014-11-18 10:50:24,2015-04-29 22:24:48,dice89/master-thesis,read_csv,csv_file,/Users/mueller/Documents/master-thesis/ontologymatcher/matchings/cmt-confOf_raw_matchings.csv
https://github.com/dice89/master-thesis/blob/57820eac12fcb816c594ae14412d74bb737a4bc4/RapidminerRepo/OutlierEvaluationV2/non_separated/pre_pro_remove_corr/oacode_ldcof_x_means.rmp,https://raw.githubusercontent.com/dice89/master-thesis/57820eac12fcb816c594ae14412d74bb737a4bc4/RapidminerRepo/OutlierEvaluationV2/non_separated/pre_pro_remove_corr/oacode_ldcof_x_means.rmp,https://api.github.com/repos/dice89/master-thesis/git/blobs/c3c6443bda6c882b4e9636c05b7845835413857f,https://github.com/dice89/master-thesis/blob/57820eac12fcb816c594ae14412d74bb737a4bc4/RapidminerRepo/OutlierEvaluationV2/non_separated/pre_pro_remove_corr/oacode_ldcof_x_means.rmp,RapidminerRepo/OutlierEvaluationV2/non_separated/pre_pro_remove_corr/oacode_ldcof_x_means.rmp,file,Groff,2014-11-18 10:50:24,2015-04-29 22:24:48,dice89/master-thesis,read_csv,csv_file,/Users/mueller/Documents/master-thesis/ontologymatcher/matchings/cmt-confOf_raw_matchings.csv
https://github.com/dice89/master-thesis/blob/57820eac12fcb816c594ae14412d74bb737a4bc4/RapidminerRepo/OutlierEvaluationV2/non_separated/pre_pro_remove_corr/oacode_knn_2.rmp,https://raw.githubusercontent.com/dice89/master-thesis/57820eac12fcb816c594ae14412d74bb737a4bc4/RapidminerRepo/OutlierEvaluationV2/non_separated/pre_pro_remove_corr/oacode_knn_2.rmp,https://api.github.com/repos/dice89/master-thesis/git/blobs/a4a075d41f99d28f1fad2c4782be0f78d8227e10,https://github.com/dice89/master-thesis/blob/57820eac12fcb816c594ae14412d74bb737a4bc4/RapidminerRepo/OutlierEvaluationV2/non_separated/pre_pro_remove_corr/oacode_knn_2.rmp,RapidminerRepo/OutlierEvaluationV2/non_separated/pre_pro_remove_corr/oacode_knn_2.rmp,file,Groff,2014-11-18 10:50:24,2015-04-29 22:24:48,dice89/master-thesis,read_csv,csv_file,/Users/mueller/Documents/master-thesis/ontologymatcher/matchings/conference/matchings/cmt-conference_raw_matchings.csv
https://github.com/dice89/master-thesis/blob/57820eac12fcb816c594ae14412d74bb737a4bc4/RapidminerRepo/OutlierEvaluationV2/non_separated/pre_pro_remove_corr/oacode_knn.rmp,https://raw.githubusercontent.com/dice89/master-thesis/57820eac12fcb816c594ae14412d74bb737a4bc4/RapidminerRepo/OutlierEvaluationV2/non_separated/pre_pro_remove_corr/oacode_knn.rmp,https://api.github.com/repos/dice89/master-thesis/git/blobs/fd4884cd2f59026f03b999706123feeae24b2d31,https://github.com/dice89/master-thesis/blob/57820eac12fcb816c594ae14412d74bb737a4bc4/RapidminerRepo/OutlierEvaluationV2/non_separated/pre_pro_remove_corr/oacode_knn.rmp,RapidminerRepo/OutlierEvaluationV2/non_separated/pre_pro_remove_corr/oacode_knn.rmp,file,Groff,2014-11-18 10:50:24,2015-04-29 22:24:48,dice89/master-thesis,read_csv,csv_file,/Users/mueller/Documents/master-thesis/ontologymatcher/matchings/conference/matchings/conference-confOf_raw_matchings.csv
https://github.com/dice89/master-thesis/blob/57820eac12fcb816c594ae14412d74bb737a4bc4/RapidminerRepo/OutlierEvaluationV2/non_separated/pre_pro_remove_corr/oacode_lof_regular.rmp,https://raw.githubusercontent.com/dice89/master-thesis/57820eac12fcb816c594ae14412d74bb737a4bc4/RapidminerRepo/OutlierEvaluationV2/non_separated/pre_pro_remove_corr/oacode_lof_regular.rmp,https://api.github.com/repos/dice89/master-thesis/git/blobs/e98b92c1cae2c4caafd3649353ac576575211d43,https://github.com/dice89/master-thesis/blob/57820eac12fcb816c594ae14412d74bb737a4bc4/RapidminerRepo/OutlierEvaluationV2/non_separated/pre_pro_remove_corr/oacode_lof_regular.rmp,RapidminerRepo/OutlierEvaluationV2/non_separated/pre_pro_remove_corr/oacode_lof_regular.rmp,file,Groff,2014-11-18 10:50:24,2015-04-29 22:24:48,dice89/master-thesis,read_csv,csv_file,/Users/mueller/Documents/master-thesis/ontologymatcher/matchings/cmt-confOf_raw_matchings.csv
https://github.com/dice89/master-thesis/blob/57820eac12fcb816c594ae14412d74bb737a4bc4/RapidminerRepo/OutlierEvaluationV2/non_separated/pre_pro_pca_v/oacode_rll_iso.rmp,https://raw.githubusercontent.com/dice89/master-thesis/57820eac12fcb816c594ae14412d74bb737a4bc4/RapidminerRepo/OutlierEvaluationV2/non_separated/pre_pro_pca_v/oacode_rll_iso.rmp,https://api.github.com/repos/dice89/master-thesis/git/blobs/17505ec09c30b96472462a6e2952e38eaf056365,https://github.com/dice89/master-thesis/blob/57820eac12fcb816c594ae14412d74bb737a4bc4/RapidminerRepo/OutlierEvaluationV2/non_separated/pre_pro_pca_v/oacode_rll_iso.rmp,RapidminerRepo/OutlierEvaluationV2/non_separated/pre_pro_pca_v/oacode_rll_iso.rmp,file,Groff,2014-11-18 10:50:24,2015-04-29 22:24:48,dice89/master-thesis,read_csv,csv_file,/Users/mueller/Documents/master-thesis/ontologymatcher/matchings/cmt-confOf_raw_matchings.csv
https://github.com/dice89/master-thesis/blob/57820eac12fcb816c594ae14412d74bb737a4bc4/RapidminerRepo/OutlierEvaluationV2/non_separated/pre_pro_pca_v/oacode_rll_m5p.rmp,https://raw.githubusercontent.com/dice89/master-thesis/57820eac12fcb816c594ae14412d74bb737a4bc4/RapidminerRepo/OutlierEvaluationV2/non_separated/pre_pro_pca_v/oacode_rll_m5p.rmp,https://api.github.com/repos/dice89/master-thesis/git/blobs/fb7a554d1fbf3752d75cce1ecdcad500dfc1b500,https://github.com/dice89/master-thesis/blob/57820eac12fcb816c594ae14412d74bb737a4bc4/RapidminerRepo/OutlierEvaluationV2/non_separated/pre_pro_pca_v/oacode_rll_m5p.rmp,RapidminerRepo/OutlierEvaluationV2/non_separated/pre_pro_pca_v/oacode_rll_m5p.rmp,file,Groff,2014-11-18 10:50:24,2015-04-29 22:24:48,dice89/master-thesis,read_csv,csv_file,/Users/mueller/Documents/master-thesis/ontologymatcher/matchings/cmt-confOf_raw_matchings.csv
https://github.com/dice89/master-thesis/blob/57820eac12fcb816c594ae14412d74bb737a4bc4/RapidminerRepo/OutlierEvaluationV2/non_separated/pre_pro_pca_v/oacode_lof_regular.rmp,https://raw.githubusercontent.com/dice89/master-thesis/57820eac12fcb816c594ae14412d74bb737a4bc4/RapidminerRepo/OutlierEvaluationV2/non_separated/pre_pro_pca_v/oacode_lof_regular.rmp,https://api.github.com/repos/dice89/master-thesis/git/blobs/78f6df183b04d3c21b1b749063171738a8465627,https://github.com/dice89/master-thesis/blob/57820eac12fcb816c594ae14412d74bb737a4bc4/RapidminerRepo/OutlierEvaluationV2/non_separated/pre_pro_pca_v/oacode_lof_regular.rmp,RapidminerRepo/OutlierEvaluationV2/non_separated/pre_pro_pca_v/oacode_lof_regular.rmp,file,Groff,2014-11-18 10:50:24,2015-04-29 22:24:48,dice89/master-thesis,read_csv,csv_file,/Users/mueller/Documents/master-thesis/ontologymatcher/matchings/cmt-confOf_raw_matchings.csv
https://github.com/dice89/master-thesis/blob/57820eac12fcb816c594ae14412d74bb737a4bc4/RapidminerRepo/OutlierEvaluationV2/non_separated/pre_pro_remove_corr/oacode_lof.rmp,https://raw.githubusercontent.com/dice89/master-thesis/57820eac12fcb816c594ae14412d74bb737a4bc4/RapidminerRepo/OutlierEvaluationV2/non_separated/pre_pro_remove_corr/oacode_lof.rmp,https://api.github.com/repos/dice89/master-thesis/git/blobs/cb828a8e8fc906a0422665049eb6872258df3dd5,https://github.com/dice89/master-thesis/blob/57820eac12fcb816c594ae14412d74bb737a4bc4/RapidminerRepo/OutlierEvaluationV2/non_separated/pre_pro_remove_corr/oacode_lof.rmp,RapidminerRepo/OutlierEvaluationV2/non_separated/pre_pro_remove_corr/oacode_lof.rmp,file,Groff,2014-11-18 10:50:24,2015-04-29 22:24:48,dice89/master-thesis,read_csv,csv_file,/Users/mueller/Documents/master-thesis/ontologymatcher/matchings/cmt-confOf_raw_matchings.csv
https://github.com/dice89/master-thesis/blob/57820eac12fcb816c594ae14412d74bb737a4bc4/RapidminerRepo/OutlierEvaluationV2/non_separated/pre_pro_pca_v/oacode_rnn.rmp,https://raw.githubusercontent.com/dice89/master-thesis/57820eac12fcb816c594ae14412d74bb737a4bc4/RapidminerRepo/OutlierEvaluationV2/non_separated/pre_pro_pca_v/oacode_rnn.rmp,https://api.github.com/repos/dice89/master-thesis/git/blobs/33aca077f1f8d962327515b883c2f44293feb33f,https://github.com/dice89/master-thesis/blob/57820eac12fcb816c594ae14412d74bb737a4bc4/RapidminerRepo/OutlierEvaluationV2/non_separated/pre_pro_pca_v/oacode_rnn.rmp,RapidminerRepo/OutlierEvaluationV2/non_separated/pre_pro_pca_v/oacode_rnn.rmp,file,Groff,2014-11-18 10:50:24,2015-04-29 22:24:48,dice89/master-thesis,read_csv,csv_file,/Users/mueller/Documents/master-thesis/ontologymatcher/matchings/conference/matchings/confOf-ekaw_raw_matchings.csv
https://github.com/dice89/master-thesis/blob/57820eac12fcb816c594ae14412d74bb737a4bc4/RapidminerRepo/OutlierEvaluationV2/non_separated/pre_pro_pca_v/oacode_loop.rmp,https://raw.githubusercontent.com/dice89/master-thesis/57820eac12fcb816c594ae14412d74bb737a4bc4/RapidminerRepo/OutlierEvaluationV2/non_separated/pre_pro_pca_v/oacode_loop.rmp,https://api.github.com/repos/dice89/master-thesis/git/blobs/d844f75d54b655ca1139c2926f21772662adef9d,https://github.com/dice89/master-thesis/blob/57820eac12fcb816c594ae14412d74bb737a4bc4/RapidminerRepo/OutlierEvaluationV2/non_separated/pre_pro_pca_v/oacode_loop.rmp,RapidminerRepo/OutlierEvaluationV2/non_separated/pre_pro_pca_v/oacode_loop.rmp,file,Groff,2014-11-18 10:50:24,2015-04-29 22:24:48,dice89/master-thesis,read_csv,csv_file,/Users/mueller/Documents/master-thesis/ontologymatcher/matchings/cmt-confOf_raw_matchings.csv
https://github.com/dice89/master-thesis/blob/57820eac12fcb816c594ae14412d74bb737a4bc4/RapidminerRepo/OutlierEvaluationV2/non_separated/pre_pro_remove_corr/oacode_knn_backup.rmp,https://raw.githubusercontent.com/dice89/master-thesis/57820eac12fcb816c594ae14412d74bb737a4bc4/RapidminerRepo/OutlierEvaluationV2/non_separated/pre_pro_remove_corr/oacode_knn_backup.rmp,https://api.github.com/repos/dice89/master-thesis/git/blobs/2fee1296fa838889ca282661d5411304c54b08ae,https://github.com/dice89/master-thesis/blob/57820eac12fcb816c594ae14412d74bb737a4bc4/RapidminerRepo/OutlierEvaluationV2/non_separated/pre_pro_remove_corr/oacode_knn_backup.rmp,RapidminerRepo/OutlierEvaluationV2/non_separated/pre_pro_remove_corr/oacode_knn_backup.rmp,file,Groff,2014-11-18 10:50:24,2015-04-29 22:24:48,dice89/master-thesis,read_csv,csv_file,/Users/mueller/Documents/master-thesis/ontologymatcher/matchings/conference/matchings/cmt-conference_raw_matchings.csv
https://github.com/dice89/master-thesis/blob/57820eac12fcb816c594ae14412d74bb737a4bc4/RapidminerRepo/OutlierEvaluationV2/separated/pre_pro_pca_f/oacode_cblof_unweighted_regular_x_means.rmp,https://raw.githubusercontent.com/dice89/master-thesis/57820eac12fcb816c594ae14412d74bb737a4bc4/RapidminerRepo/OutlierEvaluationV2/separated/pre_pro_pca_f/oacode_cblof_unweighted_regular_x_means.rmp,https://api.github.com/repos/dice89/master-thesis/git/blobs/cdf4f581ec6aa417efdae1546aa30f2ccffa8f12,https://github.com/dice89/master-thesis/blob/57820eac12fcb816c594ae14412d74bb737a4bc4/RapidminerRepo/OutlierEvaluationV2/separated/pre_pro_pca_f/oacode_cblof_unweighted_regular_x_means.rmp,RapidminerRepo/OutlierEvaluationV2/separated/pre_pro_pca_f/oacode_cblof_unweighted_regular_x_means.rmp,file,Groff,2014-11-18 10:50:24,2015-04-29 22:24:48,dice89/master-thesis,read_csv,csv_file,/Users/mueller/Documents/master-thesis/ontologymatcher/matchings/cmt-confOf_raw_matchings.csv
https://github.com/dice89/master-thesis/blob/57820eac12fcb816c594ae14412d74bb737a4bc4/RapidminerRepo/OutlierEvaluationV2/separated/pre_pro_pca_f/oacode_ldcof_regular_db_scan.rmp,https://raw.githubusercontent.com/dice89/master-thesis/57820eac12fcb816c594ae14412d74bb737a4bc4/RapidminerRepo/OutlierEvaluationV2/separated/pre_pro_pca_f/oacode_ldcof_regular_db_scan.rmp,https://api.github.com/repos/dice89/master-thesis/git/blobs/45fdc5c67b8b85a6cbaf4df857e461d4827164a0,https://github.com/dice89/master-thesis/blob/57820eac12fcb816c594ae14412d74bb737a4bc4/RapidminerRepo/OutlierEvaluationV2/separated/pre_pro_pca_f/oacode_ldcof_regular_db_scan.rmp,RapidminerRepo/OutlierEvaluationV2/separated/pre_pro_pca_f/oacode_ldcof_regular_db_scan.rmp,file,Groff,2014-11-18 10:50:24,2015-04-29 22:24:48,dice89/master-thesis,read_csv,csv_file,/Users/mueller/Documents/master-thesis/ontologymatcher/matchings/cmt-confOf_raw_matchings.csv
https://github.com/dice89/master-thesis/blob/57820eac12fcb816c594ae14412d74bb737a4bc4/RapidminerRepo/OutlierEvaluationV2/separated/pre_pro_pca_f/oacode_ldcof_regular_x_means.rmp,https://raw.githubusercontent.com/dice89/master-thesis/57820eac12fcb816c594ae14412d74bb737a4bc4/RapidminerRepo/OutlierEvaluationV2/separated/pre_pro_pca_f/oacode_ldcof_regular_x_means.rmp,https://api.github.com/repos/dice89/master-thesis/git/blobs/e315830b8cb4482cb978dfa084bf252f63d171c5,https://github.com/dice89/master-thesis/blob/57820eac12fcb816c594ae14412d74bb737a4bc4/RapidminerRepo/OutlierEvaluationV2/separated/pre_pro_pca_f/oacode_ldcof_regular_x_means.rmp,RapidminerRepo/OutlierEvaluationV2/separated/pre_pro_pca_f/oacode_ldcof_regular_x_means.rmp,file,Groff,2014-11-18 10:50:24,2015-04-29 22:24:48,dice89/master-thesis,read_csv,csv_file,/Users/mueller/Documents/master-thesis/ontologymatcher/matchings/cmt-confOf_raw_matchings.csv
https://github.com/dice89/master-thesis/blob/57820eac12fcb816c594ae14412d74bb737a4bc4/RapidminerRepo/OutlierEvaluationV2/separated/pre_pro_pca_f/oacode_cblof_unweighted_x_means.rmp,https://raw.githubusercontent.com/dice89/master-thesis/57820eac12fcb816c594ae14412d74bb737a4bc4/RapidminerRepo/OutlierEvaluationV2/separated/pre_pro_pca_f/oacode_cblof_unweighted_x_means.rmp,https://api.github.com/repos/dice89/master-thesis/git/blobs/dee198659d5be388b37f8148e922bb61232e3532,https://github.com/dice89/master-thesis/blob/57820eac12fcb816c594ae14412d74bb737a4bc4/RapidminerRepo/OutlierEvaluationV2/separated/pre_pro_pca_f/oacode_cblof_unweighted_x_means.rmp,RapidminerRepo/OutlierEvaluationV2/separated/pre_pro_pca_f/oacode_cblof_unweighted_x_means.rmp,file,Groff,2014-11-18 10:50:24,2015-04-29 22:24:48,dice89/master-thesis,read_csv,csv_file,/Users/mueller/Documents/master-thesis/ontologymatcher/matchings/cmt-confOf_raw_matchings.csv
https://github.com/dice89/master-thesis/blob/57820eac12fcb816c594ae14412d74bb737a4bc4/RapidminerRepo/OutlierEvaluationV2/separated/pre_pro_pca_f/oacode_cblof_unweighted_regular_db_scan.rmp,https://raw.githubusercontent.com/dice89/master-thesis/57820eac12fcb816c594ae14412d74bb737a4bc4/RapidminerRepo/OutlierEvaluationV2/separated/pre_pro_pca_f/oacode_cblof_unweighted_regular_db_scan.rmp,https://api.github.com/repos/dice89/master-thesis/git/blobs/05ea4f6eba40331446dddf5fb81c82c4902c19c1,https://github.com/dice89/master-thesis/blob/57820eac12fcb816c594ae14412d74bb737a4bc4/RapidminerRepo/OutlierEvaluationV2/separated/pre_pro_pca_f/oacode_cblof_unweighted_regular_db_scan.rmp,RapidminerRepo/OutlierEvaluationV2/separated/pre_pro_pca_f/oacode_cblof_unweighted_regular_db_scan.rmp,file,Groff,2014-11-18 10:50:24,2015-04-29 22:24:48,dice89/master-thesis,read_csv,csv_file,/Users/mueller/Documents/master-thesis/ontologymatcher/matchings/benchmarks/matchings/101-254-2_raw_matchings.csv
https://github.com/dice89/master-thesis/blob/57820eac12fcb816c594ae14412d74bb737a4bc4/RapidminerRepo/OutlierEvaluationV2/non_separated/pre_pro_remove_corr/oacode_rll_iso.rmp,https://raw.githubusercontent.com/dice89/master-thesis/57820eac12fcb816c594ae14412d74bb737a4bc4/RapidminerRepo/OutlierEvaluationV2/non_separated/pre_pro_remove_corr/oacode_rll_iso.rmp,https://api.github.com/repos/dice89/master-thesis/git/blobs/230c4c381d4eb85fd66dfc282482016f0cd995fc,https://github.com/dice89/master-thesis/blob/57820eac12fcb816c594ae14412d74bb737a4bc4/RapidminerRepo/OutlierEvaluationV2/non_separated/pre_pro_remove_corr/oacode_rll_iso.rmp,RapidminerRepo/OutlierEvaluationV2/non_separated/pre_pro_remove_corr/oacode_rll_iso.rmp,file,Groff,2014-11-18 10:50:24,2015-04-29 22:24:48,dice89/master-thesis,read_csv,csv_file,/Users/mueller/Documents/master-thesis/ontologymatcher/matchings/cmt-confOf_raw_matchings.csv
https://github.com/dice89/master-thesis/blob/57820eac12fcb816c594ae14412d74bb737a4bc4/RapidminerRepo/OutlierEvaluationV2/non_separated/pre_pro_remove_corr/oacode_rll_m5p.rmp,https://raw.githubusercontent.com/dice89/master-thesis/57820eac12fcb816c594ae14412d74bb737a4bc4/RapidminerRepo/OutlierEvaluationV2/non_separated/pre_pro_remove_corr/oacode_rll_m5p.rmp,https://api.github.com/repos/dice89/master-thesis/git/blobs/668597ff20d5bad4f2e0ede588996a7da5fb4bb4,https://github.com/dice89/master-thesis/blob/57820eac12fcb816c594ae14412d74bb737a4bc4/RapidminerRepo/OutlierEvaluationV2/non_separated/pre_pro_remove_corr/oacode_rll_m5p.rmp,RapidminerRepo/OutlierEvaluationV2/non_separated/pre_pro_remove_corr/oacode_rll_m5p.rmp,file,Groff,2014-11-18 10:50:24,2015-04-29 22:24:48,dice89/master-thesis,read_csv,csv_file,/Users/mueller/Documents/master-thesis/ontologymatcher/matchings/cmt-confOf_raw_matchings.csv
https://github.com/dice89/master-thesis/blob/57820eac12fcb816c594ae14412d74bb737a4bc4/RapidminerRepo/OutlierEvaluationV2/non_separated/pre_pro_remove_corr/oacode_rnn.rmp,https://raw.githubusercontent.com/dice89/master-thesis/57820eac12fcb816c594ae14412d74bb737a4bc4/RapidminerRepo/OutlierEvaluationV2/non_separated/pre_pro_remove_corr/oacode_rnn.rmp,https://api.github.com/repos/dice89/master-thesis/git/blobs/bbbdeeb247dde7d97db1a7df927446ecb09dfc4c,https://github.com/dice89/master-thesis/blob/57820eac12fcb816c594ae14412d74bb737a4bc4/RapidminerRepo/OutlierEvaluationV2/non_separated/pre_pro_remove_corr/oacode_rnn.rmp,RapidminerRepo/OutlierEvaluationV2/non_separated/pre_pro_remove_corr/oacode_rnn.rmp,file,Groff,2014-11-18 10:50:24,2015-04-29 22:24:48,dice89/master-thesis,read_csv,csv_file,/Users/mueller/Documents/master-thesis/ontologymatcher/matchings/conference/matchings/cmt-confOf_raw_matchings.csv
https://github.com/dice89/master-thesis/blob/57820eac12fcb816c594ae14412d74bb737a4bc4/RapidminerRepo/OutlierEvaluationV2/non_separated/pre_pro_remove_corr/oacode_loop.rmp,https://raw.githubusercontent.com/dice89/master-thesis/57820eac12fcb816c594ae14412d74bb737a4bc4/RapidminerRepo/OutlierEvaluationV2/non_separated/pre_pro_remove_corr/oacode_loop.rmp,https://api.github.com/repos/dice89/master-thesis/git/blobs/b4bbddc812edada8cf475726346f9f958bcf6d8f,https://github.com/dice89/master-thesis/blob/57820eac12fcb816c594ae14412d74bb737a4bc4/RapidminerRepo/OutlierEvaluationV2/non_separated/pre_pro_remove_corr/oacode_loop.rmp,RapidminerRepo/OutlierEvaluationV2/non_separated/pre_pro_remove_corr/oacode_loop.rmp,file,Groff,2014-11-18 10:50:24,2015-04-29 22:24:48,dice89/master-thesis,read_csv,csv_file,/Users/mueller/Documents/master-thesis/ontologymatcher/matchings/cmt-confOf_raw_matchings.csv
https://github.com/dice89/master-thesis/blob/57820eac12fcb816c594ae14412d74bb737a4bc4/RapidminerRepo/OutlierEvaluationV2/separated/pre_pro_pca_f/oacode_knn.rmp,https://raw.githubusercontent.com/dice89/master-thesis/57820eac12fcb816c594ae14412d74bb737a4bc4/RapidminerRepo/OutlierEvaluationV2/separated/pre_pro_pca_f/oacode_knn.rmp,https://api.github.com/repos/dice89/master-thesis/git/blobs/b60de3107f40d8e2da319cc39ad16fdec9399782,https://github.com/dice89/master-thesis/blob/57820eac12fcb816c594ae14412d74bb737a4bc4/RapidminerRepo/OutlierEvaluationV2/separated/pre_pro_pca_f/oacode_knn.rmp,RapidminerRepo/OutlierEvaluationV2/separated/pre_pro_pca_f/oacode_knn.rmp,file,Groff,2014-11-18 10:50:24,2015-04-29 22:24:48,dice89/master-thesis,read_csv,csv_file,/Users/mueller/Documents/master-thesis/ontologymatcher/matchings/conference/matchings/cmt-conference_raw_matchings.csv
https://github.com/dice89/master-thesis/blob/57820eac12fcb816c594ae14412d74bb737a4bc4/RapidminerRepo/OutlierEvaluationV2/separated/pre_pro_pca_f/oacode_rnn.rmp,https://raw.githubusercontent.com/dice89/master-thesis/57820eac12fcb816c594ae14412d74bb737a4bc4/RapidminerRepo/OutlierEvaluationV2/separated/pre_pro_pca_f/oacode_rnn.rmp,https://api.github.com/repos/dice89/master-thesis/git/blobs/4dba3925c5fb02019bb6d838645671fe21b79b87,https://github.com/dice89/master-thesis/blob/57820eac12fcb816c594ae14412d74bb737a4bc4/RapidminerRepo/OutlierEvaluationV2/separated/pre_pro_pca_f/oacode_rnn.rmp,RapidminerRepo/OutlierEvaluationV2/separated/pre_pro_pca_f/oacode_rnn.rmp,file,Groff,2014-11-18 10:50:24,2015-04-29 22:24:48,dice89/master-thesis,read_csv,csv_file,/Users/mueller/Documents/master-thesis/ontologymatcher/matchings/conference/matchings/cmt-confOf_raw_matchings.csv
https://github.com/dice89/master-thesis/blob/57820eac12fcb816c594ae14412d74bb737a4bc4/RapidminerRepo/OutlierEvaluationV2/separated/pre_pro_pca_f/oacode_ldcof_x_means.rmp,https://raw.githubusercontent.com/dice89/master-thesis/57820eac12fcb816c594ae14412d74bb737a4bc4/RapidminerRepo/OutlierEvaluationV2/separated/pre_pro_pca_f/oacode_ldcof_x_means.rmp,https://api.github.com/repos/dice89/master-thesis/git/blobs/2e1e3079fabf02965cc298a44ddb9dac82342432,https://github.com/dice89/master-thesis/blob/57820eac12fcb816c594ae14412d74bb737a4bc4/RapidminerRepo/OutlierEvaluationV2/separated/pre_pro_pca_f/oacode_ldcof_x_means.rmp,RapidminerRepo/OutlierEvaluationV2/separated/pre_pro_pca_f/oacode_ldcof_x_means.rmp,file,Groff,2014-11-18 10:50:24,2015-04-29 22:24:48,dice89/master-thesis,read_csv,csv_file,/Users/mueller/Documents/master-thesis/ontologymatcher/matchings/cmt-confOf_raw_matchings.csv
https://github.com/dice89/master-thesis/blob/57820eac12fcb816c594ae14412d74bb737a4bc4/RapidminerRepo/OutlierEvaluationV2/separated/pre_pro_pca_v/oacode_cblof_unweighted_x_means.rmp,https://raw.githubusercontent.com/dice89/master-thesis/57820eac12fcb816c594ae14412d74bb737a4bc4/RapidminerRepo/OutlierEvaluationV2/separated/pre_pro_pca_v/oacode_cblof_unweighted_x_means.rmp,https://api.github.com/repos/dice89/master-thesis/git/blobs/8cc44d0195d86ace3c5b3a31f57f3afb482475e8,https://github.com/dice89/master-thesis/blob/57820eac12fcb816c594ae14412d74bb737a4bc4/RapidminerRepo/OutlierEvaluationV2/separated/pre_pro_pca_v/oacode_cblof_unweighted_x_means.rmp,RapidminerRepo/OutlierEvaluationV2/separated/pre_pro_pca_v/oacode_cblof_unweighted_x_means.rmp,file,Groff,2014-11-18 10:50:24,2015-04-29 22:24:48,dice89/master-thesis,read_csv,csv_file,/Users/mueller/Documents/master-thesis/ontologymatcher/matchings/cmt-confOf_raw_matchings.csv
https://github.com/dice89/master-thesis/blob/57820eac12fcb816c594ae14412d74bb737a4bc4/RapidminerRepo/OutlierEvaluationV2/separated/pre_pro_pca_v/oacode_cblof_unweighted_regular_x_means.rmp,https://raw.githubusercontent.com/dice89/master-thesis/57820eac12fcb816c594ae14412d74bb737a4bc4/RapidminerRepo/OutlierEvaluationV2/separated/pre_pro_pca_v/oacode_cblof_unweighted_regular_x_means.rmp,https://api.github.com/repos/dice89/master-thesis/git/blobs/ec164023982015471ae3a8caff7cb02d01de91df,https://github.com/dice89/master-thesis/blob/57820eac12fcb816c594ae14412d74bb737a4bc4/RapidminerRepo/OutlierEvaluationV2/separated/pre_pro_pca_v/oacode_cblof_unweighted_regular_x_means.rmp,RapidminerRepo/OutlierEvaluationV2/separated/pre_pro_pca_v/oacode_cblof_unweighted_regular_x_means.rmp,file,Groff,2014-11-18 10:50:24,2015-04-29 22:24:48,dice89/master-thesis,read_csv,csv_file,/Users/mueller/Documents/master-thesis/ontologymatcher/matchings/anatomy/matchings/mouse-human_raw_matchings.csv
https://github.com/dice89/master-thesis/blob/57820eac12fcb816c594ae14412d74bb737a4bc4/RapidminerRepo/OutlierEvaluationV2/separated/pre_pro_pca_f/oacode_rll_iso.rmp,https://raw.githubusercontent.com/dice89/master-thesis/57820eac12fcb816c594ae14412d74bb737a4bc4/RapidminerRepo/OutlierEvaluationV2/separated/pre_pro_pca_f/oacode_rll_iso.rmp,https://api.github.com/repos/dice89/master-thesis/git/blobs/c136a5c98a3ec31db9fe79a737badc1e55f03d4b,https://github.com/dice89/master-thesis/blob/57820eac12fcb816c594ae14412d74bb737a4bc4/RapidminerRepo/OutlierEvaluationV2/separated/pre_pro_pca_f/oacode_rll_iso.rmp,RapidminerRepo/OutlierEvaluationV2/separated/pre_pro_pca_f/oacode_rll_iso.rmp,file,Groff,2014-11-18 10:50:24,2015-04-29 22:24:48,dice89/master-thesis,read_csv,csv_file,/Users/mueller/Documents/master-thesis/ontologymatcher/matchings/cmt-confOf_raw_matchings.csv
https://github.com/dice89/master-thesis/blob/57820eac12fcb816c594ae14412d74bb737a4bc4/RapidminerRepo/OutlierEvaluationV2/separated/pre_pro_pca_f/oacode_rll_m5p.rmp,https://raw.githubusercontent.com/dice89/master-thesis/57820eac12fcb816c594ae14412d74bb737a4bc4/RapidminerRepo/OutlierEvaluationV2/separated/pre_pro_pca_f/oacode_rll_m5p.rmp,https://api.github.com/repos/dice89/master-thesis/git/blobs/daa41642867b1f8ce937f456533f24a7fd3e8ed5,https://github.com/dice89/master-thesis/blob/57820eac12fcb816c594ae14412d74bb737a4bc4/RapidminerRepo/OutlierEvaluationV2/separated/pre_pro_pca_f/oacode_rll_m5p.rmp,RapidminerRepo/OutlierEvaluationV2/separated/pre_pro_pca_f/oacode_rll_m5p.rmp,file,Groff,2014-11-18 10:50:24,2015-04-29 22:24:48,dice89/master-thesis,read_csv,csv_file,/Users/mueller/Documents/master-thesis/ontologymatcher/matchings/cmt-confOf_raw_matchings.csv
https://github.com/dice89/master-thesis/blob/57820eac12fcb816c594ae14412d74bb737a4bc4/RapidminerRepo/OutlierEvaluationV2/separated/pre_pro_pca_v/oacode_cblof_unweighted_regular_db_scan.rmp,https://raw.githubusercontent.com/dice89/master-thesis/57820eac12fcb816c594ae14412d74bb737a4bc4/RapidminerRepo/OutlierEvaluationV2/separated/pre_pro_pca_v/oacode_cblof_unweighted_regular_db_scan.rmp,https://api.github.com/repos/dice89/master-thesis/git/blobs/a701282562727418ec734bd165bcecd3c26b0742,https://github.com/dice89/master-thesis/blob/57820eac12fcb816c594ae14412d74bb737a4bc4/RapidminerRepo/OutlierEvaluationV2/separated/pre_pro_pca_v/oacode_cblof_unweighted_regular_db_scan.rmp,RapidminerRepo/OutlierEvaluationV2/separated/pre_pro_pca_v/oacode_cblof_unweighted_regular_db_scan.rmp,file,Groff,2014-11-18 10:50:24,2015-04-29 22:24:48,dice89/master-thesis,read_csv,csv_file,/Users/mueller/Documents/master-thesis/ontologymatcher/matchings/benchmarks/matchings/101-254-2_raw_matchings.csv
https://github.com/dice89/master-thesis/blob/57820eac12fcb816c594ae14412d74bb737a4bc4/RapidminerRepo/OutlierEvaluationV2/separated/pre_pro_pca_f/oacode_lof_regular.rmp,https://raw.githubusercontent.com/dice89/master-thesis/57820eac12fcb816c594ae14412d74bb737a4bc4/RapidminerRepo/OutlierEvaluationV2/separated/pre_pro_pca_f/oacode_lof_regular.rmp,https://api.github.com/repos/dice89/master-thesis/git/blobs/946c6c7ee65c705316cbc7ee9b2bc81758e1b62e,https://github.com/dice89/master-thesis/blob/57820eac12fcb816c594ae14412d74bb737a4bc4/RapidminerRepo/OutlierEvaluationV2/separated/pre_pro_pca_f/oacode_lof_regular.rmp,RapidminerRepo/OutlierEvaluationV2/separated/pre_pro_pca_f/oacode_lof_regular.rmp,file,Groff,2014-11-18 10:50:24,2015-04-29 22:24:48,dice89/master-thesis,read_csv,csv_file,/Users/mueller/Documents/master-thesis/ontologymatcher/matchings/cmt-confOf_raw_matchings.csv
https://github.com/dice89/master-thesis/blob/57820eac12fcb816c594ae14412d74bb737a4bc4/RapidminerRepo/OutlierEvaluationV2/separated/pre_pro_pca_f/oacode_lof.rmp,https://raw.githubusercontent.com/dice89/master-thesis/57820eac12fcb816c594ae14412d74bb737a4bc4/RapidminerRepo/OutlierEvaluationV2/separated/pre_pro_pca_f/oacode_lof.rmp,https://api.github.com/repos/dice89/master-thesis/git/blobs/593dd639e7bef366c2e0b431dccab86e7750b862,https://github.com/dice89/master-thesis/blob/57820eac12fcb816c594ae14412d74bb737a4bc4/RapidminerRepo/OutlierEvaluationV2/separated/pre_pro_pca_f/oacode_lof.rmp,RapidminerRepo/OutlierEvaluationV2/separated/pre_pro_pca_f/oacode_lof.rmp,file,Groff,2014-11-18 10:50:24,2015-04-29 22:24:48,dice89/master-thesis,read_csv,csv_file,/Users/mueller/Documents/master-thesis/ontologymatcher/matchings/cmt-confOf_raw_matchings.csv
https://github.com/dice89/master-thesis/blob/57820eac12fcb816c594ae14412d74bb737a4bc4/RapidminerRepo/OutlierEvaluationV2/separated/pre_pro_pca_f/oacode_loop.rmp,https://raw.githubusercontent.com/dice89/master-thesis/57820eac12fcb816c594ae14412d74bb737a4bc4/RapidminerRepo/OutlierEvaluationV2/separated/pre_pro_pca_f/oacode_loop.rmp,https://api.github.com/repos/dice89/master-thesis/git/blobs/23b835a1cf18759de9ee38795b6676211911a083,https://github.com/dice89/master-thesis/blob/57820eac12fcb816c594ae14412d74bb737a4bc4/RapidminerRepo/OutlierEvaluationV2/separated/pre_pro_pca_f/oacode_loop.rmp,RapidminerRepo/OutlierEvaluationV2/separated/pre_pro_pca_f/oacode_loop.rmp,file,Groff,2014-11-18 10:50:24,2015-04-29 22:24:48,dice89/master-thesis,read_csv,csv_file,/Users/mueller/Documents/master-thesis/ontologymatcher/matchings/cmt-confOf_raw_matchings.csv
https://github.com/dice89/master-thesis/blob/57820eac12fcb816c594ae14412d74bb737a4bc4/RapidminerRepo/OutlierEvaluationV2/separated/pre_pro_pca_v/oacode_rnn.rmp,https://raw.githubusercontent.com/dice89/master-thesis/57820eac12fcb816c594ae14412d74bb737a4bc4/RapidminerRepo/OutlierEvaluationV2/separated/pre_pro_pca_v/oacode_rnn.rmp,https://api.github.com/repos/dice89/master-thesis/git/blobs/49cc0a23d5825501c57d82f7b274ca6797246b67,https://github.com/dice89/master-thesis/blob/57820eac12fcb816c594ae14412d74bb737a4bc4/RapidminerRepo/OutlierEvaluationV2/separated/pre_pro_pca_v/oacode_rnn.rmp,RapidminerRepo/OutlierEvaluationV2/separated/pre_pro_pca_v/oacode_rnn.rmp,file,Groff,2014-11-18 10:50:24,2015-04-29 22:24:48,dice89/master-thesis,read_csv,csv_file,/Users/mueller/Documents/master-thesis/ontologymatcher/matchings/conference/matchings/cmt-confOf_raw_matchings.csv
https://github.com/dice89/master-thesis/blob/57820eac12fcb816c594ae14412d74bb737a4bc4/RapidminerRepo/OutlierEvaluationV2/separated/pre_pro_pca_v/oacode_ldcof_regular_db_scan.rmp,https://raw.githubusercontent.com/dice89/master-thesis/57820eac12fcb816c594ae14412d74bb737a4bc4/RapidminerRepo/OutlierEvaluationV2/separated/pre_pro_pca_v/oacode_ldcof_regular_db_scan.rmp,https://api.github.com/repos/dice89/master-thesis/git/blobs/48d1a152520d6f09e3191d30fde1fad6de11778d,https://github.com/dice89/master-thesis/blob/57820eac12fcb816c594ae14412d74bb737a4bc4/RapidminerRepo/OutlierEvaluationV2/separated/pre_pro_pca_v/oacode_ldcof_regular_db_scan.rmp,RapidminerRepo/OutlierEvaluationV2/separated/pre_pro_pca_v/oacode_ldcof_regular_db_scan.rmp,file,Groff,2014-11-18 10:50:24,2015-04-29 22:24:48,dice89/master-thesis,read_csv,csv_file,/Users/mueller/Documents/master-thesis/ontologymatcher/matchings/cmt-confOf_raw_matchings.csv
https://github.com/dice89/master-thesis/blob/57820eac12fcb816c594ae14412d74bb737a4bc4/RapidminerRepo/OutlierEvaluationV2/separated/pre_pro_pca_v/oacode_ldcof_regular_x_means.rmp,https://raw.githubusercontent.com/dice89/master-thesis/57820eac12fcb816c594ae14412d74bb737a4bc4/RapidminerRepo/OutlierEvaluationV2/separated/pre_pro_pca_v/oacode_ldcof_regular_x_means.rmp,https://api.github.com/repos/dice89/master-thesis/git/blobs/45fb0d5adea409b15dba09a92fbb2096422aa156,https://github.com/dice89/master-thesis/blob/57820eac12fcb816c594ae14412d74bb737a4bc4/RapidminerRepo/OutlierEvaluationV2/separated/pre_pro_pca_v/oacode_ldcof_regular_x_means.rmp,RapidminerRepo/OutlierEvaluationV2/separated/pre_pro_pca_v/oacode_ldcof_regular_x_means.rmp,file,Groff,2014-11-18 10:50:24,2015-04-29 22:24:48,dice89/master-thesis,read_csv,csv_file,/Users/mueller/Documents/master-thesis/ontologymatcher/matchings/cmt-confOf_raw_matchings.csv
https://github.com/dice89/master-thesis/blob/57820eac12fcb816c594ae14412d74bb737a4bc4/RapidminerRepo/OutlierEvaluationV2/separated/pre_pro_pca_v/oacode_ldcof_x_means.rmp,https://raw.githubusercontent.com/dice89/master-thesis/57820eac12fcb816c594ae14412d74bb737a4bc4/RapidminerRepo/OutlierEvaluationV2/separated/pre_pro_pca_v/oacode_ldcof_x_means.rmp,https://api.github.com/repos/dice89/master-thesis/git/blobs/398a4fc7e9ce37d1ac1a62d5dd6a01ea0fa272ae,https://github.com/dice89/master-thesis/blob/57820eac12fcb816c594ae14412d74bb737a4bc4/RapidminerRepo/OutlierEvaluationV2/separated/pre_pro_pca_v/oacode_ldcof_x_means.rmp,RapidminerRepo/OutlierEvaluationV2/separated/pre_pro_pca_v/oacode_ldcof_x_means.rmp,file,Groff,2014-11-18 10:50:24,2015-04-29 22:24:48,dice89/master-thesis,read_csv,csv_file,/Users/mueller/Documents/master-thesis/ontologymatcher/matchings/cmt-confOf_raw_matchings.csv
https://github.com/dice89/master-thesis/blob/57820eac12fcb816c594ae14412d74bb737a4bc4/RapidminerRepo/OutlierEvaluationV2/separated/pre_pro_pca_v/oacode_rll_iso.rmp,https://raw.githubusercontent.com/dice89/master-thesis/57820eac12fcb816c594ae14412d74bb737a4bc4/RapidminerRepo/OutlierEvaluationV2/separated/pre_pro_pca_v/oacode_rll_iso.rmp,https://api.github.com/repos/dice89/master-thesis/git/blobs/2d26d2e5363f3713178b6e2364895c1f696c861e,https://github.com/dice89/master-thesis/blob/57820eac12fcb816c594ae14412d74bb737a4bc4/RapidminerRepo/OutlierEvaluationV2/separated/pre_pro_pca_v/oacode_rll_iso.rmp,RapidminerRepo/OutlierEvaluationV2/separated/pre_pro_pca_v/oacode_rll_iso.rmp,file,Groff,2014-11-18 10:50:24,2015-04-29 22:24:48,dice89/master-thesis,read_csv,csv_file,/Users/mueller/Documents/master-thesis/ontologymatcher/matchings/cmt-confOf_raw_matchings.csv
https://github.com/dice89/master-thesis/blob/57820eac12fcb816c594ae14412d74bb737a4bc4/RapidminerRepo/OutlierEvaluationV2/separated/pre_pro_pca_v/oacode_rll_m5p.rmp,https://raw.githubusercontent.com/dice89/master-thesis/57820eac12fcb816c594ae14412d74bb737a4bc4/RapidminerRepo/OutlierEvaluationV2/separated/pre_pro_pca_v/oacode_rll_m5p.rmp,https://api.github.com/repos/dice89/master-thesis/git/blobs/545631057a932fa686745c5a59bfeb3d1f99f435,https://github.com/dice89/master-thesis/blob/57820eac12fcb816c594ae14412d74bb737a4bc4/RapidminerRepo/OutlierEvaluationV2/separated/pre_pro_pca_v/oacode_rll_m5p.rmp,RapidminerRepo/OutlierEvaluationV2/separated/pre_pro_pca_v/oacode_rll_m5p.rmp,file,Groff,2014-11-18 10:50:24,2015-04-29 22:24:48,dice89/master-thesis,read_csv,csv_file,/Users/mueller/Documents/master-thesis/ontologymatcher/matchings/cmt-confOf_raw_matchings.csv
https://github.com/dice89/master-thesis/blob/57820eac12fcb816c594ae14412d74bb737a4bc4/RapidminerRepo/OutlierEvaluationV2/separated/pre_pro_pca_v/oacode_lof_regular.rmp,https://raw.githubusercontent.com/dice89/master-thesis/57820eac12fcb816c594ae14412d74bb737a4bc4/RapidminerRepo/OutlierEvaluationV2/separated/pre_pro_pca_v/oacode_lof_regular.rmp,https://api.github.com/repos/dice89/master-thesis/git/blobs/194bc7692812a6e2f162d628c184ef40fcb934c7,https://github.com/dice89/master-thesis/blob/57820eac12fcb816c594ae14412d74bb737a4bc4/RapidminerRepo/OutlierEvaluationV2/separated/pre_pro_pca_v/oacode_lof_regular.rmp,RapidminerRepo/OutlierEvaluationV2/separated/pre_pro_pca_v/oacode_lof_regular.rmp,file,Groff,2014-11-18 10:50:24,2015-04-29 22:24:48,dice89/master-thesis,read_csv,csv_file,/Users/mueller/Documents/master-thesis/ontologymatcher/matchings/cmt-confOf_raw_matchings.csv
https://github.com/dice89/master-thesis/blob/57820eac12fcb816c594ae14412d74bb737a4bc4/RapidminerRepo/OutlierEvaluationV2/separated/pre_pro_pca_v/oacode_lof.rmp,https://raw.githubusercontent.com/dice89/master-thesis/57820eac12fcb816c594ae14412d74bb737a4bc4/RapidminerRepo/OutlierEvaluationV2/separated/pre_pro_pca_v/oacode_lof.rmp,https://api.github.com/repos/dice89/master-thesis/git/blobs/3dc812b13f9bd8bf05f75c67a5e8fb2976191f8e,https://github.com/dice89/master-thesis/blob/57820eac12fcb816c594ae14412d74bb737a4bc4/RapidminerRepo/OutlierEvaluationV2/separated/pre_pro_pca_v/oacode_lof.rmp,RapidminerRepo/OutlierEvaluationV2/separated/pre_pro_pca_v/oacode_lof.rmp,file,Groff,2014-11-18 10:50:24,2015-04-29 22:24:48,dice89/master-thesis,read_csv,csv_file,/Users/mueller/Documents/master-thesis/ontologymatcher/matchings/cmt-confOf_raw_matchings.csv
https://github.com/dice89/master-thesis/blob/57820eac12fcb816c594ae14412d74bb737a4bc4/RapidminerRepo/OutlierEvaluationV2/separated/pre_pro_pca_v/oacode_loop.rmp,https://raw.githubusercontent.com/dice89/master-thesis/57820eac12fcb816c594ae14412d74bb737a4bc4/RapidminerRepo/OutlierEvaluationV2/separated/pre_pro_pca_v/oacode_loop.rmp,https://api.github.com/repos/dice89/master-thesis/git/blobs/d10992c33af042ce49987da38cf3bf99ec4f05bb,https://github.com/dice89/master-thesis/blob/57820eac12fcb816c594ae14412d74bb737a4bc4/RapidminerRepo/OutlierEvaluationV2/separated/pre_pro_pca_v/oacode_loop.rmp,RapidminerRepo/OutlierEvaluationV2/separated/pre_pro_pca_v/oacode_loop.rmp,file,Groff,2014-11-18 10:50:24,2015-04-29 22:24:48,dice89/master-thesis,read_csv,csv_file,/Users/mueller/Documents/master-thesis/ontologymatcher/matchings/cmt-confOf_raw_matchings.csv
https://github.com/dice89/master-thesis/blob/57820eac12fcb816c594ae14412d74bb737a4bc4/RapidminerRepo/OutlierEvaluationV2/separated/pre_pro_pca_v/oacode_knn.rmp,https://raw.githubusercontent.com/dice89/master-thesis/57820eac12fcb816c594ae14412d74bb737a4bc4/RapidminerRepo/OutlierEvaluationV2/separated/pre_pro_pca_v/oacode_knn.rmp,https://api.github.com/repos/dice89/master-thesis/git/blobs/1686141ddf9754f54b9372b711f3c9ba0295647a,https://github.com/dice89/master-thesis/blob/57820eac12fcb816c594ae14412d74bb737a4bc4/RapidminerRepo/OutlierEvaluationV2/separated/pre_pro_pca_v/oacode_knn.rmp,RapidminerRepo/OutlierEvaluationV2/separated/pre_pro_pca_v/oacode_knn.rmp,file,Groff,2014-11-18 10:50:24,2015-04-29 22:24:48,dice89/master-thesis,read_csv,csv_file,/Users/mueller/Documents/master-thesis/ontologymatcher/matchings/conference/matchings/cmt-conference_raw_matchings.csv
https://github.com/dice89/master-thesis/blob/57820eac12fcb816c594ae14412d74bb737a4bc4/RapidminerRepo/OutlierEvaluationV2/separated/pre_pro_remove_corr/oacode_ldcof_regular_db_scan.rmp,https://raw.githubusercontent.com/dice89/master-thesis/57820eac12fcb816c594ae14412d74bb737a4bc4/RapidminerRepo/OutlierEvaluationV2/separated/pre_pro_remove_corr/oacode_ldcof_regular_db_scan.rmp,https://api.github.com/repos/dice89/master-thesis/git/blobs/58ac42a6ccedfbb2fff30bce53ca34a1ab7107b8,https://github.com/dice89/master-thesis/blob/57820eac12fcb816c594ae14412d74bb737a4bc4/RapidminerRepo/OutlierEvaluationV2/separated/pre_pro_remove_corr/oacode_ldcof_regular_db_scan.rmp,RapidminerRepo/OutlierEvaluationV2/separated/pre_pro_remove_corr/oacode_ldcof_regular_db_scan.rmp,file,Groff,2014-11-18 10:50:24,2015-04-29 22:24:48,dice89/master-thesis,read_csv,csv_file,/Users/mueller/Documents/master-thesis/ontologymatcher/matchings/cmt-confOf_raw_matchings.csv
https://github.com/dice89/master-thesis/blob/57820eac12fcb816c594ae14412d74bb737a4bc4/RapidminerRepo/OutlierEvaluationV2/separated/pre_pro_remove_corr/oacode_ldcof_regular_x_means.rmp,https://raw.githubusercontent.com/dice89/master-thesis/57820eac12fcb816c594ae14412d74bb737a4bc4/RapidminerRepo/OutlierEvaluationV2/separated/pre_pro_remove_corr/oacode_ldcof_regular_x_means.rmp,https://api.github.com/repos/dice89/master-thesis/git/blobs/dff10aa17e5ff7ffdff5d36048105ce7fc8dee2b,https://github.com/dice89/master-thesis/blob/57820eac12fcb816c594ae14412d74bb737a4bc4/RapidminerRepo/OutlierEvaluationV2/separated/pre_pro_remove_corr/oacode_ldcof_regular_x_means.rmp,RapidminerRepo/OutlierEvaluationV2/separated/pre_pro_remove_corr/oacode_ldcof_regular_x_means.rmp,file,Groff,2014-11-18 10:50:24,2015-04-29 22:24:48,dice89/master-thesis,read_csv,csv_file,/Users/mueller/Documents/master-thesis/ontologymatcher/matchings/cmt-confOf_raw_matchings.csv
https://github.com/dice89/master-thesis/blob/57820eac12fcb816c594ae14412d74bb737a4bc4/RapidminerRepo/OutlierEvaluationV2/separated/pre_pro_remove_corr/oacode_ldcof_x_means.rmp,https://raw.githubusercontent.com/dice89/master-thesis/57820eac12fcb816c594ae14412d74bb737a4bc4/RapidminerRepo/OutlierEvaluationV2/separated/pre_pro_remove_corr/oacode_ldcof_x_means.rmp,https://api.github.com/repos/dice89/master-thesis/git/blobs/3bcb54fb1dacb4882e7cbac1f05ddad724122437,https://github.com/dice89/master-thesis/blob/57820eac12fcb816c594ae14412d74bb737a4bc4/RapidminerRepo/OutlierEvaluationV2/separated/pre_pro_remove_corr/oacode_ldcof_x_means.rmp,RapidminerRepo/OutlierEvaluationV2/separated/pre_pro_remove_corr/oacode_ldcof_x_means.rmp,file,Groff,2014-11-18 10:50:24,2015-04-29 22:24:48,dice89/master-thesis,read_csv,csv_file,/Users/mueller/Documents/master-thesis/ontologymatcher/matchings/cmt-confOf_raw_matchings.csv
https://github.com/dice89/master-thesis/blob/57820eac12fcb816c594ae14412d74bb737a4bc4/RapidminerRepo/OutlierEvaluationV2/separated/pre_pro_remove_corr/oacode_cblof_unweighted_regular_db_scan.rmp,https://raw.githubusercontent.com/dice89/master-thesis/57820eac12fcb816c594ae14412d74bb737a4bc4/RapidminerRepo/OutlierEvaluationV2/separated/pre_pro_remove_corr/oacode_cblof_unweighted_regular_db_scan.rmp,https://api.github.com/repos/dice89/master-thesis/git/blobs/12fc52656fdbd6c91767ba91ee8f2e0cfb9d97bc,https://github.com/dice89/master-thesis/blob/57820eac12fcb816c594ae14412d74bb737a4bc4/RapidminerRepo/OutlierEvaluationV2/separated/pre_pro_remove_corr/oacode_cblof_unweighted_regular_db_scan.rmp,RapidminerRepo/OutlierEvaluationV2/separated/pre_pro_remove_corr/oacode_cblof_unweighted_regular_db_scan.rmp,file,Groff,2014-11-18 10:50:24,2015-04-29 22:24:48,dice89/master-thesis,read_csv,csv_file,/Users/mueller/Documents/master-thesis/ontologymatcher/matchings/benchmarks/matchings/101-101_raw_matchings.csv
https://github.com/dice89/master-thesis/blob/57820eac12fcb816c594ae14412d74bb737a4bc4/RapidminerRepo/OutlierEvaluationV2/separated/pre_pro_remove_corr/oacode_cblof_unweighted_x_means.rmp,https://raw.githubusercontent.com/dice89/master-thesis/57820eac12fcb816c594ae14412d74bb737a4bc4/RapidminerRepo/OutlierEvaluationV2/separated/pre_pro_remove_corr/oacode_cblof_unweighted_x_means.rmp,https://api.github.com/repos/dice89/master-thesis/git/blobs/2e556b1c140059ac174435403780b879e2e85b14,https://github.com/dice89/master-thesis/blob/57820eac12fcb816c594ae14412d74bb737a4bc4/RapidminerRepo/OutlierEvaluationV2/separated/pre_pro_remove_corr/oacode_cblof_unweighted_x_means.rmp,RapidminerRepo/OutlierEvaluationV2/separated/pre_pro_remove_corr/oacode_cblof_unweighted_x_means.rmp,file,Groff,2014-11-18 10:50:24,2015-04-29 22:24:48,dice89/master-thesis,read_csv,csv_file,/Users/mueller/Documents/master-thesis/ontologymatcher/matchings/anatomy/matchings/mouse-human_raw_matchings.csv
https://github.com/dice89/master-thesis/blob/57820eac12fcb816c594ae14412d74bb737a4bc4/RapidminerRepo/OutlierEvaluationV2/separated/pre_pro_remove_corr/oacode_cblof_unweighted_regular_x_means.rmp,https://raw.githubusercontent.com/dice89/master-thesis/57820eac12fcb816c594ae14412d74bb737a4bc4/RapidminerRepo/OutlierEvaluationV2/separated/pre_pro_remove_corr/oacode_cblof_unweighted_regular_x_means.rmp,https://api.github.com/repos/dice89/master-thesis/git/blobs/2f30e8ab1f4e764b70436de49d9cf6f1f10d8308,https://github.com/dice89/master-thesis/blob/57820eac12fcb816c594ae14412d74bb737a4bc4/RapidminerRepo/OutlierEvaluationV2/separated/pre_pro_remove_corr/oacode_cblof_unweighted_regular_x_means.rmp,RapidminerRepo/OutlierEvaluationV2/separated/pre_pro_remove_corr/oacode_cblof_unweighted_regular_x_means.rmp,file,Groff,2014-11-18 10:50:24,2015-04-29 22:24:48,dice89/master-thesis,read_csv,csv_file,/Users/mueller/Documents/master-thesis/ontologymatcher/matchings/anatomy/matchings/mouse-human_raw_matchings.csv
https://github.com/dice89/master-thesis/blob/57820eac12fcb816c594ae14412d74bb737a4bc4/RapidminerRepo/OutlierEvaluationV2/separated/pre_pro_remove_corr/oacode_lof.rmp,https://raw.githubusercontent.com/dice89/master-thesis/57820eac12fcb816c594ae14412d74bb737a4bc4/RapidminerRepo/OutlierEvaluationV2/separated/pre_pro_remove_corr/oacode_lof.rmp,https://api.github.com/repos/dice89/master-thesis/git/blobs/e2bc5a11ff69e9d5a51a857344114099788cbe98,https://github.com/dice89/master-thesis/blob/57820eac12fcb816c594ae14412d74bb737a4bc4/RapidminerRepo/OutlierEvaluationV2/separated/pre_pro_remove_corr/oacode_lof.rmp,RapidminerRepo/OutlierEvaluationV2/separated/pre_pro_remove_corr/oacode_lof.rmp,file,Groff,2014-11-18 10:50:24,2015-04-29 22:24:48,dice89/master-thesis,read_csv,csv_file,/Users/mueller/Documents/master-thesis/ontologymatcher/matchings/cmt-confOf_raw_matchings.csv
https://github.com/dice89/master-thesis/blob/57820eac12fcb816c594ae14412d74bb737a4bc4/RapidminerRepo/OutlierEvaluationV2/separated/pre_pro_remove_corr/oacode_cblof_unweighted_regular_x_means_test.rmp,https://raw.githubusercontent.com/dice89/master-thesis/57820eac12fcb816c594ae14412d74bb737a4bc4/RapidminerRepo/OutlierEvaluationV2/separated/pre_pro_remove_corr/oacode_cblof_unweighted_regular_x_means_test.rmp,https://api.github.com/repos/dice89/master-thesis/git/blobs/76b8f9d88b1abab78760bbaa71e4a0dc721847e8,https://github.com/dice89/master-thesis/blob/57820eac12fcb816c594ae14412d74bb737a4bc4/RapidminerRepo/OutlierEvaluationV2/separated/pre_pro_remove_corr/oacode_cblof_unweighted_regular_x_means_test.rmp,RapidminerRepo/OutlierEvaluationV2/separated/pre_pro_remove_corr/oacode_cblof_unweighted_regular_x_means_test.rmp,file,Groff,2014-11-18 10:50:24,2015-04-29 22:24:48,dice89/master-thesis,read_csv,csv_file,/Users/mueller/Documents/master-thesis/ontologymatcher/matchings/anatomy/matchings/mouse-human_raw_matchings.csv
https://github.com/dice89/master-thesis/blob/57820eac12fcb816c594ae14412d74bb737a4bc4/RapidminerRepo/OutlierEvaluationV2/separated/pre_pro_remove_corr/oacode_knn.rmp,https://raw.githubusercontent.com/dice89/master-thesis/57820eac12fcb816c594ae14412d74bb737a4bc4/RapidminerRepo/OutlierEvaluationV2/separated/pre_pro_remove_corr/oacode_knn.rmp,https://api.github.com/repos/dice89/master-thesis/git/blobs/446eddaa99c09d28f37d62e57e46bbdfbbf6b61c,https://github.com/dice89/master-thesis/blob/57820eac12fcb816c594ae14412d74bb737a4bc4/RapidminerRepo/OutlierEvaluationV2/separated/pre_pro_remove_corr/oacode_knn.rmp,RapidminerRepo/OutlierEvaluationV2/separated/pre_pro_remove_corr/oacode_knn.rmp,file,Groff,2014-11-18 10:50:24,2015-04-29 22:24:48,dice89/master-thesis,read_csv,csv_file,/Users/mueller/Documents/master-thesis/ontologymatcher/matchings/benchmarks/matchings/101-202_raw_matchings.csv
https://github.com/dice89/master-thesis/blob/57820eac12fcb816c594ae14412d74bb737a4bc4/RapidminerRepo/OutlierEvaluationV2/separated/pre_pro_remove_corr/oacode_rnn.rmp,https://raw.githubusercontent.com/dice89/master-thesis/57820eac12fcb816c594ae14412d74bb737a4bc4/RapidminerRepo/OutlierEvaluationV2/separated/pre_pro_remove_corr/oacode_rnn.rmp,https://api.github.com/repos/dice89/master-thesis/git/blobs/5ad80eab78a2be8eab115e23f9f249d394779b21,https://github.com/dice89/master-thesis/blob/57820eac12fcb816c594ae14412d74bb737a4bc4/RapidminerRepo/OutlierEvaluationV2/separated/pre_pro_remove_corr/oacode_rnn.rmp,RapidminerRepo/OutlierEvaluationV2/separated/pre_pro_remove_corr/oacode_rnn.rmp,file,Groff,2014-11-18 10:50:24,2015-04-29 22:24:48,dice89/master-thesis,read_csv,csv_file,/Users/mueller/Documents/master-thesis/ontologymatcher/matchings/conference/matchings/cmt-confOf_raw_matchings.csv
https://github.com/dice89/master-thesis/blob/57820eac12fcb816c594ae14412d74bb737a4bc4/RapidminerRepo/OutlierEvaluationV2/separated/pre_pro_remove_corr/oacode_rll_iso.rmp,https://raw.githubusercontent.com/dice89/master-thesis/57820eac12fcb816c594ae14412d74bb737a4bc4/RapidminerRepo/OutlierEvaluationV2/separated/pre_pro_remove_corr/oacode_rll_iso.rmp,https://api.github.com/repos/dice89/master-thesis/git/blobs/06639792d74e18106cc2a48906953ff9d16d39e0,https://github.com/dice89/master-thesis/blob/57820eac12fcb816c594ae14412d74bb737a4bc4/RapidminerRepo/OutlierEvaluationV2/separated/pre_pro_remove_corr/oacode_rll_iso.rmp,RapidminerRepo/OutlierEvaluationV2/separated/pre_pro_remove_corr/oacode_rll_iso.rmp,file,Groff,2014-11-18 10:50:24,2015-04-29 22:24:48,dice89/master-thesis,read_csv,csv_file,/Users/mueller/Documents/master-thesis/ontologymatcher/matchings/cmt-confOf_raw_matchings.csv
https://github.com/dice89/master-thesis/blob/57820eac12fcb816c594ae14412d74bb737a4bc4/RapidminerRepo/OutlierEvaluationV2/separated/pre_pro_remove_corr/oacode_rll_m5p.rmp,https://raw.githubusercontent.com/dice89/master-thesis/57820eac12fcb816c594ae14412d74bb737a4bc4/RapidminerRepo/OutlierEvaluationV2/separated/pre_pro_remove_corr/oacode_rll_m5p.rmp,https://api.github.com/repos/dice89/master-thesis/git/blobs/20c358ebaac3d123074543a5876ca53401b416fc,https://github.com/dice89/master-thesis/blob/57820eac12fcb816c594ae14412d74bb737a4bc4/RapidminerRepo/OutlierEvaluationV2/separated/pre_pro_remove_corr/oacode_rll_m5p.rmp,RapidminerRepo/OutlierEvaluationV2/separated/pre_pro_remove_corr/oacode_rll_m5p.rmp,file,Groff,2014-11-18 10:50:24,2015-04-29 22:24:48,dice89/master-thesis,read_csv,csv_file,/Users/mueller/Documents/master-thesis/ontologymatcher/matchings/cmt-confOf_raw_matchings.csv
https://github.com/dice89/master-thesis/blob/57820eac12fcb816c594ae14412d74bb737a4bc4/RapidminerRepo/OutlierEvaluationV2/separated/pre_pro_remove_corr/oacode_lof_regular.rmp,https://raw.githubusercontent.com/dice89/master-thesis/57820eac12fcb816c594ae14412d74bb737a4bc4/RapidminerRepo/OutlierEvaluationV2/separated/pre_pro_remove_corr/oacode_lof_regular.rmp,https://api.github.com/repos/dice89/master-thesis/git/blobs/9c4f1d5dc9de4e58d91dde1c50de5b9a660182b5,https://github.com/dice89/master-thesis/blob/57820eac12fcb816c594ae14412d74bb737a4bc4/RapidminerRepo/OutlierEvaluationV2/separated/pre_pro_remove_corr/oacode_lof_regular.rmp,RapidminerRepo/OutlierEvaluationV2/separated/pre_pro_remove_corr/oacode_lof_regular.rmp,file,Groff,2014-11-18 10:50:24,2015-04-29 22:24:48,dice89/master-thesis,read_csv,csv_file,/Users/mueller/Documents/master-thesis/ontologymatcher/matchings/cmt-confOf_raw_matchings.csv
https://github.com/dice89/master-thesis/blob/57820eac12fcb816c594ae14412d74bb737a4bc4/RapidminerRepo/OutlierEvaluationV2/separated/pre_pro_remove_corr/oacode_loop.rmp,https://raw.githubusercontent.com/dice89/master-thesis/57820eac12fcb816c594ae14412d74bb737a4bc4/RapidminerRepo/OutlierEvaluationV2/separated/pre_pro_remove_corr/oacode_loop.rmp,https://api.github.com/repos/dice89/master-thesis/git/blobs/4997be37d42a277ec7fc3d3ebe4bfb6c1801a7bb,https://github.com/dice89/master-thesis/blob/57820eac12fcb816c594ae14412d74bb737a4bc4/RapidminerRepo/OutlierEvaluationV2/separated/pre_pro_remove_corr/oacode_loop.rmp,RapidminerRepo/OutlierEvaluationV2/separated/pre_pro_remove_corr/oacode_loop.rmp,file,Groff,2014-11-18 10:50:24,2015-04-29 22:24:48,dice89/master-thesis,read_csv,csv_file,/Users/mueller/Documents/master-thesis/ontologymatcher/matchings/cmt-confOf_raw_matchings.csv
https://github.com/dice89/master-thesis/blob/57820eac12fcb816c594ae14412d74bb737a4bc4/RapidminerRepo/oacode_only_cluster.rmp,https://raw.githubusercontent.com/dice89/master-thesis/57820eac12fcb816c594ae14412d74bb737a4bc4/RapidminerRepo/oacode_only_cluster.rmp,https://api.github.com/repos/dice89/master-thesis/git/blobs/a91a303900c6173362452f1a82a6a370b4f987ea,https://github.com/dice89/master-thesis/blob/57820eac12fcb816c594ae14412d74bb737a4bc4/RapidminerRepo/oacode_only_cluster.rmp,RapidminerRepo/oacode_only_cluster.rmp,file,Groff,2014-11-18 10:50:24,2015-04-29 22:24:48,dice89/master-thesis,read_csv,csv_file,/Users/mueller/Documents/master-thesis/ontologymatcher/matchings/cmt-conference_raw_matchings.csv
https://github.com/dice89/master-thesis/blob/57820eac12fcb816c594ae14412d74bb737a4bc4/RapidminerRepo/oacode_xmeans.rmp,https://raw.githubusercontent.com/dice89/master-thesis/57820eac12fcb816c594ae14412d74bb737a4bc4/RapidminerRepo/oacode_xmeans.rmp,https://api.github.com/repos/dice89/master-thesis/git/blobs/9e2fd383525914563e4e0720fb6a887ecc7df328,https://github.com/dice89/master-thesis/blob/57820eac12fcb816c594ae14412d74bb737a4bc4/RapidminerRepo/oacode_xmeans.rmp,RapidminerRepo/oacode_xmeans.rmp,file,Groff,2014-11-18 10:50:24,2015-04-29 22:24:48,dice89/master-thesis,read_csv,csv_file,/Users/mueller/Documents/master-thesis/ontologymatcher/matchings/test_raw_matchings.csv
https://github.com/fxfabre/Projects/blob/8aaa18db25eda58831fbe827e0f209d5c21588f0/Kaggle/DigitRecognizer/RapidMiner/main.rmp,https://raw.githubusercontent.com/fxfabre/Projects/8aaa18db25eda58831fbe827e0f209d5c21588f0/Kaggle/DigitRecognizer/RapidMiner/main.rmp,https://api.github.com/repos/fxfabre/Projects/git/blobs/caccb63c312096abc05e76f94715d96253574ce0,https://github.com/fxfabre/Projects/blob/8aaa18db25eda58831fbe827e0f209d5c21588f0/Kaggle/DigitRecognizer/RapidMiner/main.rmp,Kaggle/DigitRecognizer/RapidMiner/main.rmp,file,Python,2015-02-23 18:00:33,2016-03-02 06:46:46,fxfabre/Projects,read_csv,csv_file,/home/francixtra/Travail/Workspaces/Kaggle/DigitRecognizer/data/train_tiny.csv
https://github.com/dwslab/COMMAND/blob/78decd1da14b8721240e469d5de597c9223d8e69/anomaly_detection/non_separated/pre_pro_pca_f/oacode_ldcof_x_means.rmp,https://raw.githubusercontent.com/dwslab/COMMAND/78decd1da14b8721240e469d5de597c9223d8e69/anomaly_detection/non_separated/pre_pro_pca_f/oacode_ldcof_x_means.rmp,https://api.github.com/repos/dwslab/COMMAND/git/blobs/fac77fb8439774504deaefe7ece959915bb195d8,https://github.com/dwslab/COMMAND/blob/78decd1da14b8721240e469d5de597c9223d8e69/anomaly_detection/non_separated/pre_pro_pca_f/oacode_ldcof_x_means.rmp,anomaly_detection/non_separated/pre_pro_pca_f/oacode_ldcof_x_means.rmp,file,Scala,2015-04-23 08:35:11,2018-03-14 16:38:24,dwslab/COMMAND,read_csv,csv_file,/Users/mueller/Documents/master-thesis/ontologymatcher/matchings/cmt-confOf_raw_matchings.csv
https://github.com/dwslab/COMMAND/blob/78decd1da14b8721240e469d5de597c9223d8e69/anomaly_detection/non_separated/pre_pro_pca_f/oacode_rll_iso.rmp,https://raw.githubusercontent.com/dwslab/COMMAND/78decd1da14b8721240e469d5de597c9223d8e69/anomaly_detection/non_separated/pre_pro_pca_f/oacode_rll_iso.rmp,https://api.github.com/repos/dwslab/COMMAND/git/blobs/ce2b5aab89b69fe814aff7290fbdc09e26a1d006,https://github.com/dwslab/COMMAND/blob/78decd1da14b8721240e469d5de597c9223d8e69/anomaly_detection/non_separated/pre_pro_pca_f/oacode_rll_iso.rmp,anomaly_detection/non_separated/pre_pro_pca_f/oacode_rll_iso.rmp,file,Scala,2015-04-23 08:35:11,2018-03-14 16:38:24,dwslab/COMMAND,read_csv,csv_file,/Users/mueller/Documents/master-thesis/ontologymatcher/matchings/cmt-confOf_raw_matchings.csv
https://github.com/dwslab/COMMAND/blob/78decd1da14b8721240e469d5de597c9223d8e69/anomaly_detection/non_separated/pre_pro_pca_f/oacode_lof_regular.rmp,https://raw.githubusercontent.com/dwslab/COMMAND/78decd1da14b8721240e469d5de597c9223d8e69/anomaly_detection/non_separated/pre_pro_pca_f/oacode_lof_regular.rmp,https://api.github.com/repos/dwslab/COMMAND/git/blobs/711f184a609300b2167f21a3ae20510d7daf2a5a,https://github.com/dwslab/COMMAND/blob/78decd1da14b8721240e469d5de597c9223d8e69/anomaly_detection/non_separated/pre_pro_pca_f/oacode_lof_regular.rmp,anomaly_detection/non_separated/pre_pro_pca_f/oacode_lof_regular.rmp,file,Scala,2015-04-23 08:35:11,2018-03-14 16:38:24,dwslab/COMMAND,read_csv,csv_file,/Users/mueller/Documents/master-thesis/ontologymatcher/matchings/cmt-confOf_raw_matchings.csv
https://github.com/dwslab/COMMAND/blob/78decd1da14b8721240e469d5de597c9223d8e69/anomaly_detection/non_separated/pre_pro_pca_f/oacode_lof.rmp,https://raw.githubusercontent.com/dwslab/COMMAND/78decd1da14b8721240e469d5de597c9223d8e69/anomaly_detection/non_separated/pre_pro_pca_f/oacode_lof.rmp,https://api.github.com/repos/dwslab/COMMAND/git/blobs/5d66b1206ce127f6ee6ca586669973a843d5cd06,https://github.com/dwslab/COMMAND/blob/78decd1da14b8721240e469d5de597c9223d8e69/anomaly_detection/non_separated/pre_pro_pca_f/oacode_lof.rmp,anomaly_detection/non_separated/pre_pro_pca_f/oacode_lof.rmp,file,Scala,2015-04-23 08:35:11,2018-03-14 16:38:24,dwslab/COMMAND,read_csv,csv_file,/Users/mueller/Documents/master-thesis/ontologymatcher/matchings/cmt-confOf_raw_matchings.csv
https://github.com/dwslab/COMMAND/blob/78decd1da14b8721240e469d5de597c9223d8e69/anomaly_detection/non_separated/pre_pro_pca_f/oacode_loop.rmp,https://raw.githubusercontent.com/dwslab/COMMAND/78decd1da14b8721240e469d5de597c9223d8e69/anomaly_detection/non_separated/pre_pro_pca_f/oacode_loop.rmp,https://api.github.com/repos/dwslab/COMMAND/git/blobs/cb4dc43df97cb5462862f4a4611578dced6519ca,https://github.com/dwslab/COMMAND/blob/78decd1da14b8721240e469d5de597c9223d8e69/anomaly_detection/non_separated/pre_pro_pca_f/oacode_loop.rmp,anomaly_detection/non_separated/pre_pro_pca_f/oacode_loop.rmp,file,Scala,2015-04-23 08:35:11,2018-03-14 16:38:24,dwslab/COMMAND,read_csv,csv_file,/Users/mueller/Documents/master-thesis/ontologymatcher/matchings/cmt-confOf_raw_matchings.csv
https://github.com/dwslab/COMMAND/blob/78decd1da14b8721240e469d5de597c9223d8e69/anomaly_detection/non_separated/pre_pro_pca_f/oacode_knn.rmp,https://raw.githubusercontent.com/dwslab/COMMAND/78decd1da14b8721240e469d5de597c9223d8e69/anomaly_detection/non_separated/pre_pro_pca_f/oacode_knn.rmp,https://api.github.com/repos/dwslab/COMMAND/git/blobs/2a45ce0772a8f0766e949068742a6d64bd32ec42,https://github.com/dwslab/COMMAND/blob/78decd1da14b8721240e469d5de597c9223d8e69/anomaly_detection/non_separated/pre_pro_pca_f/oacode_knn.rmp,anomaly_detection/non_separated/pre_pro_pca_f/oacode_knn.rmp,file,Scala,2015-04-23 08:35:11,2018-03-14 16:38:24,dwslab/COMMAND,read_csv,csv_file,/Users/mueller/Documents/master-thesis/ontologymatcher/matchings/conference/matchings/cmt-conference_raw_matchings.csv
https://github.com/dwslab/COMMAND/blob/78decd1da14b8721240e469d5de597c9223d8e69/anomaly_detection/non_separated/pre_pro_pca_v/oacode_ldcof_x_means.rmp,https://raw.githubusercontent.com/dwslab/COMMAND/78decd1da14b8721240e469d5de597c9223d8e69/anomaly_detection/non_separated/pre_pro_pca_v/oacode_ldcof_x_means.rmp,https://api.github.com/repos/dwslab/COMMAND/git/blobs/8bc17c4c2614be74469a57f91a3b5994df2065d1,https://github.com/dwslab/COMMAND/blob/78decd1da14b8721240e469d5de597c9223d8e69/anomaly_detection/non_separated/pre_pro_pca_v/oacode_ldcof_x_means.rmp,anomaly_detection/non_separated/pre_pro_pca_v/oacode_ldcof_x_means.rmp,file,Scala,2015-04-23 08:35:11,2018-03-14 16:38:24,dwslab/COMMAND,read_csv,csv_file,/Users/mueller/Documents/master-thesis/ontologymatcher/matchings/cmt-confOf_raw_matchings.csv
https://github.com/dwslab/COMMAND/blob/78decd1da14b8721240e469d5de597c9223d8e69/anomaly_detection/non_separated/pre_pro_pca_f/oacode_rll_m5p.rmp,https://raw.githubusercontent.com/dwslab/COMMAND/78decd1da14b8721240e469d5de597c9223d8e69/anomaly_detection/non_separated/pre_pro_pca_f/oacode_rll_m5p.rmp,https://api.github.com/repos/dwslab/COMMAND/git/blobs/c5f736d1444dfd8d5de0e3536acb3b63ab4880a3,https://github.com/dwslab/COMMAND/blob/78decd1da14b8721240e469d5de597c9223d8e69/anomaly_detection/non_separated/pre_pro_pca_f/oacode_rll_m5p.rmp,anomaly_detection/non_separated/pre_pro_pca_f/oacode_rll_m5p.rmp,file,Scala,2015-04-23 08:35:11,2018-03-14 16:38:24,dwslab/COMMAND,read_csv,csv_file,/Users/mueller/Documents/master-thesis/ontologymatcher/matchings/cmt-confOf_raw_matchings.csv
https://github.com/dwslab/COMMAND/blob/78decd1da14b8721240e469d5de597c9223d8e69/anomaly_detection/non_separated/pre_pro_pca_v/oacode_rll_iso.rmp,https://raw.githubusercontent.com/dwslab/COMMAND/78decd1da14b8721240e469d5de597c9223d8e69/anomaly_detection/non_separated/pre_pro_pca_v/oacode_rll_iso.rmp,https://api.github.com/repos/dwslab/COMMAND/git/blobs/17505ec09c30b96472462a6e2952e38eaf056365,https://github.com/dwslab/COMMAND/blob/78decd1da14b8721240e469d5de597c9223d8e69/anomaly_detection/non_separated/pre_pro_pca_v/oacode_rll_iso.rmp,anomaly_detection/non_separated/pre_pro_pca_v/oacode_rll_iso.rmp,file,Scala,2015-04-23 08:35:11,2018-03-14 16:38:24,dwslab/COMMAND,read_csv,csv_file,/Users/mueller/Documents/master-thesis/ontologymatcher/matchings/cmt-confOf_raw_matchings.csv
https://github.com/dwslab/COMMAND/blob/78decd1da14b8721240e469d5de597c9223d8e69/anomaly_detection/non_separated/pre_pro_pca_v/oacode_rll_m5p.rmp,https://raw.githubusercontent.com/dwslab/COMMAND/78decd1da14b8721240e469d5de597c9223d8e69/anomaly_detection/non_separated/pre_pro_pca_v/oacode_rll_m5p.rmp,https://api.github.com/repos/dwslab/COMMAND/git/blobs/fb7a554d1fbf3752d75cce1ecdcad500dfc1b500,https://github.com/dwslab/COMMAND/blob/78decd1da14b8721240e469d5de597c9223d8e69/anomaly_detection/non_separated/pre_pro_pca_v/oacode_rll_m5p.rmp,anomaly_detection/non_separated/pre_pro_pca_v/oacode_rll_m5p.rmp,file,Scala,2015-04-23 08:35:11,2018-03-14 16:38:24,dwslab/COMMAND,read_csv,csv_file,/Users/mueller/Documents/master-thesis/ontologymatcher/matchings/cmt-confOf_raw_matchings.csv
https://github.com/dwslab/COMMAND/blob/78decd1da14b8721240e469d5de597c9223d8e69/anomaly_detection/non_separated/pre_pro_pca_v/oacode_lof_regular.rmp,https://raw.githubusercontent.com/dwslab/COMMAND/78decd1da14b8721240e469d5de597c9223d8e69/anomaly_detection/non_separated/pre_pro_pca_v/oacode_lof_regular.rmp,https://api.github.com/repos/dwslab/COMMAND/git/blobs/78f6df183b04d3c21b1b749063171738a8465627,https://github.com/dwslab/COMMAND/blob/78decd1da14b8721240e469d5de597c9223d8e69/anomaly_detection/non_separated/pre_pro_pca_v/oacode_lof_regular.rmp,anomaly_detection/non_separated/pre_pro_pca_v/oacode_lof_regular.rmp,file,Scala,2015-04-23 08:35:11,2018-03-14 16:38:24,dwslab/COMMAND,read_csv,csv_file,/Users/mueller/Documents/master-thesis/ontologymatcher/matchings/cmt-confOf_raw_matchings.csv
https://github.com/dwslab/COMMAND/blob/78decd1da14b8721240e469d5de597c9223d8e69/anomaly_detection/non_separated/pre_pro_pca_f/oacode_rnn.rmp,https://raw.githubusercontent.com/dwslab/COMMAND/78decd1da14b8721240e469d5de597c9223d8e69/anomaly_detection/non_separated/pre_pro_pca_f/oacode_rnn.rmp,https://api.github.com/repos/dwslab/COMMAND/git/blobs/fc8682f213cbca2d9921a08a3a9cb4d5c91fd3c4,https://github.com/dwslab/COMMAND/blob/78decd1da14b8721240e469d5de597c9223d8e69/anomaly_detection/non_separated/pre_pro_pca_f/oacode_rnn.rmp,anomaly_detection/non_separated/pre_pro_pca_f/oacode_rnn.rmp,file,Scala,2015-04-23 08:35:11,2018-03-14 16:38:24,dwslab/COMMAND,read_csv,csv_file,/Users/mueller/Documents/master-thesis/ontologymatcher/matchings/conference/matchings/cmt-confOf_raw_matchings.csv
https://github.com/dwslab/COMMAND/blob/78decd1da14b8721240e469d5de597c9223d8e69/anomaly_detection/non_separated/pre_pro_pca_v/oacode_lof.rmp,https://raw.githubusercontent.com/dwslab/COMMAND/78decd1da14b8721240e469d5de597c9223d8e69/anomaly_detection/non_separated/pre_pro_pca_v/oacode_lof.rmp,https://api.github.com/repos/dwslab/COMMAND/git/blobs/c34f44971ad4747b9a9821822abe98c52fed1e42,https://github.com/dwslab/COMMAND/blob/78decd1da14b8721240e469d5de597c9223d8e69/anomaly_detection/non_separated/pre_pro_pca_v/oacode_lof.rmp,anomaly_detection/non_separated/pre_pro_pca_v/oacode_lof.rmp,file,Scala,2015-04-23 08:35:11,2018-03-14 16:38:24,dwslab/COMMAND,read_csv,csv_file,/Users/mueller/Documents/master-thesis/ontologymatcher/matchings/cmt-confOf_raw_matchings.csv
https://github.com/dwslab/COMMAND/blob/78decd1da14b8721240e469d5de597c9223d8e69/anomaly_detection/non_separated/pre_pro_pca_v/oacode_loop.rmp,https://raw.githubusercontent.com/dwslab/COMMAND/78decd1da14b8721240e469d5de597c9223d8e69/anomaly_detection/non_separated/pre_pro_pca_v/oacode_loop.rmp,https://api.github.com/repos/dwslab/COMMAND/git/blobs/d844f75d54b655ca1139c2926f21772662adef9d,https://github.com/dwslab/COMMAND/blob/78decd1da14b8721240e469d5de597c9223d8e69/anomaly_detection/non_separated/pre_pro_pca_v/oacode_loop.rmp,anomaly_detection/non_separated/pre_pro_pca_v/oacode_loop.rmp,file,Scala,2015-04-23 08:35:11,2018-03-14 16:38:24,dwslab/COMMAND,read_csv,csv_file,/Users/mueller/Documents/master-thesis/ontologymatcher/matchings/cmt-confOf_raw_matchings.csv
https://github.com/dwslab/COMMAND/blob/78decd1da14b8721240e469d5de597c9223d8e69/anomaly_detection/non_separated/pre_pro_pca_v/oacode_knn.rmp,https://raw.githubusercontent.com/dwslab/COMMAND/78decd1da14b8721240e469d5de597c9223d8e69/anomaly_detection/non_separated/pre_pro_pca_v/oacode_knn.rmp,https://api.github.com/repos/dwslab/COMMAND/git/blobs/794cf8f975e2a47efc675f0601cd78bc25585eaa,https://github.com/dwslab/COMMAND/blob/78decd1da14b8721240e469d5de597c9223d8e69/anomaly_detection/non_separated/pre_pro_pca_v/oacode_knn.rmp,anomaly_detection/non_separated/pre_pro_pca_v/oacode_knn.rmp,file,Scala,2015-04-23 08:35:11,2018-03-14 16:38:24,dwslab/COMMAND,read_csv,csv_file,/Users/mueller/Documents/master-thesis/ontologymatcher/matchings/cmt-confOf_raw_matchings.csv
https://github.com/dwslab/COMMAND/blob/78decd1da14b8721240e469d5de597c9223d8e69/anomaly_detection/non_separated/pre_pro_remove_corr/oacode_ldcof_x_means.rmp,https://raw.githubusercontent.com/dwslab/COMMAND/78decd1da14b8721240e469d5de597c9223d8e69/anomaly_detection/non_separated/pre_pro_remove_corr/oacode_ldcof_x_means.rmp,https://api.github.com/repos/dwslab/COMMAND/git/blobs/c3c6443bda6c882b4e9636c05b7845835413857f,https://github.com/dwslab/COMMAND/blob/78decd1da14b8721240e469d5de597c9223d8e69/anomaly_detection/non_separated/pre_pro_remove_corr/oacode_ldcof_x_means.rmp,anomaly_detection/non_separated/pre_pro_remove_corr/oacode_ldcof_x_means.rmp,file,Scala,2015-04-23 08:35:11,2018-03-14 16:38:24,dwslab/COMMAND,read_csv,csv_file,/Users/mueller/Documents/master-thesis/ontologymatcher/matchings/cmt-confOf_raw_matchings.csv
https://github.com/dwslab/COMMAND/blob/78decd1da14b8721240e469d5de597c9223d8e69/anomaly_detection/non_separated/pre_pro_remove_corr/oacode_knn_2.rmp,https://raw.githubusercontent.com/dwslab/COMMAND/78decd1da14b8721240e469d5de597c9223d8e69/anomaly_detection/non_separated/pre_pro_remove_corr/oacode_knn_2.rmp,https://api.github.com/repos/dwslab/COMMAND/git/blobs/a4a075d41f99d28f1fad2c4782be0f78d8227e10,https://github.com/dwslab/COMMAND/blob/78decd1da14b8721240e469d5de597c9223d8e69/anomaly_detection/non_separated/pre_pro_remove_corr/oacode_knn_2.rmp,anomaly_detection/non_separated/pre_pro_remove_corr/oacode_knn_2.rmp,file,Scala,2015-04-23 08:35:11,2018-03-14 16:38:24,dwslab/COMMAND,read_csv,csv_file,/Users/mueller/Documents/master-thesis/ontologymatcher/matchings/conference/matchings/cmt-conference_raw_matchings.csv
https://github.com/dwslab/COMMAND/blob/78decd1da14b8721240e469d5de597c9223d8e69/anomaly_detection/non_separated/pre_pro_remove_corr/oacode_rll_iso.rmp,https://raw.githubusercontent.com/dwslab/COMMAND/78decd1da14b8721240e469d5de597c9223d8e69/anomaly_detection/non_separated/pre_pro_remove_corr/oacode_rll_iso.rmp,https://api.github.com/repos/dwslab/COMMAND/git/blobs/230c4c381d4eb85fd66dfc282482016f0cd995fc,https://github.com/dwslab/COMMAND/blob/78decd1da14b8721240e469d5de597c9223d8e69/anomaly_detection/non_separated/pre_pro_remove_corr/oacode_rll_iso.rmp,anomaly_detection/non_separated/pre_pro_remove_corr/oacode_rll_iso.rmp,file,Scala,2015-04-23 08:35:11,2018-03-14 16:38:24,dwslab/COMMAND,read_csv,csv_file,/Users/mueller/Documents/master-thesis/ontologymatcher/matchings/cmt-confOf_raw_matchings.csv
https://github.com/dwslab/COMMAND/blob/78decd1da14b8721240e469d5de597c9223d8e69/anomaly_detection/non_separated/pre_pro_remove_corr/oacode_rll_m5p.rmp,https://raw.githubusercontent.com/dwslab/COMMAND/78decd1da14b8721240e469d5de597c9223d8e69/anomaly_detection/non_separated/pre_pro_remove_corr/oacode_rll_m5p.rmp,https://api.github.com/repos/dwslab/COMMAND/git/blobs/668597ff20d5bad4f2e0ede588996a7da5fb4bb4,https://github.com/dwslab/COMMAND/blob/78decd1da14b8721240e469d5de597c9223d8e69/anomaly_detection/non_separated/pre_pro_remove_corr/oacode_rll_m5p.rmp,anomaly_detection/non_separated/pre_pro_remove_corr/oacode_rll_m5p.rmp,file,Scala,2015-04-23 08:35:11,2018-03-14 16:38:24,dwslab/COMMAND,read_csv,csv_file,/Users/mueller/Documents/master-thesis/ontologymatcher/matchings/cmt-confOf_raw_matchings.csv
https://github.com/dwslab/COMMAND/blob/78decd1da14b8721240e469d5de597c9223d8e69/anomaly_detection/non_separated/pre_pro_remove_corr/oacode_knn.rmp,https://raw.githubusercontent.com/dwslab/COMMAND/78decd1da14b8721240e469d5de597c9223d8e69/anomaly_detection/non_separated/pre_pro_remove_corr/oacode_knn.rmp,https://api.github.com/repos/dwslab/COMMAND/git/blobs/fd4884cd2f59026f03b999706123feeae24b2d31,https://github.com/dwslab/COMMAND/blob/78decd1da14b8721240e469d5de597c9223d8e69/anomaly_detection/non_separated/pre_pro_remove_corr/oacode_knn.rmp,anomaly_detection/non_separated/pre_pro_remove_corr/oacode_knn.rmp,file,Scala,2015-04-23 08:35:11,2018-03-14 16:38:24,dwslab/COMMAND,read_csv,csv_file,/Users/mueller/Documents/master-thesis/ontologymatcher/matchings/conference/matchings/conference-confOf_raw_matchings.csv
https://github.com/dwslab/COMMAND/blob/78decd1da14b8721240e469d5de597c9223d8e69/anomaly_detection/non_separated/pre_pro_remove_corr/oacode_lof_regular.rmp,https://raw.githubusercontent.com/dwslab/COMMAND/78decd1da14b8721240e469d5de597c9223d8e69/anomaly_detection/non_separated/pre_pro_remove_corr/oacode_lof_regular.rmp,https://api.github.com/repos/dwslab/COMMAND/git/blobs/e98b92c1cae2c4caafd3649353ac576575211d43,https://github.com/dwslab/COMMAND/blob/78decd1da14b8721240e469d5de597c9223d8e69/anomaly_detection/non_separated/pre_pro_remove_corr/oacode_lof_regular.rmp,anomaly_detection/non_separated/pre_pro_remove_corr/oacode_lof_regular.rmp,file,Scala,2015-04-23 08:35:11,2018-03-14 16:38:24,dwslab/COMMAND,read_csv,csv_file,/Users/mueller/Documents/master-thesis/ontologymatcher/matchings/cmt-confOf_raw_matchings.csv
https://github.com/dwslab/COMMAND/blob/78decd1da14b8721240e469d5de597c9223d8e69/anomaly_detection/non_separated/pre_pro_remove_corr/oacode_rnn.rmp,https://raw.githubusercontent.com/dwslab/COMMAND/78decd1da14b8721240e469d5de597c9223d8e69/anomaly_detection/non_separated/pre_pro_remove_corr/oacode_rnn.rmp,https://api.github.com/repos/dwslab/COMMAND/git/blobs/bbbdeeb247dde7d97db1a7df927446ecb09dfc4c,https://github.com/dwslab/COMMAND/blob/78decd1da14b8721240e469d5de597c9223d8e69/anomaly_detection/non_separated/pre_pro_remove_corr/oacode_rnn.rmp,anomaly_detection/non_separated/pre_pro_remove_corr/oacode_rnn.rmp,file,Scala,2015-04-23 08:35:11,2018-03-14 16:38:24,dwslab/COMMAND,read_csv,csv_file,/Users/mueller/Documents/master-thesis/ontologymatcher/matchings/conference/matchings/cmt-confOf_raw_matchings.csv
https://github.com/dwslab/COMMAND/blob/78decd1da14b8721240e469d5de597c9223d8e69/anomaly_detection/non_separated/pre_pro_remove_corr/oacode_lof.rmp,https://raw.githubusercontent.com/dwslab/COMMAND/78decd1da14b8721240e469d5de597c9223d8e69/anomaly_detection/non_separated/pre_pro_remove_corr/oacode_lof.rmp,https://api.github.com/repos/dwslab/COMMAND/git/blobs/cb828a8e8fc906a0422665049eb6872258df3dd5,https://github.com/dwslab/COMMAND/blob/78decd1da14b8721240e469d5de597c9223d8e69/anomaly_detection/non_separated/pre_pro_remove_corr/oacode_lof.rmp,anomaly_detection/non_separated/pre_pro_remove_corr/oacode_lof.rmp,file,Scala,2015-04-23 08:35:11,2018-03-14 16:38:24,dwslab/COMMAND,read_csv,csv_file,/Users/mueller/Documents/master-thesis/ontologymatcher/matchings/cmt-confOf_raw_matchings.csv
https://github.com/dwslab/COMMAND/blob/78decd1da14b8721240e469d5de597c9223d8e69/anomaly_detection/non_separated/pre_pro_remove_corr/oacode_loop.rmp,https://raw.githubusercontent.com/dwslab/COMMAND/78decd1da14b8721240e469d5de597c9223d8e69/anomaly_detection/non_separated/pre_pro_remove_corr/oacode_loop.rmp,https://api.github.com/repos/dwslab/COMMAND/git/blobs/b4bbddc812edada8cf475726346f9f958bcf6d8f,https://github.com/dwslab/COMMAND/blob/78decd1da14b8721240e469d5de597c9223d8e69/anomaly_detection/non_separated/pre_pro_remove_corr/oacode_loop.rmp,anomaly_detection/non_separated/pre_pro_remove_corr/oacode_loop.rmp,file,Scala,2015-04-23 08:35:11,2018-03-14 16:38:24,dwslab/COMMAND,read_csv,csv_file,/Users/mueller/Documents/master-thesis/ontologymatcher/matchings/cmt-confOf_raw_matchings.csv
https://github.com/dwslab/COMMAND/blob/78decd1da14b8721240e469d5de597c9223d8e69/anomaly_detection/non_separated/pre_pro_pca_v/oacode_rnn.rmp,https://raw.githubusercontent.com/dwslab/COMMAND/78decd1da14b8721240e469d5de597c9223d8e69/anomaly_detection/non_separated/pre_pro_pca_v/oacode_rnn.rmp,https://api.github.com/repos/dwslab/COMMAND/git/blobs/33aca077f1f8d962327515b883c2f44293feb33f,https://github.com/dwslab/COMMAND/blob/78decd1da14b8721240e469d5de597c9223d8e69/anomaly_detection/non_separated/pre_pro_pca_v/oacode_rnn.rmp,anomaly_detection/non_separated/pre_pro_pca_v/oacode_rnn.rmp,file,Scala,2015-04-23 08:35:11,2018-03-14 16:38:24,dwslab/COMMAND,read_csv,csv_file,/Users/mueller/Documents/master-thesis/ontologymatcher/matchings/conference/matchings/confOf-ekaw_raw_matchings.csv
https://github.com/dwslab/COMMAND/blob/78decd1da14b8721240e469d5de597c9223d8e69/anomaly_detection/non_separated/pre_pro_remove_corr/oacode_knn_backup.rmp,https://raw.githubusercontent.com/dwslab/COMMAND/78decd1da14b8721240e469d5de597c9223d8e69/anomaly_detection/non_separated/pre_pro_remove_corr/oacode_knn_backup.rmp,https://api.github.com/repos/dwslab/COMMAND/git/blobs/2fee1296fa838889ca282661d5411304c54b08ae,https://github.com/dwslab/COMMAND/blob/78decd1da14b8721240e469d5de597c9223d8e69/anomaly_detection/non_separated/pre_pro_remove_corr/oacode_knn_backup.rmp,anomaly_detection/non_separated/pre_pro_remove_corr/oacode_knn_backup.rmp,file,Scala,2015-04-23 08:35:11,2018-03-14 16:38:24,dwslab/COMMAND,read_csv,csv_file,/Users/mueller/Documents/master-thesis/ontologymatcher/matchings/conference/matchings/cmt-conference_raw_matchings.csv
https://github.com/dwslab/COMMAND/blob/78decd1da14b8721240e469d5de597c9223d8e69/anomaly_detection/separated/pre_pro_pca_f/oacode_cblof_unweighted_regular_x_means.rmp,https://raw.githubusercontent.com/dwslab/COMMAND/78decd1da14b8721240e469d5de597c9223d8e69/anomaly_detection/separated/pre_pro_pca_f/oacode_cblof_unweighted_regular_x_means.rmp,https://api.github.com/repos/dwslab/COMMAND/git/blobs/cdf4f581ec6aa417efdae1546aa30f2ccffa8f12,https://github.com/dwslab/COMMAND/blob/78decd1da14b8721240e469d5de597c9223d8e69/anomaly_detection/separated/pre_pro_pca_f/oacode_cblof_unweighted_regular_x_means.rmp,anomaly_detection/separated/pre_pro_pca_f/oacode_cblof_unweighted_regular_x_means.rmp,file,Scala,2015-04-23 08:35:11,2018-03-14 16:38:24,dwslab/COMMAND,read_csv,csv_file,/Users/mueller/Documents/master-thesis/ontologymatcher/matchings/cmt-confOf_raw_matchings.csv
https://github.com/dwslab/COMMAND/blob/78decd1da14b8721240e469d5de597c9223d8e69/anomaly_detection/separated/pre_pro_pca_f/oacode_ldcof_regular_db_scan.rmp,https://raw.githubusercontent.com/dwslab/COMMAND/78decd1da14b8721240e469d5de597c9223d8e69/anomaly_detection/separated/pre_pro_pca_f/oacode_ldcof_regular_db_scan.rmp,https://api.github.com/repos/dwslab/COMMAND/git/blobs/45fdc5c67b8b85a6cbaf4df857e461d4827164a0,https://github.com/dwslab/COMMAND/blob/78decd1da14b8721240e469d5de597c9223d8e69/anomaly_detection/separated/pre_pro_pca_f/oacode_ldcof_regular_db_scan.rmp,anomaly_detection/separated/pre_pro_pca_f/oacode_ldcof_regular_db_scan.rmp,file,Scala,2015-04-23 08:35:11,2018-03-14 16:38:24,dwslab/COMMAND,read_csv,csv_file,/Users/mueller/Documents/master-thesis/ontologymatcher/matchings/cmt-confOf_raw_matchings.csv
https://github.com/dwslab/COMMAND/blob/78decd1da14b8721240e469d5de597c9223d8e69/anomaly_detection/separated/pre_pro_pca_f/oacode_ldcof_regular_x_means.rmp,https://raw.githubusercontent.com/dwslab/COMMAND/78decd1da14b8721240e469d5de597c9223d8e69/anomaly_detection/separated/pre_pro_pca_f/oacode_ldcof_regular_x_means.rmp,https://api.github.com/repos/dwslab/COMMAND/git/blobs/e315830b8cb4482cb978dfa084bf252f63d171c5,https://github.com/dwslab/COMMAND/blob/78decd1da14b8721240e469d5de597c9223d8e69/anomaly_detection/separated/pre_pro_pca_f/oacode_ldcof_regular_x_means.rmp,anomaly_detection/separated/pre_pro_pca_f/oacode_ldcof_regular_x_means.rmp,file,Scala,2015-04-23 08:35:11,2018-03-14 16:38:24,dwslab/COMMAND,read_csv,csv_file,/Users/mueller/Documents/master-thesis/ontologymatcher/matchings/cmt-confOf_raw_matchings.csv
https://github.com/dwslab/COMMAND/blob/78decd1da14b8721240e469d5de597c9223d8e69/anomaly_detection/separated/pre_pro_pca_f/oacode_cblof_unweighted_x_means.rmp,https://raw.githubusercontent.com/dwslab/COMMAND/78decd1da14b8721240e469d5de597c9223d8e69/anomaly_detection/separated/pre_pro_pca_f/oacode_cblof_unweighted_x_means.rmp,https://api.github.com/repos/dwslab/COMMAND/git/blobs/dee198659d5be388b37f8148e922bb61232e3532,https://github.com/dwslab/COMMAND/blob/78decd1da14b8721240e469d5de597c9223d8e69/anomaly_detection/separated/pre_pro_pca_f/oacode_cblof_unweighted_x_means.rmp,anomaly_detection/separated/pre_pro_pca_f/oacode_cblof_unweighted_x_means.rmp,file,Scala,2015-04-23 08:35:11,2018-03-14 16:38:24,dwslab/COMMAND,read_csv,csv_file,/Users/mueller/Documents/master-thesis/ontologymatcher/matchings/cmt-confOf_raw_matchings.csv
https://github.com/dwslab/COMMAND/blob/78decd1da14b8721240e469d5de597c9223d8e69/anomaly_detection/separated/pre_pro_pca_f/oacode_ldcof_x_means.rmp,https://raw.githubusercontent.com/dwslab/COMMAND/78decd1da14b8721240e469d5de597c9223d8e69/anomaly_detection/separated/pre_pro_pca_f/oacode_ldcof_x_means.rmp,https://api.github.com/repos/dwslab/COMMAND/git/blobs/2e1e3079fabf02965cc298a44ddb9dac82342432,https://github.com/dwslab/COMMAND/blob/78decd1da14b8721240e469d5de597c9223d8e69/anomaly_detection/separated/pre_pro_pca_f/oacode_ldcof_x_means.rmp,anomaly_detection/separated/pre_pro_pca_f/oacode_ldcof_x_means.rmp,file,Scala,2015-04-23 08:35:11,2018-03-14 16:38:24,dwslab/COMMAND,read_csv,csv_file,/Users/mueller/Documents/master-thesis/ontologymatcher/matchings/cmt-confOf_raw_matchings.csv
https://github.com/dwslab/COMMAND/blob/78decd1da14b8721240e469d5de597c9223d8e69/anomaly_detection/separated/pre_pro_pca_f/oacode_cblof_unweighted_regular_db_scan.rmp,https://raw.githubusercontent.com/dwslab/COMMAND/78decd1da14b8721240e469d5de597c9223d8e69/anomaly_detection/separated/pre_pro_pca_f/oacode_cblof_unweighted_regular_db_scan.rmp,https://api.github.com/repos/dwslab/COMMAND/git/blobs/05ea4f6eba40331446dddf5fb81c82c4902c19c1,https://github.com/dwslab/COMMAND/blob/78decd1da14b8721240e469d5de597c9223d8e69/anomaly_detection/separated/pre_pro_pca_f/oacode_cblof_unweighted_regular_db_scan.rmp,anomaly_detection/separated/pre_pro_pca_f/oacode_cblof_unweighted_regular_db_scan.rmp,file,Scala,2015-04-23 08:35:11,2018-03-14 16:38:24,dwslab/COMMAND,read_csv,csv_file,/Users/mueller/Documents/master-thesis/ontologymatcher/matchings/benchmarks/matchings/101-254-2_raw_matchings.csv
https://github.com/dwslab/COMMAND/blob/78decd1da14b8721240e469d5de597c9223d8e69/anomaly_detection/separated/pre_pro_pca_f/oacode_lof_regular.rmp,https://raw.githubusercontent.com/dwslab/COMMAND/78decd1da14b8721240e469d5de597c9223d8e69/anomaly_detection/separated/pre_pro_pca_f/oacode_lof_regular.rmp,https://api.github.com/repos/dwslab/COMMAND/git/blobs/946c6c7ee65c705316cbc7ee9b2bc81758e1b62e,https://github.com/dwslab/COMMAND/blob/78decd1da14b8721240e469d5de597c9223d8e69/anomaly_detection/separated/pre_pro_pca_f/oacode_lof_regular.rmp,anomaly_detection/separated/pre_pro_pca_f/oacode_lof_regular.rmp,file,Scala,2015-04-23 08:35:11,2018-03-14 16:38:24,dwslab/COMMAND,read_csv,csv_file,/Users/mueller/Documents/master-thesis/ontologymatcher/matchings/cmt-confOf_raw_matchings.csv
https://github.com/dwslab/COMMAND/blob/78decd1da14b8721240e469d5de597c9223d8e69/anomaly_detection/separated/pre_pro_pca_f/oacode_loop.rmp,https://raw.githubusercontent.com/dwslab/COMMAND/78decd1da14b8721240e469d5de597c9223d8e69/anomaly_detection/separated/pre_pro_pca_f/oacode_loop.rmp,https://api.github.com/repos/dwslab/COMMAND/git/blobs/23b835a1cf18759de9ee38795b6676211911a083,https://github.com/dwslab/COMMAND/blob/78decd1da14b8721240e469d5de597c9223d8e69/anomaly_detection/separated/pre_pro_pca_f/oacode_loop.rmp,anomaly_detection/separated/pre_pro_pca_f/oacode_loop.rmp,file,Scala,2015-04-23 08:35:11,2018-03-14 16:38:24,dwslab/COMMAND,read_csv,csv_file,/Users/mueller/Documents/master-thesis/ontologymatcher/matchings/cmt-confOf_raw_matchings.csv
https://github.com/dwslab/COMMAND/blob/78decd1da14b8721240e469d5de597c9223d8e69/anomaly_detection/separated/pre_pro_pca_f/oacode_lof.rmp,https://raw.githubusercontent.com/dwslab/COMMAND/78decd1da14b8721240e469d5de597c9223d8e69/anomaly_detection/separated/pre_pro_pca_f/oacode_lof.rmp,https://api.github.com/repos/dwslab/COMMAND/git/blobs/593dd639e7bef366c2e0b431dccab86e7750b862,https://github.com/dwslab/COMMAND/blob/78decd1da14b8721240e469d5de597c9223d8e69/anomaly_detection/separated/pre_pro_pca_f/oacode_lof.rmp,anomaly_detection/separated/pre_pro_pca_f/oacode_lof.rmp,file,Scala,2015-04-23 08:35:11,2018-03-14 16:38:24,dwslab/COMMAND,read_csv,csv_file,/Users/mueller/Documents/master-thesis/ontologymatcher/matchings/cmt-confOf_raw_matchings.csv
https://github.com/dwslab/COMMAND/blob/78decd1da14b8721240e469d5de597c9223d8e69/anomaly_detection/separated/pre_pro_pca_f/oacode_knn.rmp,https://raw.githubusercontent.com/dwslab/COMMAND/78decd1da14b8721240e469d5de597c9223d8e69/anomaly_detection/separated/pre_pro_pca_f/oacode_knn.rmp,https://api.github.com/repos/dwslab/COMMAND/git/blobs/b60de3107f40d8e2da319cc39ad16fdec9399782,https://github.com/dwslab/COMMAND/blob/78decd1da14b8721240e469d5de597c9223d8e69/anomaly_detection/separated/pre_pro_pca_f/oacode_knn.rmp,anomaly_detection/separated/pre_pro_pca_f/oacode_knn.rmp,file,Scala,2015-04-23 08:35:11,2018-03-14 16:38:24,dwslab/COMMAND,read_csv,csv_file,/Users/mueller/Documents/master-thesis/ontologymatcher/matchings/conference/matchings/cmt-conference_raw_matchings.csv
https://github.com/dwslab/COMMAND/blob/78decd1da14b8721240e469d5de597c9223d8e69/anomaly_detection/separated/pre_pro_pca_f/oacode_rnn.rmp,https://raw.githubusercontent.com/dwslab/COMMAND/78decd1da14b8721240e469d5de597c9223d8e69/anomaly_detection/separated/pre_pro_pca_f/oacode_rnn.rmp,https://api.github.com/repos/dwslab/COMMAND/git/blobs/4dba3925c5fb02019bb6d838645671fe21b79b87,https://github.com/dwslab/COMMAND/blob/78decd1da14b8721240e469d5de597c9223d8e69/anomaly_detection/separated/pre_pro_pca_f/oacode_rnn.rmp,anomaly_detection/separated/pre_pro_pca_f/oacode_rnn.rmp,file,Scala,2015-04-23 08:35:11,2018-03-14 16:38:24,dwslab/COMMAND,read_csv,csv_file,/Users/mueller/Documents/master-thesis/ontologymatcher/matchings/conference/matchings/cmt-confOf_raw_matchings.csv
https://github.com/dwslab/COMMAND/blob/78decd1da14b8721240e469d5de597c9223d8e69/anomaly_detection/separated/pre_pro_pca_v/oacode_ldcof_regular_db_scan.rmp,https://raw.githubusercontent.com/dwslab/COMMAND/78decd1da14b8721240e469d5de597c9223d8e69/anomaly_detection/separated/pre_pro_pca_v/oacode_ldcof_regular_db_scan.rmp,https://api.github.com/repos/dwslab/COMMAND/git/blobs/db977a7a44cd656916a3b227891bd70d0bc44ae0,https://github.com/dwslab/COMMAND/blob/78decd1da14b8721240e469d5de597c9223d8e69/anomaly_detection/separated/pre_pro_pca_v/oacode_ldcof_regular_db_scan.rmp,anomaly_detection/separated/pre_pro_pca_v/oacode_ldcof_regular_db_scan.rmp,file,Scala,2015-04-23 08:35:11,2018-03-14 16:38:24,dwslab/COMMAND,read_csv,csv_file,/Users/mueller/Documents/master-thesis/ontologymatcher/matchings/cmt-confOf_raw_matchings.csv
https://github.com/dwslab/COMMAND/blob/78decd1da14b8721240e469d5de597c9223d8e69/anomaly_detection/separated/pre_pro_pca_v/oacode_ldcof_regular_x_means.rmp,https://raw.githubusercontent.com/dwslab/COMMAND/78decd1da14b8721240e469d5de597c9223d8e69/anomaly_detection/separated/pre_pro_pca_v/oacode_ldcof_regular_x_means.rmp,https://api.github.com/repos/dwslab/COMMAND/git/blobs/45fb0d5adea409b15dba09a92fbb2096422aa156,https://github.com/dwslab/COMMAND/blob/78decd1da14b8721240e469d5de597c9223d8e69/anomaly_detection/separated/pre_pro_pca_v/oacode_ldcof_regular_x_means.rmp,anomaly_detection/separated/pre_pro_pca_v/oacode_ldcof_regular_x_means.rmp,file,Scala,2015-04-23 08:35:11,2018-03-14 16:38:24,dwslab/COMMAND,read_csv,csv_file,/Users/mueller/Documents/master-thesis/ontologymatcher/matchings/cmt-confOf_raw_matchings.csv
https://github.com/dwslab/COMMAND/blob/78decd1da14b8721240e469d5de597c9223d8e69/anomaly_detection/separated/pre_pro_pca_v/oacode_cblof_unweighted_regular_db_scan.rmp,https://raw.githubusercontent.com/dwslab/COMMAND/78decd1da14b8721240e469d5de597c9223d8e69/anomaly_detection/separated/pre_pro_pca_v/oacode_cblof_unweighted_regular_db_scan.rmp,https://api.github.com/repos/dwslab/COMMAND/git/blobs/0730200476b191a9df49eb30ed04adff5ae7be9d,https://github.com/dwslab/COMMAND/blob/78decd1da14b8721240e469d5de597c9223d8e69/anomaly_detection/separated/pre_pro_pca_v/oacode_cblof_unweighted_regular_db_scan.rmp,anomaly_detection/separated/pre_pro_pca_v/oacode_cblof_unweighted_regular_db_scan.rmp,file,Scala,2015-04-23 08:35:11,2018-03-14 16:38:24,dwslab/COMMAND,read_csv,csv_file,/Users/mueller/Coding/COMMAND/tmp/matchings/cmt-conference_raw_matchings.csv
https://github.com/dwslab/COMMAND/blob/78decd1da14b8721240e469d5de597c9223d8e69/anomaly_detection/separated/pre_pro_pca_v/oacode_cblof_unweighted_x_means.rmp,https://raw.githubusercontent.com/dwslab/COMMAND/78decd1da14b8721240e469d5de597c9223d8e69/anomaly_detection/separated/pre_pro_pca_v/oacode_cblof_unweighted_x_means.rmp,https://api.github.com/repos/dwslab/COMMAND/git/blobs/8cc44d0195d86ace3c5b3a31f57f3afb482475e8,https://github.com/dwslab/COMMAND/blob/78decd1da14b8721240e469d5de597c9223d8e69/anomaly_detection/separated/pre_pro_pca_v/oacode_cblof_unweighted_x_means.rmp,anomaly_detection/separated/pre_pro_pca_v/oacode_cblof_unweighted_x_means.rmp,file,Scala,2015-04-23 08:35:11,2018-03-14 16:38:24,dwslab/COMMAND,read_csv,csv_file,/Users/mueller/Documents/master-thesis/ontologymatcher/matchings/cmt-confOf_raw_matchings.csv
https://github.com/dwslab/COMMAND/blob/78decd1da14b8721240e469d5de597c9223d8e69/anomaly_detection/separated/pre_pro_pca_v/oacode_cblof_unweighted_regular_x_means.rmp,https://raw.githubusercontent.com/dwslab/COMMAND/78decd1da14b8721240e469d5de597c9223d8e69/anomaly_detection/separated/pre_pro_pca_v/oacode_cblof_unweighted_regular_x_means.rmp,https://api.github.com/repos/dwslab/COMMAND/git/blobs/ec164023982015471ae3a8caff7cb02d01de91df,https://github.com/dwslab/COMMAND/blob/78decd1da14b8721240e469d5de597c9223d8e69/anomaly_detection/separated/pre_pro_pca_v/oacode_cblof_unweighted_regular_x_means.rmp,anomaly_detection/separated/pre_pro_pca_v/oacode_cblof_unweighted_regular_x_means.rmp,file,Scala,2015-04-23 08:35:11,2018-03-14 16:38:24,dwslab/COMMAND,read_csv,csv_file,/Users/mueller/Documents/master-thesis/ontologymatcher/matchings/anatomy/matchings/mouse-human_raw_matchings.csv
https://github.com/dwslab/COMMAND/blob/78decd1da14b8721240e469d5de597c9223d8e69/anomaly_detection/separated/pre_pro_pca_f/oacode_rll_iso.rmp,https://raw.githubusercontent.com/dwslab/COMMAND/78decd1da14b8721240e469d5de597c9223d8e69/anomaly_detection/separated/pre_pro_pca_f/oacode_rll_iso.rmp,https://api.github.com/repos/dwslab/COMMAND/git/blobs/c136a5c98a3ec31db9fe79a737badc1e55f03d4b,https://github.com/dwslab/COMMAND/blob/78decd1da14b8721240e469d5de597c9223d8e69/anomaly_detection/separated/pre_pro_pca_f/oacode_rll_iso.rmp,anomaly_detection/separated/pre_pro_pca_f/oacode_rll_iso.rmp,file,Scala,2015-04-23 08:35:11,2018-03-14 16:38:24,dwslab/COMMAND,read_csv,csv_file,/Users/mueller/Documents/master-thesis/ontologymatcher/matchings/cmt-confOf_raw_matchings.csv
https://github.com/dwslab/COMMAND/blob/78decd1da14b8721240e469d5de597c9223d8e69/anomaly_detection/separated/pre_pro_pca_f/oacode_rll_m5p.rmp,https://raw.githubusercontent.com/dwslab/COMMAND/78decd1da14b8721240e469d5de597c9223d8e69/anomaly_detection/separated/pre_pro_pca_f/oacode_rll_m5p.rmp,https://api.github.com/repos/dwslab/COMMAND/git/blobs/daa41642867b1f8ce937f456533f24a7fd3e8ed5,https://github.com/dwslab/COMMAND/blob/78decd1da14b8721240e469d5de597c9223d8e69/anomaly_detection/separated/pre_pro_pca_f/oacode_rll_m5p.rmp,anomaly_detection/separated/pre_pro_pca_f/oacode_rll_m5p.rmp,file,Scala,2015-04-23 08:35:11,2018-03-14 16:38:24,dwslab/COMMAND,read_csv,csv_file,/Users/mueller/Documents/master-thesis/ontologymatcher/matchings/cmt-confOf_raw_matchings.csv
https://github.com/dwslab/COMMAND/blob/78decd1da14b8721240e469d5de597c9223d8e69/anomaly_detection/separated/pre_pro_pca_v/oacode_knn.rmp,https://raw.githubusercontent.com/dwslab/COMMAND/78decd1da14b8721240e469d5de597c9223d8e69/anomaly_detection/separated/pre_pro_pca_v/oacode_knn.rmp,https://api.github.com/repos/dwslab/COMMAND/git/blobs/1686141ddf9754f54b9372b711f3c9ba0295647a,https://github.com/dwslab/COMMAND/blob/78decd1da14b8721240e469d5de597c9223d8e69/anomaly_detection/separated/pre_pro_pca_v/oacode_knn.rmp,anomaly_detection/separated/pre_pro_pca_v/oacode_knn.rmp,file,Scala,2015-04-23 08:35:11,2018-03-14 16:38:24,dwslab/COMMAND,read_csv,csv_file,/Users/mueller/Documents/master-thesis/ontologymatcher/matchings/conference/matchings/cmt-conference_raw_matchings.csv
https://github.com/dwslab/COMMAND/blob/78decd1da14b8721240e469d5de597c9223d8e69/anomaly_detection/separated/pre_pro_pca_v/oacode_rnn.rmp,https://raw.githubusercontent.com/dwslab/COMMAND/78decd1da14b8721240e469d5de597c9223d8e69/anomaly_detection/separated/pre_pro_pca_v/oacode_rnn.rmp,https://api.github.com/repos/dwslab/COMMAND/git/blobs/49cc0a23d5825501c57d82f7b274ca6797246b67,https://github.com/dwslab/COMMAND/blob/78decd1da14b8721240e469d5de597c9223d8e69/anomaly_detection/separated/pre_pro_pca_v/oacode_rnn.rmp,anomaly_detection/separated/pre_pro_pca_v/oacode_rnn.rmp,file,Scala,2015-04-23 08:35:11,2018-03-14 16:38:24,dwslab/COMMAND,read_csv,csv_file,/Users/mueller/Documents/master-thesis/ontologymatcher/matchings/conference/matchings/cmt-confOf_raw_matchings.csv
https://github.com/dwslab/COMMAND/blob/78decd1da14b8721240e469d5de597c9223d8e69/anomaly_detection/separated/pre_pro_remove_corr/oacode_cblof_unweighted_regular_db_scan.rmp,https://raw.githubusercontent.com/dwslab/COMMAND/78decd1da14b8721240e469d5de597c9223d8e69/anomaly_detection/separated/pre_pro_remove_corr/oacode_cblof_unweighted_regular_db_scan.rmp,https://api.github.com/repos/dwslab/COMMAND/git/blobs/12fc52656fdbd6c91767ba91ee8f2e0cfb9d97bc,https://github.com/dwslab/COMMAND/blob/78decd1da14b8721240e469d5de597c9223d8e69/anomaly_detection/separated/pre_pro_remove_corr/oacode_cblof_unweighted_regular_db_scan.rmp,anomaly_detection/separated/pre_pro_remove_corr/oacode_cblof_unweighted_regular_db_scan.rmp,file,Scala,2015-04-23 08:35:11,2018-03-14 16:38:24,dwslab/COMMAND,read_csv,csv_file,/Users/mueller/Documents/master-thesis/ontologymatcher/matchings/benchmarks/matchings/101-101_raw_matchings.csv
https://github.com/dwslab/COMMAND/blob/78decd1da14b8721240e469d5de597c9223d8e69/anomaly_detection/separated/pre_pro_pca_v/oacode_ldcof_x_means.rmp,https://raw.githubusercontent.com/dwslab/COMMAND/78decd1da14b8721240e469d5de597c9223d8e69/anomaly_detection/separated/pre_pro_pca_v/oacode_ldcof_x_means.rmp,https://api.github.com/repos/dwslab/COMMAND/git/blobs/398a4fc7e9ce37d1ac1a62d5dd6a01ea0fa272ae,https://github.com/dwslab/COMMAND/blob/78decd1da14b8721240e469d5de597c9223d8e69/anomaly_detection/separated/pre_pro_pca_v/oacode_ldcof_x_means.rmp,anomaly_detection/separated/pre_pro_pca_v/oacode_ldcof_x_means.rmp,file,Scala,2015-04-23 08:35:11,2018-03-14 16:38:24,dwslab/COMMAND,read_csv,csv_file,/Users/mueller/Documents/master-thesis/ontologymatcher/matchings/cmt-confOf_raw_matchings.csv
https://github.com/dwslab/COMMAND/blob/78decd1da14b8721240e469d5de597c9223d8e69/anomaly_detection/separated/pre_pro_remove_corr/oacode_cblof_unweighted_regular_x_means.rmp,https://raw.githubusercontent.com/dwslab/COMMAND/78decd1da14b8721240e469d5de597c9223d8e69/anomaly_detection/separated/pre_pro_remove_corr/oacode_cblof_unweighted_regular_x_means.rmp,https://api.github.com/repos/dwslab/COMMAND/git/blobs/2f30e8ab1f4e764b70436de49d9cf6f1f10d8308,https://github.com/dwslab/COMMAND/blob/78decd1da14b8721240e469d5de597c9223d8e69/anomaly_detection/separated/pre_pro_remove_corr/oacode_cblof_unweighted_regular_x_means.rmp,anomaly_detection/separated/pre_pro_remove_corr/oacode_cblof_unweighted_regular_x_means.rmp,file,Scala,2015-04-23 08:35:11,2018-03-14 16:38:24,dwslab/COMMAND,read_csv,csv_file,/Users/mueller/Documents/master-thesis/ontologymatcher/matchings/anatomy/matchings/mouse-human_raw_matchings.csv
https://github.com/dwslab/COMMAND/blob/78decd1da14b8721240e469d5de597c9223d8e69/anomaly_detection/separated/pre_pro_pca_v/oacode_rll_iso.rmp,https://raw.githubusercontent.com/dwslab/COMMAND/78decd1da14b8721240e469d5de597c9223d8e69/anomaly_detection/separated/pre_pro_pca_v/oacode_rll_iso.rmp,https://api.github.com/repos/dwslab/COMMAND/git/blobs/2d26d2e5363f3713178b6e2364895c1f696c861e,https://github.com/dwslab/COMMAND/blob/78decd1da14b8721240e469d5de597c9223d8e69/anomaly_detection/separated/pre_pro_pca_v/oacode_rll_iso.rmp,anomaly_detection/separated/pre_pro_pca_v/oacode_rll_iso.rmp,file,Scala,2015-04-23 08:35:11,2018-03-14 16:38:24,dwslab/COMMAND,read_csv,csv_file,/Users/mueller/Documents/master-thesis/ontologymatcher/matchings/cmt-confOf_raw_matchings.csv
https://github.com/dwslab/COMMAND/blob/78decd1da14b8721240e469d5de597c9223d8e69/anomaly_detection/separated/pre_pro_pca_v/oacode_rll_m5p.rmp,https://raw.githubusercontent.com/dwslab/COMMAND/78decd1da14b8721240e469d5de597c9223d8e69/anomaly_detection/separated/pre_pro_pca_v/oacode_rll_m5p.rmp,https://api.github.com/repos/dwslab/COMMAND/git/blobs/545631057a932fa686745c5a59bfeb3d1f99f435,https://github.com/dwslab/COMMAND/blob/78decd1da14b8721240e469d5de597c9223d8e69/anomaly_detection/separated/pre_pro_pca_v/oacode_rll_m5p.rmp,anomaly_detection/separated/pre_pro_pca_v/oacode_rll_m5p.rmp,file,Scala,2015-04-23 08:35:11,2018-03-14 16:38:24,dwslab/COMMAND,read_csv,csv_file,/Users/mueller/Documents/master-thesis/ontologymatcher/matchings/cmt-confOf_raw_matchings.csv
https://github.com/dwslab/COMMAND/blob/78decd1da14b8721240e469d5de597c9223d8e69/anomaly_detection/separated/pre_pro_pca_v/oacode_lof_regular.rmp,https://raw.githubusercontent.com/dwslab/COMMAND/78decd1da14b8721240e469d5de597c9223d8e69/anomaly_detection/separated/pre_pro_pca_v/oacode_lof_regular.rmp,https://api.github.com/repos/dwslab/COMMAND/git/blobs/194bc7692812a6e2f162d628c184ef40fcb934c7,https://github.com/dwslab/COMMAND/blob/78decd1da14b8721240e469d5de597c9223d8e69/anomaly_detection/separated/pre_pro_pca_v/oacode_lof_regular.rmp,anomaly_detection/separated/pre_pro_pca_v/oacode_lof_regular.rmp,file,Scala,2015-04-23 08:35:11,2018-03-14 16:38:24,dwslab/COMMAND,read_csv,csv_file,/Users/mueller/Documents/master-thesis/ontologymatcher/matchings/cmt-confOf_raw_matchings.csv
https://github.com/dwslab/COMMAND/blob/78decd1da14b8721240e469d5de597c9223d8e69/anomaly_detection/separated/pre_pro_remove_corr/oacode_cblof_unweighted_regular_x_means_test.rmp,https://raw.githubusercontent.com/dwslab/COMMAND/78decd1da14b8721240e469d5de597c9223d8e69/anomaly_detection/separated/pre_pro_remove_corr/oacode_cblof_unweighted_regular_x_means_test.rmp,https://api.github.com/repos/dwslab/COMMAND/git/blobs/76b8f9d88b1abab78760bbaa71e4a0dc721847e8,https://github.com/dwslab/COMMAND/blob/78decd1da14b8721240e469d5de597c9223d8e69/anomaly_detection/separated/pre_pro_remove_corr/oacode_cblof_unweighted_regular_x_means_test.rmp,anomaly_detection/separated/pre_pro_remove_corr/oacode_cblof_unweighted_regular_x_means_test.rmp,file,Scala,2015-04-23 08:35:11,2018-03-14 16:38:24,dwslab/COMMAND,read_csv,csv_file,/Users/mueller/Documents/master-thesis/ontologymatcher/matchings/anatomy/matchings/mouse-human_raw_matchings.csv
https://github.com/dwslab/COMMAND/blob/78decd1da14b8721240e469d5de597c9223d8e69/anomaly_detection/separated/pre_pro_pca_v/oacode_loop.rmp,https://raw.githubusercontent.com/dwslab/COMMAND/78decd1da14b8721240e469d5de597c9223d8e69/anomaly_detection/separated/pre_pro_pca_v/oacode_loop.rmp,https://api.github.com/repos/dwslab/COMMAND/git/blobs/d10992c33af042ce49987da38cf3bf99ec4f05bb,https://github.com/dwslab/COMMAND/blob/78decd1da14b8721240e469d5de597c9223d8e69/anomaly_detection/separated/pre_pro_pca_v/oacode_loop.rmp,anomaly_detection/separated/pre_pro_pca_v/oacode_loop.rmp,file,Scala,2015-04-23 08:35:11,2018-03-14 16:38:24,dwslab/COMMAND,read_csv,csv_file,/Users/mueller/Documents/master-thesis/ontologymatcher/matchings/cmt-confOf_raw_matchings.csv
https://github.com/dwslab/COMMAND/blob/78decd1da14b8721240e469d5de597c9223d8e69/anomaly_detection/separated/pre_pro_pca_v/oacode_lof.rmp,https://raw.githubusercontent.com/dwslab/COMMAND/78decd1da14b8721240e469d5de597c9223d8e69/anomaly_detection/separated/pre_pro_pca_v/oacode_lof.rmp,https://api.github.com/repos/dwslab/COMMAND/git/blobs/3dc812b13f9bd8bf05f75c67a5e8fb2976191f8e,https://github.com/dwslab/COMMAND/blob/78decd1da14b8721240e469d5de597c9223d8e69/anomaly_detection/separated/pre_pro_pca_v/oacode_lof.rmp,anomaly_detection/separated/pre_pro_pca_v/oacode_lof.rmp,file,Scala,2015-04-23 08:35:11,2018-03-14 16:38:24,dwslab/COMMAND,read_csv,csv_file,/Users/mueller/Documents/master-thesis/ontologymatcher/matchings/cmt-confOf_raw_matchings.csv
https://github.com/dwslab/COMMAND/blob/78decd1da14b8721240e469d5de597c9223d8e69/anomaly_detection/separated/pre_pro_remove_corr/oacode_ldcof_regular_db_scan.rmp,https://raw.githubusercontent.com/dwslab/COMMAND/78decd1da14b8721240e469d5de597c9223d8e69/anomaly_detection/separated/pre_pro_remove_corr/oacode_ldcof_regular_db_scan.rmp,https://api.github.com/repos/dwslab/COMMAND/git/blobs/58ac42a6ccedfbb2fff30bce53ca34a1ab7107b8,https://github.com/dwslab/COMMAND/blob/78decd1da14b8721240e469d5de597c9223d8e69/anomaly_detection/separated/pre_pro_remove_corr/oacode_ldcof_regular_db_scan.rmp,anomaly_detection/separated/pre_pro_remove_corr/oacode_ldcof_regular_db_scan.rmp,file,Scala,2015-04-23 08:35:11,2018-03-14 16:38:24,dwslab/COMMAND,read_csv,csv_file,/Users/mueller/Documents/master-thesis/ontologymatcher/matchings/cmt-confOf_raw_matchings.csv
https://github.com/dwslab/COMMAND/blob/78decd1da14b8721240e469d5de597c9223d8e69/anomaly_detection/separated/pre_pro_remove_corr/oacode_ldcof_regular_x_means.rmp,https://raw.githubusercontent.com/dwslab/COMMAND/78decd1da14b8721240e469d5de597c9223d8e69/anomaly_detection/separated/pre_pro_remove_corr/oacode_ldcof_regular_x_means.rmp,https://api.github.com/repos/dwslab/COMMAND/git/blobs/dff10aa17e5ff7ffdff5d36048105ce7fc8dee2b,https://github.com/dwslab/COMMAND/blob/78decd1da14b8721240e469d5de597c9223d8e69/anomaly_detection/separated/pre_pro_remove_corr/oacode_ldcof_regular_x_means.rmp,anomaly_detection/separated/pre_pro_remove_corr/oacode_ldcof_regular_x_means.rmp,file,Scala,2015-04-23 08:35:11,2018-03-14 16:38:24,dwslab/COMMAND,read_csv,csv_file,/Users/mueller/Documents/master-thesis/ontologymatcher/matchings/cmt-confOf_raw_matchings.csv
https://github.com/dwslab/COMMAND/blob/78decd1da14b8721240e469d5de597c9223d8e69/anomaly_detection/separated/pre_pro_remove_corr/oacode_ldcof_x_means.rmp,https://raw.githubusercontent.com/dwslab/COMMAND/78decd1da14b8721240e469d5de597c9223d8e69/anomaly_detection/separated/pre_pro_remove_corr/oacode_ldcof_x_means.rmp,https://api.github.com/repos/dwslab/COMMAND/git/blobs/3bcb54fb1dacb4882e7cbac1f05ddad724122437,https://github.com/dwslab/COMMAND/blob/78decd1da14b8721240e469d5de597c9223d8e69/anomaly_detection/separated/pre_pro_remove_corr/oacode_ldcof_x_means.rmp,anomaly_detection/separated/pre_pro_remove_corr/oacode_ldcof_x_means.rmp,file,Scala,2015-04-23 08:35:11,2018-03-14 16:38:24,dwslab/COMMAND,read_csv,csv_file,/Users/mueller/Documents/master-thesis/ontologymatcher/matchings/cmt-confOf_raw_matchings.csv
https://github.com/dwslab/COMMAND/blob/78decd1da14b8721240e469d5de597c9223d8e69/anomaly_detection/separated/pre_pro_remove_corr/oacode_cblof_unweighted_x_means.rmp,https://raw.githubusercontent.com/dwslab/COMMAND/78decd1da14b8721240e469d5de597c9223d8e69/anomaly_detection/separated/pre_pro_remove_corr/oacode_cblof_unweighted_x_means.rmp,https://api.github.com/repos/dwslab/COMMAND/git/blobs/2e556b1c140059ac174435403780b879e2e85b14,https://github.com/dwslab/COMMAND/blob/78decd1da14b8721240e469d5de597c9223d8e69/anomaly_detection/separated/pre_pro_remove_corr/oacode_cblof_unweighted_x_means.rmp,anomaly_detection/separated/pre_pro_remove_corr/oacode_cblof_unweighted_x_means.rmp,file,Scala,2015-04-23 08:35:11,2018-03-14 16:38:24,dwslab/COMMAND,read_csv,csv_file,/Users/mueller/Documents/master-thesis/ontologymatcher/matchings/anatomy/matchings/mouse-human_raw_matchings.csv
https://github.com/dwslab/COMMAND/blob/78decd1da14b8721240e469d5de597c9223d8e69/anomaly_detection/separated/pre_pro_remove_corr/oacode_rll_iso.rmp,https://raw.githubusercontent.com/dwslab/COMMAND/78decd1da14b8721240e469d5de597c9223d8e69/anomaly_detection/separated/pre_pro_remove_corr/oacode_rll_iso.rmp,https://api.github.com/repos/dwslab/COMMAND/git/blobs/06639792d74e18106cc2a48906953ff9d16d39e0,https://github.com/dwslab/COMMAND/blob/78decd1da14b8721240e469d5de597c9223d8e69/anomaly_detection/separated/pre_pro_remove_corr/oacode_rll_iso.rmp,anomaly_detection/separated/pre_pro_remove_corr/oacode_rll_iso.rmp,file,Scala,2015-04-23 08:35:11,2018-03-14 16:38:24,dwslab/COMMAND,read_csv,csv_file,/Users/mueller/Documents/master-thesis/ontologymatcher/matchings/cmt-confOf_raw_matchings.csv
https://github.com/dwslab/COMMAND/blob/78decd1da14b8721240e469d5de597c9223d8e69/anomaly_detection/separated/pre_pro_remove_corr/oacode_lof_regular.rmp,https://raw.githubusercontent.com/dwslab/COMMAND/78decd1da14b8721240e469d5de597c9223d8e69/anomaly_detection/separated/pre_pro_remove_corr/oacode_lof_regular.rmp,https://api.github.com/repos/dwslab/COMMAND/git/blobs/9c4f1d5dc9de4e58d91dde1c50de5b9a660182b5,https://github.com/dwslab/COMMAND/blob/78decd1da14b8721240e469d5de597c9223d8e69/anomaly_detection/separated/pre_pro_remove_corr/oacode_lof_regular.rmp,anomaly_detection/separated/pre_pro_remove_corr/oacode_lof_regular.rmp,file,Scala,2015-04-23 08:35:11,2018-03-14 16:38:24,dwslab/COMMAND,read_csv,csv_file,/Users/mueller/Documents/master-thesis/ontologymatcher/matchings/cmt-confOf_raw_matchings.csv
https://github.com/dwslab/COMMAND/blob/78decd1da14b8721240e469d5de597c9223d8e69/anomaly_detection/separated/pre_pro_remove_corr/oacode_lof.rmp,https://raw.githubusercontent.com/dwslab/COMMAND/78decd1da14b8721240e469d5de597c9223d8e69/anomaly_detection/separated/pre_pro_remove_corr/oacode_lof.rmp,https://api.github.com/repos/dwslab/COMMAND/git/blobs/e2bc5a11ff69e9d5a51a857344114099788cbe98,https://github.com/dwslab/COMMAND/blob/78decd1da14b8721240e469d5de597c9223d8e69/anomaly_detection/separated/pre_pro_remove_corr/oacode_lof.rmp,anomaly_detection/separated/pre_pro_remove_corr/oacode_lof.rmp,file,Scala,2015-04-23 08:35:11,2018-03-14 16:38:24,dwslab/COMMAND,read_csv,csv_file,/Users/mueller/Documents/master-thesis/ontologymatcher/matchings/cmt-confOf_raw_matchings.csv
https://github.com/dwslab/COMMAND/blob/78decd1da14b8721240e469d5de597c9223d8e69/anomaly_detection/separated/pre_pro_remove_corr/oacode_loop.rmp,https://raw.githubusercontent.com/dwslab/COMMAND/78decd1da14b8721240e469d5de597c9223d8e69/anomaly_detection/separated/pre_pro_remove_corr/oacode_loop.rmp,https://api.github.com/repos/dwslab/COMMAND/git/blobs/4997be37d42a277ec7fc3d3ebe4bfb6c1801a7bb,https://github.com/dwslab/COMMAND/blob/78decd1da14b8721240e469d5de597c9223d8e69/anomaly_detection/separated/pre_pro_remove_corr/oacode_loop.rmp,anomaly_detection/separated/pre_pro_remove_corr/oacode_loop.rmp,file,Scala,2015-04-23 08:35:11,2018-03-14 16:38:24,dwslab/COMMAND,read_csv,csv_file,/Users/mueller/Documents/master-thesis/ontologymatcher/matchings/cmt-confOf_raw_matchings.csv
https://github.com/dwslab/COMMAND/blob/78decd1da14b8721240e469d5de597c9223d8e69/anomaly_detection/separated/pre_pro_remove_corr/oacode_knn.rmp,https://raw.githubusercontent.com/dwslab/COMMAND/78decd1da14b8721240e469d5de597c9223d8e69/anomaly_detection/separated/pre_pro_remove_corr/oacode_knn.rmp,https://api.github.com/repos/dwslab/COMMAND/git/blobs/446eddaa99c09d28f37d62e57e46bbdfbbf6b61c,https://github.com/dwslab/COMMAND/blob/78decd1da14b8721240e469d5de597c9223d8e69/anomaly_detection/separated/pre_pro_remove_corr/oacode_knn.rmp,anomaly_detection/separated/pre_pro_remove_corr/oacode_knn.rmp,file,Scala,2015-04-23 08:35:11,2018-03-14 16:38:24,dwslab/COMMAND,read_csv,csv_file,/Users/mueller/Documents/master-thesis/ontologymatcher/matchings/benchmarks/matchings/101-202_raw_matchings.csv
https://github.com/dwslab/COMMAND/blob/78decd1da14b8721240e469d5de597c9223d8e69/anomaly_detection/separated/pre_pro_remove_corr/oacode_rnn.rmp,https://raw.githubusercontent.com/dwslab/COMMAND/78decd1da14b8721240e469d5de597c9223d8e69/anomaly_detection/separated/pre_pro_remove_corr/oacode_rnn.rmp,https://api.github.com/repos/dwslab/COMMAND/git/blobs/5ad80eab78a2be8eab115e23f9f249d394779b21,https://github.com/dwslab/COMMAND/blob/78decd1da14b8721240e469d5de597c9223d8e69/anomaly_detection/separated/pre_pro_remove_corr/oacode_rnn.rmp,anomaly_detection/separated/pre_pro_remove_corr/oacode_rnn.rmp,file,Scala,2015-04-23 08:35:11,2018-03-14 16:38:24,dwslab/COMMAND,read_csv,csv_file,/Users/mueller/Documents/master-thesis/ontologymatcher/matchings/conference/matchings/cmt-confOf_raw_matchings.csv
https://github.com/dwslab/COMMAND/blob/78decd1da14b8721240e469d5de597c9223d8e69/anomaly_detection/separated/pre_pro_remove_corr/oacode_rll_m5p.rmp,https://raw.githubusercontent.com/dwslab/COMMAND/78decd1da14b8721240e469d5de597c9223d8e69/anomaly_detection/separated/pre_pro_remove_corr/oacode_rll_m5p.rmp,https://api.github.com/repos/dwslab/COMMAND/git/blobs/20c358ebaac3d123074543a5876ca53401b416fc,https://github.com/dwslab/COMMAND/blob/78decd1da14b8721240e469d5de597c9223d8e69/anomaly_detection/separated/pre_pro_remove_corr/oacode_rll_m5p.rmp,anomaly_detection/separated/pre_pro_remove_corr/oacode_rll_m5p.rmp,file,Scala,2015-04-23 08:35:11,2018-03-14 16:38:24,dwslab/COMMAND,read_csv,csv_file,/Users/mueller/Documents/master-thesis/ontologymatcher/matchings/cmt-confOf_raw_matchings.csv
https://github.com/krishnakanth590/DimensionalityReduction/blob/8038b7145ca06978dcd65eb35c05f017855ad4aa/RapidMinerProcessFiles/ApplyModel.rmp,https://raw.githubusercontent.com/krishnakanth590/DimensionalityReduction/8038b7145ca06978dcd65eb35c05f017855ad4aa/RapidMinerProcessFiles/ApplyModel.rmp,https://api.github.com/repos/krishnakanth590/DimensionalityReduction/git/blobs/145246c628ddb3eb8cb6e83f61a5d56ee0fb4499,https://github.com/krishnakanth590/DimensionalityReduction/blob/8038b7145ca06978dcd65eb35c05f017855ad4aa/RapidMinerProcessFiles/ApplyModel.rmp,RapidMinerProcessFiles/ApplyModel.rmp,file,,2015-06-01 11:15:47,2015-06-01 11:15:47,krishnakanth590/DimensionalityReduction,read_csv,csv_file,C:\pva_futureData_forScoring.csv
https://github.com/krishnakanth590/DimensionalityReduction/blob/8038b7145ca06978dcd65eb35c05f017855ad4aa/RapidMinerProcessFiles/Assignment2_Revision3.rmp,https://raw.githubusercontent.com/krishnakanth590/DimensionalityReduction/8038b7145ca06978dcd65eb35c05f017855ad4aa/RapidMinerProcessFiles/Assignment2_Revision3.rmp,https://api.github.com/repos/krishnakanth590/DimensionalityReduction/git/blobs/e8525f0a80ed14401f9becfb2206ebf396a4e35f,https://github.com/krishnakanth590/DimensionalityReduction/blob/8038b7145ca06978dcd65eb35c05f017855ad4aa/RapidMinerProcessFiles/Assignment2_Revision3.rmp,RapidMinerProcessFiles/Assignment2_Revision3.rmp,file,,2015-06-01 11:15:47,2015-06-01 11:15:47,krishnakanth590/DimensionalityReduction,read_csv,csv_file,C:\pvaBalancedTrg.csv
https://github.com/krishnakanth590/DimensionalityReduction/blob/8038b7145ca06978dcd65eb35c05f017855ad4aa/RapidMinerProcessFiles/Assignment2_All_attributes_DT.rmp,https://raw.githubusercontent.com/krishnakanth590/DimensionalityReduction/8038b7145ca06978dcd65eb35c05f017855ad4aa/RapidMinerProcessFiles/Assignment2_All_attributes_DT.rmp,https://api.github.com/repos/krishnakanth590/DimensionalityReduction/git/blobs/9d46b4f00284e6235c884dab5a4d4bbdd761b2b0,https://github.com/krishnakanth590/DimensionalityReduction/blob/8038b7145ca06978dcd65eb35c05f017855ad4aa/RapidMinerProcessFiles/Assignment2_All_attributes_DT.rmp,RapidMinerProcessFiles/Assignment2_All_attributes_DT.rmp,file,,2015-06-01 11:15:47,2015-06-01 11:15:47,krishnakanth590/DimensionalityReduction,read_csv,csv_file,C:\pvaBalancedTrg.csv
https://github.com/krishnakanth590/DimensionalityReduction/blob/8038b7145ca06978dcd65eb35c05f017855ad4aa/RapidMinerProcessFiles/pvaData_Preprocess_Model_2.rmp,https://raw.githubusercontent.com/krishnakanth590/DimensionalityReduction/8038b7145ca06978dcd65eb35c05f017855ad4aa/RapidMinerProcessFiles/pvaData_Preprocess_Model_2.rmp,https://api.github.com/repos/krishnakanth590/DimensionalityReduction/git/blobs/be3523739a910e68fab3994a6712c7ab7829c62d,https://github.com/krishnakanth590/DimensionalityReduction/blob/8038b7145ca06978dcd65eb35c05f017855ad4aa/RapidMinerProcessFiles/pvaData_Preprocess_Model_2.rmp,RapidMinerProcessFiles/pvaData_Preprocess_Model_2.rmp,file,,2015-06-01 11:15:47,2015-06-01 11:15:47,krishnakanth590/DimensionalityReduction,read_csv,csv_file,C:\pvaBalancedTrg.csv
https://github.com/krishnakanth590/DimensionalityReduction/blob/8038b7145ca06978dcd65eb35c05f017855ad4aa/RapidMinerProcessFiles/Assignment2_Revision2.rmp,https://raw.githubusercontent.com/krishnakanth590/DimensionalityReduction/8038b7145ca06978dcd65eb35c05f017855ad4aa/RapidMinerProcessFiles/Assignment2_Revision2.rmp,https://api.github.com/repos/krishnakanth590/DimensionalityReduction/git/blobs/edca89600bf9a2fb133aaa0003fcbbd4f2ebfeb2,https://github.com/krishnakanth590/DimensionalityReduction/blob/8038b7145ca06978dcd65eb35c05f017855ad4aa/RapidMinerProcessFiles/Assignment2_Revision2.rmp,RapidMinerProcessFiles/Assignment2_Revision2.rmp,file,,2015-06-01 11:15:47,2015-06-01 11:15:47,krishnakanth590/DimensionalityReduction,read_csv,csv_file,C:\pvaBalancedTrg.csv
https://github.com/krishnakanth590/DimensionalityReduction/blob/8038b7145ca06978dcd65eb35c05f017855ad4aa/RapidMinerProcessFiles/pvaData_Preprocess_Model.rmp,https://raw.githubusercontent.com/krishnakanth590/DimensionalityReduction/8038b7145ca06978dcd65eb35c05f017855ad4aa/RapidMinerProcessFiles/pvaData_Preprocess_Model.rmp,https://api.github.com/repos/krishnakanth590/DimensionalityReduction/git/blobs/1ec450c5e385d335b30649b074d0c5f77b614991,https://github.com/krishnakanth590/DimensionalityReduction/blob/8038b7145ca06978dcd65eb35c05f017855ad4aa/RapidMinerProcessFiles/pvaData_Preprocess_Model.rmp,RapidMinerProcessFiles/pvaData_Preprocess_Model.rmp,file,,2015-06-01 11:15:47,2015-06-01 11:15:47,krishnakanth590/DimensionalityReduction,read_csv,csv_file,C:\pvaBalancedTrg.csv
https://github.com/krishnakanth590/DimensionalityReduction/blob/8038b7145ca06978dcd65eb35c05f017855ad4aa/RapidMinerProcessFiles/Assignment2_Include_Interests_PCA.rmp,https://raw.githubusercontent.com/krishnakanth590/DimensionalityReduction/8038b7145ca06978dcd65eb35c05f017855ad4aa/RapidMinerProcessFiles/Assignment2_Include_Interests_PCA.rmp,https://api.github.com/repos/krishnakanth590/DimensionalityReduction/git/blobs/9c797382972a6f6bc79f6c7dd466502c1407b996,https://github.com/krishnakanth590/DimensionalityReduction/blob/8038b7145ca06978dcd65eb35c05f017855ad4aa/RapidMinerProcessFiles/Assignment2_Include_Interests_PCA.rmp,RapidMinerProcessFiles/Assignment2_Include_Interests_PCA.rmp,file,,2015-06-01 11:15:47,2015-06-01 11:15:47,krishnakanth590/DimensionalityReduction,read_csv,csv_file,C:\pvaBalancedTrg.csv
https://github.com/krishnakanth590/DimensionalityReduction/blob/8038b7145ca06978dcd65eb35c05f017855ad4aa/RapidMinerProcessFiles/Assignment2_No_PCA.rmp,https://raw.githubusercontent.com/krishnakanth590/DimensionalityReduction/8038b7145ca06978dcd65eb35c05f017855ad4aa/RapidMinerProcessFiles/Assignment2_No_PCA.rmp,https://api.github.com/repos/krishnakanth590/DimensionalityReduction/git/blobs/8e8daa7cb50d217544e334fe14a0d65721c659ec,https://github.com/krishnakanth590/DimensionalityReduction/blob/8038b7145ca06978dcd65eb35c05f017855ad4aa/RapidMinerProcessFiles/Assignment2_No_PCA.rmp,RapidMinerProcessFiles/Assignment2_No_PCA.rmp,file,,2015-06-01 11:15:47,2015-06-01 11:15:47,krishnakanth590/DimensionalityReduction,read_csv,csv_file,C:\pvaBalancedTrg.csv
https://github.com/krishnakanth590/DimensionalityReduction/blob/8038b7145ca06978dcd65eb35c05f017855ad4aa/RapidMinerProcessFiles/ApplyModel_Revision2.rmp,https://raw.githubusercontent.com/krishnakanth590/DimensionalityReduction/8038b7145ca06978dcd65eb35c05f017855ad4aa/RapidMinerProcessFiles/ApplyModel_Revision2.rmp,https://api.github.com/repos/krishnakanth590/DimensionalityReduction/git/blobs/be6c474c5f95479781378dde1e6d3a2434514812,https://github.com/krishnakanth590/DimensionalityReduction/blob/8038b7145ca06978dcd65eb35c05f017855ad4aa/RapidMinerProcessFiles/ApplyModel_Revision2.rmp,RapidMinerProcessFiles/ApplyModel_Revision2.rmp,file,,2015-06-01 11:15:47,2015-06-01 11:15:47,krishnakanth590/DimensionalityReduction,read_csv,csv_file,C:\pva_futureData_forScoring.csv
https://github.com/krishnakanth590/DimensionalityReduction/blob/8038b7145ca06978dcd65eb35c05f017855ad4aa/RapidMinerProcessFiles/pvaData_Preprocess.rmp,https://raw.githubusercontent.com/krishnakanth590/DimensionalityReduction/8038b7145ca06978dcd65eb35c05f017855ad4aa/RapidMinerProcessFiles/pvaData_Preprocess.rmp,https://api.github.com/repos/krishnakanth590/DimensionalityReduction/git/blobs/5a708b96a15f6bb37f62fa1428e2049de788b70e,https://github.com/krishnakanth590/DimensionalityReduction/blob/8038b7145ca06978dcd65eb35c05f017855ad4aa/RapidMinerProcessFiles/pvaData_Preprocess.rmp,RapidMinerProcessFiles/pvaData_Preprocess.rmp,file,,2015-06-01 11:15:47,2015-06-01 11:15:47,krishnakanth590/DimensionalityReduction,read_csv,csv_file,E:\ids572\ids572Spr2015\pvaBalancedTrg.csv
https://github.com/mounicasirineni/Dimensionality-Reduction-and-Target-Marketing/blob/c0f3e7f4a14cb2ddf1542ac6f1d72e151390d81f/RapidMinerProcess/ScoringProcess.rmp,https://raw.githubusercontent.com/mounicasirineni/Dimensionality-Reduction-and-Target-Marketing/c0f3e7f4a14cb2ddf1542ac6f1d72e151390d81f/RapidMinerProcess/ScoringProcess.rmp,https://api.github.com/repos/mounicasirineni/Dimensionality-Reduction-and-Target-Marketing/git/blobs/0ea5b04d28c5a3db8a73650878aacbf8afa8d2de,https://github.com/mounicasirineni/Dimensionality-Reduction-and-Target-Marketing/blob/c0f3e7f4a14cb2ddf1542ac6f1d72e151390d81f/RapidMinerProcess/ScoringProcess.rmp,RapidMinerProcess/ScoringProcess.rmp,file,,2015-12-12 06:39:43,2016-02-07 18:10:46,mounicasirineni/Dimensionality-Reduction-and-Target-Marketing,read_csv,csv_file,G:\MIS\Sem1_DataMining\Assign_2_files\pva_futureData_forScoring.csv
https://github.com/mounicasirineni/Dimensionality-Reduction-and-Target-Marketing/blob/c0f3e7f4a14cb2ddf1542ac6f1d72e151390d81f/RapidMinerProcess/pvaData_Process_Model.rmp,https://raw.githubusercontent.com/mounicasirineni/Dimensionality-Reduction-and-Target-Marketing/c0f3e7f4a14cb2ddf1542ac6f1d72e151390d81f/RapidMinerProcess/pvaData_Process_Model.rmp,https://api.github.com/repos/mounicasirineni/Dimensionality-Reduction-and-Target-Marketing/git/blobs/eb43972e63ad7a3a39c70cc442d2b6bdb93e216e,https://github.com/mounicasirineni/Dimensionality-Reduction-and-Target-Marketing/blob/c0f3e7f4a14cb2ddf1542ac6f1d72e151390d81f/RapidMinerProcess/pvaData_Process_Model.rmp,RapidMinerProcess/pvaData_Process_Model.rmp,file,,2015-12-12 06:39:43,2016-02-07 18:10:46,mounicasirineni/Dimensionality-Reduction-and-Target-Marketing,read_csv,csv_file,C:\Users\Mounica\Desktop\SEMESTER\SEMESTER - 3\Data Mining\Assignment 2\pvaBalancedTrg.csv
https://github.com/namman2/Data-Analytics-Projects/blob/fb4158dc943d0ecff0c052b9c40dbc176fb39b51/Movie%20Recommender%20System%20Data%20Analysis%20(Movie%20Lens)/Files/itemRecomm_movieLens_exampleB.rmp,https://raw.githubusercontent.com/namman2/Data-Analytics-Projects/fb4158dc943d0ecff0c052b9c40dbc176fb39b51/Movie%20Recommender%20System%20Data%20Analysis%20(Movie%20Lens)/Files/itemRecomm_movieLens_exampleB.rmp,https://api.github.com/repos/namman2/Data-Analytics-Projects/git/blobs/817467127f95b75088ef8870633ab575085fb2e2,https://github.com/namman2/Data-Analytics-Projects/blob/fb4158dc943d0ecff0c052b9c40dbc176fb39b51/Movie%20Recommender%20System%20Data%20Analysis%20(Movie%20Lens)/Files/itemRecomm_movieLens_exampleB.rmp,Movie Recommender System Data Analysis (Movie Lens)/Files/itemRecomm_movieLens_exampleB.rmp,file,Jupyter Notebook,2015-12-24 08:22:50,2018-03-13 18:45:27,namman2/Data-Analytics-Projects,read_csv,csv_file,C:\Users\Chiku\Desktop\1. Industrial Engineering\Data Mining\Assignments\Assignment 5\Supporting Files\uaTrg.csv
https://github.com/namman2/Data-Analytics-Projects/blob/fb4158dc943d0ecff0c052b9c40dbc176fb39b51/Target%20Marketing%20%E2%80%93%20Fundraising%20Data%20Analysis%20(UCI%20KDD%20Cup%201998)/Files/pvaData_exampleMaxProfit.rmp,https://raw.githubusercontent.com/namman2/Data-Analytics-Projects/fb4158dc943d0ecff0c052b9c40dbc176fb39b51/Target%20Marketing%20%E2%80%93%20Fundraising%20Data%20Analysis%20(UCI%20KDD%20Cup%201998)/Files/pvaData_exampleMaxProfit.rmp,https://api.github.com/repos/namman2/Data-Analytics-Projects/git/blobs/16c9cde4e7aff6e918e8f7a1ccf3af527d1922be,https://github.com/namman2/Data-Analytics-Projects/blob/fb4158dc943d0ecff0c052b9c40dbc176fb39b51/Target%20Marketing%20%E2%80%93%20Fundraising%20Data%20Analysis%20(UCI%20KDD%20Cup%201998)/Files/pvaData_exampleMaxProfit.rmp,Target Marketing – Fundraising Data Analysis (UCI KDD Cup 1998)/Files/pvaData_exampleMaxProfit.rmp,file,Jupyter Notebook,2015-12-24 08:22:50,2018-03-13 18:45:27,namman2/Data-Analytics-Projects,read_csv,csv_file,E:\ids572\pva_kdd98\pvaBalancedTrg.csv
https://github.com/namman2/Data-Analytics-Projects/blob/fb4158dc943d0ecff0c052b9c40dbc176fb39b51/Target%20Marketing%20%E2%80%93%20Fundraising%20Data%20Analysis%20(UCI%20KDD%20Cup%201998)/Files/TargetMarketing.rmp,https://raw.githubusercontent.com/namman2/Data-Analytics-Projects/fb4158dc943d0ecff0c052b9c40dbc176fb39b51/Target%20Marketing%20%E2%80%93%20Fundraising%20Data%20Analysis%20(UCI%20KDD%20Cup%201998)/Files/TargetMarketing.rmp,https://api.github.com/repos/namman2/Data-Analytics-Projects/git/blobs/9faa1344da52ca3a80051fa1d453183cb88cba46,https://github.com/namman2/Data-Analytics-Projects/blob/fb4158dc943d0ecff0c052b9c40dbc176fb39b51/Target%20Marketing%20%E2%80%93%20Fundraising%20Data%20Analysis%20(UCI%20KDD%20Cup%201998)/Files/TargetMarketing.rmp,Target Marketing – Fundraising Data Analysis (UCI KDD Cup 1998)/Files/TargetMarketing.rmp,file,Jupyter Notebook,2015-12-24 08:22:50,2018-03-13 18:45:27,namman2/Data-Analytics-Projects,read_csv,csv_file,D:\SEMESTER-2\Data Mining\Assignments\Assignment 2\pvaBal35Trg.csv
https://github.com/namman2/Data-Analytics-Projects/blob/fb4158dc943d0ecff0c052b9c40dbc176fb39b51/Target%20Marketing%20%E2%80%93%20Fundraising%20Data%20Analysis%20(UCI%20KDD%20Cup%201998)/Files/Best%20Model%20(KNN)%20-%20Writing%20the%20model.rmp,https://raw.githubusercontent.com/namman2/Data-Analytics-Projects/fb4158dc943d0ecff0c052b9c40dbc176fb39b51/Target%20Marketing%20%E2%80%93%20Fundraising%20Data%20Analysis%20(UCI%20KDD%20Cup%201998)/Files/Best%20Model%20(KNN)%20-%20Writing%20the%20model.rmp,https://api.github.com/repos/namman2/Data-Analytics-Projects/git/blobs/34263e35be6b0fba7dc7a569d859d8015f7e35eb,https://github.com/namman2/Data-Analytics-Projects/blob/fb4158dc943d0ecff0c052b9c40dbc176fb39b51/Target%20Marketing%20%E2%80%93%20Fundraising%20Data%20Analysis%20(UCI%20KDD%20Cup%201998)/Files/Best%20Model%20(KNN)%20-%20Writing%20the%20model.rmp,Target Marketing – Fundraising Data Analysis (UCI KDD Cup 1998)/Files/Best Model (KNN) - Writing the model.rmp,file,Jupyter Notebook,2015-12-24 08:22:50,2018-03-13 18:45:27,namman2/Data-Analytics-Projects,read_csv,csv_file,D:\SEMESTER-2\Data Mining\Assignments\Assignment 3\pva_futureData_forScoring.csv
https://github.com/namman2/Data-Analytics-Projects/blob/fb4158dc943d0ecff0c052b9c40dbc176fb39b51/Target%20Marketing%20%E2%80%93%20Fundraising%20Data%20Analysis%20(UCI%20KDD%20Cup%201998)/Files/pvaData_Preprocess.rmp,https://raw.githubusercontent.com/namman2/Data-Analytics-Projects/fb4158dc943d0ecff0c052b9c40dbc176fb39b51/Target%20Marketing%20%E2%80%93%20Fundraising%20Data%20Analysis%20(UCI%20KDD%20Cup%201998)/Files/pvaData_Preprocess.rmp,https://api.github.com/repos/namman2/Data-Analytics-Projects/git/blobs/5de225096047739c324f6ab6a6f4c984311dafbd,https://github.com/namman2/Data-Analytics-Projects/blob/fb4158dc943d0ecff0c052b9c40dbc176fb39b51/Target%20Marketing%20%E2%80%93%20Fundraising%20Data%20Analysis%20(UCI%20KDD%20Cup%201998)/Files/pvaData_Preprocess.rmp,Target Marketing – Fundraising Data Analysis (UCI KDD Cup 1998)/Files/pvaData_Preprocess.rmp,file,Jupyter Notebook,2015-12-24 08:22:50,2018-03-13 18:45:27,namman2/Data-Analytics-Projects,read_csv,csv_file,E:\ids572\pva_kdd98\pvaBal35Trg.csv
https://github.com/namman2/Data-Analytics-Projects/blob/fb4158dc943d0ecff0c052b9c40dbc176fb39b51/Target%20Marketing%20%E2%80%93%20Fundraising%20Data%20Analysis%20(UCI%20KDD%20Cup%201998)/Files/Final%20Scoring%20of%20Unseen%20Data.rmp,https://raw.githubusercontent.com/namman2/Data-Analytics-Projects/fb4158dc943d0ecff0c052b9c40dbc176fb39b51/Target%20Marketing%20%E2%80%93%20Fundraising%20Data%20Analysis%20(UCI%20KDD%20Cup%201998)/Files/Final%20Scoring%20of%20Unseen%20Data.rmp,https://api.github.com/repos/namman2/Data-Analytics-Projects/git/blobs/0797216c81f3334f0a60888950554ba5d04114c4,https://github.com/namman2/Data-Analytics-Projects/blob/fb4158dc943d0ecff0c052b9c40dbc176fb39b51/Target%20Marketing%20%E2%80%93%20Fundraising%20Data%20Analysis%20(UCI%20KDD%20Cup%201998)/Files/Final%20Scoring%20of%20Unseen%20Data.rmp,Target Marketing – Fundraising Data Analysis (UCI KDD Cup 1998)/Files/Final Scoring of Unseen Data.rmp,file,Jupyter Notebook,2015-12-24 08:22:50,2018-03-13 18:45:27,namman2/Data-Analytics-Projects,read_csv,csv_file,D:\SEMESTER-2\Data Mining\Assignments\Assignment 3\pva_futureData_forScoring.csv
https://github.com/themrbarti/tox21-challenge-publication/blob/61482bc2cf16322d6cc4826ffa6695d2f750cfa0/processes/rapidminer/3-selecting-attributes-by-weights.rmp,https://raw.githubusercontent.com/themrbarti/tox21-challenge-publication/61482bc2cf16322d6cc4826ffa6695d2f750cfa0/processes/rapidminer/3-selecting-attributes-by-weights.rmp,https://api.github.com/repos/themrbarti/tox21-challenge-publication/git/blobs/536076d2bc0acbca266e150d5bd503f22ba2ea01,https://github.com/themrbarti/tox21-challenge-publication/blob/61482bc2cf16322d6cc4826ffa6695d2f750cfa0/processes/rapidminer/3-selecting-attributes-by-weights.rmp,processes/rapidminer/3-selecting-attributes-by-weights.rmp,file,Python,2016-07-14 16:57:28,2016-07-15 19:13:11,themrbarti/tox21-challenge-publication,read_csv,csv_file,E:\zimanyi-peter\tox21\2-sulyfuggveny-alkalmazasa\141109-training-target.csv
https://github.com/themrbarti/tox21-challenge-publication/blob/61482bc2cf16322d6cc4826ffa6695d2f750cfa0/processes/rapidminer/4-preparing-final-evaluation-set.rmp,https://raw.githubusercontent.com/themrbarti/tox21-challenge-publication/61482bc2cf16322d6cc4826ffa6695d2f750cfa0/processes/rapidminer/4-preparing-final-evaluation-set.rmp,https://api.github.com/repos/themrbarti/tox21-challenge-publication/git/blobs/51045c839de52310185ad4afd0fb04e0b449b003,https://github.com/themrbarti/tox21-challenge-publication/blob/61482bc2cf16322d6cc4826ffa6695d2f750cfa0/processes/rapidminer/4-preparing-final-evaluation-set.rmp,processes/rapidminer/4-preparing-final-evaluation-set.rmp,file,Python,2016-07-14 16:57:28,2016-07-15 19:13:11,themrbarti/tox21-challenge-publication,read_csv,csv_file,E:\zimanyi-peter\tox21\3-modellezés\input\141114-padel-descriptors.csv
https://github.com/gzidczq/SPC-Finder/blob/c0965af3ce48194e31b4ea5f83c677aae298947e/rapidMinerProcesses/GSP_RedisFuc.rmp,https://raw.githubusercontent.com/gzidczq/SPC-Finder/c0965af3ce48194e31b4ea5f83c677aae298947e/rapidMinerProcesses/GSP_RedisFuc.rmp,https://api.github.com/repos/gzidczq/SPC-Finder/git/blobs/2e3d1e2de1f1b91078f52f1b43291c1d8a10bd24,https://github.com/gzidczq/SPC-Finder/blob/c0965af3ce48194e31b4ea5f83c677aae298947e/rapidMinerProcesses/GSP_RedisFuc.rmp,rapidMinerProcesses/GSP_RedisFuc.rmp,file,Python,2016-08-30 15:23:55,2016-09-08 01:37:58,gzidczq/SPC-Finder,read_csv,csv_file,/home/czq/expriment8.24/funcForGSP_redis.csv
https://github.com/gzidczq/SPC-Finder/blob/c0965af3ce48194e31b4ea5f83c677aae298947e/rapidMinerProcesses/GSP_RedisFuc_lua.rmp,https://raw.githubusercontent.com/gzidczq/SPC-Finder/c0965af3ce48194e31b4ea5f83c677aae298947e/rapidMinerProcesses/GSP_RedisFuc_lua.rmp,https://api.github.com/repos/gzidczq/SPC-Finder/git/blobs/0169b3ec926078ec1483df29c16674afa13786a0,https://github.com/gzidczq/SPC-Finder/blob/c0965af3ce48194e31b4ea5f83c677aae298947e/rapidMinerProcesses/GSP_RedisFuc_lua.rmp,rapidMinerProcesses/GSP_RedisFuc_lua.rmp,file,Python,2016-08-30 15:23:55,2016-09-08 01:37:58,gzidczq/SPC-Finder,read_csv,csv_file,/home/czq/expriment8.24/funcForGSP_lua.csv
https://github.com/gzidczq/SPC-Finder/blob/c0965af3ce48194e31b4ea5f83c677aae298947e/rapidMinerProcesses/GSP_RedisFuc_sqlite.rmp,https://raw.githubusercontent.com/gzidczq/SPC-Finder/c0965af3ce48194e31b4ea5f83c677aae298947e/rapidMinerProcesses/GSP_RedisFuc_sqlite.rmp,https://api.github.com/repos/gzidczq/SPC-Finder/git/blobs/0169b3ec926078ec1483df29c16674afa13786a0,https://github.com/gzidczq/SPC-Finder/blob/c0965af3ce48194e31b4ea5f83c677aae298947e/rapidMinerProcesses/GSP_RedisFuc_sqlite.rmp,rapidMinerProcesses/GSP_RedisFuc_sqlite.rmp,file,Python,2016-08-30 15:23:55,2016-09-08 01:37:58,gzidczq/SPC-Finder,read_csv,csv_file,/home/czq/expriment8.24/funcForGSP_lua.csv
https://github.com/gzidczq/SPC-Finder/blob/c0965af3ce48194e31b4ea5f83c677aae298947e/rapidMinerProcesses/GSP_RedisFuc2.rmp,https://raw.githubusercontent.com/gzidczq/SPC-Finder/c0965af3ce48194e31b4ea5f83c677aae298947e/rapidMinerProcesses/GSP_RedisFuc2.rmp,https://api.github.com/repos/gzidczq/SPC-Finder/git/blobs/4f75a5eb15bc171de68121a592597e8f464ff3bf,https://github.com/gzidczq/SPC-Finder/blob/c0965af3ce48194e31b4ea5f83c677aae298947e/rapidMinerProcesses/GSP_RedisFuc2.rmp,rapidMinerProcesses/GSP_RedisFuc2.rmp,file,Python,2016-08-30 15:23:55,2016-09-08 01:37:58,gzidczq/SPC-Finder,read_csv,csv_file,/home/czq/expriment8.24/funcForGSP_redis.csv
https://github.com/FNeubuerger/SMD_WS_1617/blob/f43cca093d985fdb83981a13e9ff0d5a22ba15d7/Abgabe_Blatt05/Datenbereinigung.rmp,https://raw.githubusercontent.com/FNeubuerger/SMD_WS_1617/f43cca093d985fdb83981a13e9ff0d5a22ba15d7/Abgabe_Blatt05/Datenbereinigung.rmp,https://api.github.com/repos/FNeubuerger/SMD_WS_1617/git/blobs/d24291a93bc5aab5e40740bfa1592c889246f0ab,https://github.com/FNeubuerger/SMD_WS_1617/blob/f43cca093d985fdb83981a13e9ff0d5a22ba15d7/Abgabe_Blatt05/Datenbereinigung.rmp,Abgabe_Blatt05/Datenbereinigung.rmp,file,Jupyter Notebook,2016-10-24 09:00:41,2016-11-02 22:19:17,FNeubuerger/SMD_WS_1617,read_csv,csv_file,/home/helena/Downloads/background.csv
https://github.com/FNeubuerger/SMD_WS_1617/blob/f43cca093d985fdb83981a13e9ff0d5a22ba15d7/Blatt05/Datenbereinigung.rmp,https://raw.githubusercontent.com/FNeubuerger/SMD_WS_1617/f43cca093d985fdb83981a13e9ff0d5a22ba15d7/Blatt05/Datenbereinigung.rmp,https://api.github.com/repos/FNeubuerger/SMD_WS_1617/git/blobs/d24291a93bc5aab5e40740bfa1592c889246f0ab,https://github.com/FNeubuerger/SMD_WS_1617/blob/f43cca093d985fdb83981a13e9ff0d5a22ba15d7/Blatt05/Datenbereinigung.rmp,Blatt05/Datenbereinigung.rmp,file,Jupyter Notebook,2016-10-24 09:00:41,2016-11-02 22:19:17,FNeubuerger/SMD_WS_1617,read_csv,csv_file,/home/helena/Downloads/background.csv
https://github.com/PremnathRamanathan/Target-marketing-fundraising/blob/a762310c5589203d837c0f63887ccd79e5e0e1dc/asgmnt2_final.rmp,https://raw.githubusercontent.com/PremnathRamanathan/Target-marketing-fundraising/a762310c5589203d837c0f63887ccd79e5e0e1dc/asgmnt2_final.rmp,https://api.github.com/repos/PremnathRamanathan/Target-marketing-fundraising/git/blobs/d016035b864ba2043edac88f22dfc915c4d1a012,https://github.com/PremnathRamanathan/Target-marketing-fundraising/blob/a762310c5589203d837c0f63887ccd79e5e0e1dc/asgmnt2_final.rmp,asgmnt2_final.rmp,file,,2016-12-21 19:15:59,2016-12-21 19:15:59,PremnathRamanathan/Target-marketing-fundraising,read_csv,csv_file,C:\Users\Prem\Desktop\MIS_UIC\DataMining\Assignment-2\pvaBal35Trg.csv
https://github.com/PremnathRamanathan/Target-marketing-fundraising/blob/e79b715b6249dfe6bb4d14153507ea9d867e71e1/RMP%20files/Assignment3_final.rmp,https://raw.githubusercontent.com/PremnathRamanathan/Target-marketing-fundraising/e79b715b6249dfe6bb4d14153507ea9d867e71e1/RMP%20files/Assignment3_final.rmp,https://api.github.com/repos/PremnathRamanathan/Target-marketing-fundraising/git/blobs/b12b13693ee54196212287e31c8ea914f15f3f2a,https://github.com/PremnathRamanathan/Target-marketing-fundraising/blob/e79b715b6249dfe6bb4d14153507ea9d867e71e1/RMP%20files/Assignment3_final.rmp,RMP files/Assignment3_final.rmp,file,,2016-12-21 19:15:59,2016-12-21 19:15:59,PremnathRamanathan/Target-marketing-fundraising,read_csv,csv_file,C:\Users\Prem\Desktop\MIS_UIC\DataMining\Assignment-2\pvaBal35Trg.csv
https://github.com/PremnathRamanathan/Target-marketing-fundraising/blob/e79b715b6249dfe6bb4d14153507ea9d867e71e1/RMP%20files/Assignment-3.2.rmp,https://raw.githubusercontent.com/PremnathRamanathan/Target-marketing-fundraising/e79b715b6249dfe6bb4d14153507ea9d867e71e1/RMP%20files/Assignment-3.2.rmp,https://api.github.com/repos/PremnathRamanathan/Target-marketing-fundraising/git/blobs/740f3ea3897c6e112c4e7fcd5ac375806a6d1400,https://github.com/PremnathRamanathan/Target-marketing-fundraising/blob/e79b715b6249dfe6bb4d14153507ea9d867e71e1/RMP%20files/Assignment-3.2.rmp,RMP files/Assignment-3.2.rmp,file,,2016-12-21 19:15:59,2016-12-21 19:15:59,PremnathRamanathan/Target-marketing-fundraising,read_csv,csv_file,C:\Users\Prem\Desktop\MIS_UIC\DataMining\Assignment-2\pvaBal35Trg.csv
https://github.com/PremnathRamanathan/Target-marketing-fundraising/blob/e79b715b6249dfe6bb4d14153507ea9d867e71e1/RMP%20files/Assignment3_fundraising_prediction.rmp,https://raw.githubusercontent.com/PremnathRamanathan/Target-marketing-fundraising/e79b715b6249dfe6bb4d14153507ea9d867e71e1/RMP%20files/Assignment3_fundraising_prediction.rmp,https://api.github.com/repos/PremnathRamanathan/Target-marketing-fundraising/git/blobs/614302af3ec9d52597b0aebb876b9635aff58860,https://github.com/PremnathRamanathan/Target-marketing-fundraising/blob/e79b715b6249dfe6bb4d14153507ea9d867e71e1/RMP%20files/Assignment3_fundraising_prediction.rmp,RMP files/Assignment3_fundraising_prediction.rmp,file,,2016-12-21 19:15:59,2016-12-21 19:15:59,PremnathRamanathan/Target-marketing-fundraising,read_csv,csv_file,C:\Users\Prem\Desktop\MIS_UIC\DataMining\Assignment3\pva_futureData_forScoring (1).csv
https://github.com/saif137/mybi/blob/b03edd2524a9dd3956b9747a4eb53bc4b822b557/freelancertask/rapid_naive.rmp,https://raw.githubusercontent.com/saif137/mybi/b03edd2524a9dd3956b9747a4eb53bc4b822b557/freelancertask/rapid_naive.rmp,https://api.github.com/repos/saif137/mybi/git/blobs/5db96ee94b083a55a60cb8ecaa8b164af3b410cd,https://github.com/saif137/mybi/blob/b03edd2524a9dd3956b9747a4eb53bc4b822b557/freelancertask/rapid_naive.rmp,freelancertask/rapid_naive.rmp,file,Python,2017-02-04 04:27:32,2017-02-04 04:27:51,saif137/mybi,read_csv,csv_file,C:\data\certi\mybiwork\freelancertask\visitor_c.csv
https://github.com/saif137/mybi/blob/b03edd2524a9dd3956b9747a4eb53bc4b822b557/freelancertask/rapid_fpgrowth.rmp,https://raw.githubusercontent.com/saif137/mybi/b03edd2524a9dd3956b9747a4eb53bc4b822b557/freelancertask/rapid_fpgrowth.rmp,https://api.github.com/repos/saif137/mybi/git/blobs/4faa39160fefb1751691c5667f0bd3cb76c0e064,https://github.com/saif137/mybi/blob/b03edd2524a9dd3956b9747a4eb53bc4b822b557/freelancertask/rapid_fpgrowth.rmp,freelancertask/rapid_fpgrowth.rmp,file,Python,2017-02-04 04:27:32,2017-02-04 04:27:51,saif137/mybi,read_csv,csv_file,C:\data\certi\mybiwork\freelancertask\visitor_c.csv
https://github.com/saif137/mybi/blob/b03edd2524a9dd3956b9747a4eb53bc4b822b557/freelancertask/rapid_svm_logistic.rmp,https://raw.githubusercontent.com/saif137/mybi/b03edd2524a9dd3956b9747a4eb53bc4b822b557/freelancertask/rapid_svm_logistic.rmp,https://api.github.com/repos/saif137/mybi/git/blobs/a3c00331492040eebfba3b45ccd2f2bd588f3343,https://github.com/saif137/mybi/blob/b03edd2524a9dd3956b9747a4eb53bc4b822b557/freelancertask/rapid_svm_logistic.rmp,freelancertask/rapid_svm_logistic.rmp,file,Python,2017-02-04 04:27:32,2017-02-04 04:27:51,saif137/mybi,read_csv,csv_file,C:\data\certi\mybiwork\freelancertask\visitor_c.csv
https://github.com/kompellakaushik/Target-Marketing-to-Develop-Fund-Raising-Models/blob/3d31949c5a97aa30023cbbf8b8cc2c534051e9e8/Assignment%202/pvaData_Preprocess%20(1).rmp,https://raw.githubusercontent.com/kompellakaushik/Target-Marketing-to-Develop-Fund-Raising-Models/3d31949c5a97aa30023cbbf8b8cc2c534051e9e8/Assignment%202/pvaData_Preprocess%20(1).rmp,https://api.github.com/repos/kompellakaushik/Target-Marketing-to-Develop-Fund-Raising-Models/git/blobs/82c56d12e8a2c6d480c340ade8e7b9dcebf27ec5,https://github.com/kompellakaushik/Target-Marketing-to-Develop-Fund-Raising-Models/blob/3d31949c5a97aa30023cbbf8b8cc2c534051e9e8/Assignment%202/pvaData_Preprocess%20(1).rmp,Assignment 2/pvaData_Preprocess (1).rmp,file,R,2017-02-21 16:33:14,2017-02-21 23:52:46,kompellakaushik/Target-Marketing-to-Develop-Fund-Raising-Models,read_csv,csv_file,E:\ids572\pva_kdd98\pvaBal35Trg.csv
https://github.com/kompellakaushik/Target-Marketing-to-Develop-Fund-Raising-Models/blob/e6adea05b1ed6db5acc06a7a8261a914e5f401cb/Assignment%203/pvaData_exampleMaxProfit.rmp,https://raw.githubusercontent.com/kompellakaushik/Target-Marketing-to-Develop-Fund-Raising-Models/e6adea05b1ed6db5acc06a7a8261a914e5f401cb/Assignment%203/pvaData_exampleMaxProfit.rmp,https://api.github.com/repos/kompellakaushik/Target-Marketing-to-Develop-Fund-Raising-Models/git/blobs/cbce854b109323d782c5b93d99d8254837539615,https://github.com/kompellakaushik/Target-Marketing-to-Develop-Fund-Raising-Models/blob/e6adea05b1ed6db5acc06a7a8261a914e5f401cb/Assignment%203/pvaData_exampleMaxProfit.rmp,Assignment 3/pvaData_exampleMaxProfit.rmp,file,R,2017-02-21 16:33:14,2017-02-21 23:52:46,kompellakaushik/Target-Marketing-to-Develop-Fund-Raising-Models,read_csv,csv_file,E:\ids572\pva_kdd98\pvaBalancedTrg.csv
https://github.com/edugonza/DatabaseProcessMining-Repository/blob/b693ffb0ec8602267ebe7bc9c547ee3d90c829c6/Workflows/build-mm-from-sap.rmp,https://raw.githubusercontent.com/edugonza/DatabaseProcessMining-Repository/b693ffb0ec8602267ebe7bc9c547ee3d90c829c6/Workflows/build-mm-from-sap.rmp,https://api.github.com/repos/edugonza/DatabaseProcessMining-Repository/git/blobs/31b1a0d4f27643c122609c7db8ff186c20df10b7,https://github.com/edugonza/DatabaseProcessMining-Repository/blob/b693ffb0ec8602267ebe7bc9c547ee3d90c829c6/Workflows/build-mm-from-sap.rmp,Workflows/build-mm-from-sap.rmp,file,Shell,2016-12-13 15:20:07,2017-04-04 14:02:44,edugonza/DatabaseProcessMining-Repository,read_csv,csv_file,%{keys_file}
https://github.com/TodorovicNikola/HousePricesPrediction/blob/237817d9db8f1e27ade4ee9ca9bd81c2b5d5db9b/RapidMiner%20Projects/Model%20sa%20izbacenih%2018%20obelezja.rmp,https://raw.githubusercontent.com/TodorovicNikola/HousePricesPrediction/237817d9db8f1e27ade4ee9ca9bd81c2b5d5db9b/RapidMiner%20Projects/Model%20sa%20izbacenih%2018%20obelezja.rmp,https://api.github.com/repos/TodorovicNikola/HousePricesPrediction/git/blobs/a1704c2f9b226f9e1a8dad68afa6791f39adf815,https://github.com/TodorovicNikola/HousePricesPrediction/blob/237817d9db8f1e27ade4ee9ca9bd81c2b5d5db9b/RapidMiner%20Projects/Model%20sa%20izbacenih%2018%20obelezja.rmp,RapidMiner Projects/Model sa izbacenih 18 obelezja.rmp,file,R,2017-04-13 08:49:43,2017-04-13 08:54:22,TodorovicNikola/HousePricesPrediction,read_csv,csv_file,C:\Users\Eugene\Desktop\SIAP\SIAP\Projekat\Data Set\train.csv
https://github.com/jorotenev/hr_data_rapidminer/blob/98c036529a94736d722e0196d4e58dcbc6b8c559/data_repository/process.rmp,https://raw.githubusercontent.com/jorotenev/hr_data_rapidminer/98c036529a94736d722e0196d4e58dcbc6b8c559/data_repository/process.rmp,https://api.github.com/repos/jorotenev/hr_data_rapidminer/git/blobs/baa992a306d9febc72b4966d0ea35ce557e4bdc0,https://github.com/jorotenev/hr_data_rapidminer/blob/98c036529a94736d722e0196d4e58dcbc6b8c559/data_repository/process.rmp,data_repository/process.rmp,file,,2017-05-12 15:09:34,2017-05-12 15:09:34,jorotenev/hr_data_rapidminer,read_csv,csv_file,/home/georgi/Downloads/HR_data_for_students.csv
https://github.com/webpolis/fxpal/blob/0b1394a8330c1288fd7ce19b64fd3fba0769d4aa/app/data/eventsCrosses.xml,https://raw.githubusercontent.com/webpolis/fxpal/0b1394a8330c1288fd7ce19b64fd3fba0769d4aa/app/data/eventsCrosses.xml,https://api.github.com/repos/webpolis/fxpal/git/blobs/619b0087306b6469a88b9ad58f743e16dbb04255,https://github.com/webpolis/fxpal/blob/0b1394a8330c1288fd7ce19b64fd3fba0769d4aa/app/data/eventsCrosses.xml,app/data/eventsCrosses.xml,file,R,2017-10-04 21:11:30,2017-10-04 21:29:48,webpolis/fxpal,read_csv,csv_file,/Users/macbook/workspace/nico/aifx/app/data/eventsCrossesInputs.csv
https://github.com/data-mining-ulb/data-mining-2017/blob/b7c954639cb952aa0f883166e3503a2584dcd223/combined.rmp,https://raw.githubusercontent.com/data-mining-ulb/data-mining-2017/b7c954639cb952aa0f883166e3503a2584dcd223/combined.rmp,https://api.github.com/repos/data-mining-ulb/data-mining-2017/git/blobs/3e709182ffcfe094d5ae1fc01d290e70bc5cf8e4,https://github.com/data-mining-ulb/data-mining-2017/blob/b7c954639cb952aa0f883166e3503a2584dcd223/combined.rmp,combined.rmp,file,,2017-10-24 17:24:26,2017-10-24 17:24:26,data-mining-ulb/data-mining-2017,read_csv,csv_file,D:\data-mining-2017\Assignment1-dataset.csv
https://github.com/bhandariaditya/Target-Marketing-Fund-Raising/blob/2551ac90ef25010869ea5244abc0042bbc06aea8/Part-1.rmp,https://raw.githubusercontent.com/bhandariaditya/Target-Marketing-Fund-Raising/2551ac90ef25010869ea5244abc0042bbc06aea8/Part-1.rmp,https://api.github.com/repos/bhandariaditya/Target-Marketing-Fund-Raising/git/blobs/25ea39d83016c9425f75dbaf7ca943efc6823489,https://github.com/bhandariaditya/Target-Marketing-Fund-Raising/blob/2551ac90ef25010869ea5244abc0042bbc06aea8/Part-1.rmp,Part-1.rmp,file,Python,2017-11-19 00:16:17,2018-04-12 20:46:00,bhandariaditya/Target-Marketing-Fund-Raising,read_csv,csv_file,/Users/adityabhandari/Desktop/IDS572/Assignments/Assignment 2/pvaDataForModeling_Fall2017.csv
https://github.com/diegoocampoh/MachineLearningPhishing/blob/0be97a0222e5112d57f10ff86a228ae3155097df/RapidMinerProject/process.rmp,https://raw.githubusercontent.com/diegoocampoh/MachineLearningPhishing/0be97a0222e5112d57f10ff86a228ae3155097df/RapidMinerProject/process.rmp,https://api.github.com/repos/diegoocampoh/MachineLearningPhishing/git/blobs/eb79dccd20cda686977a785504d97365e05dbd2f,https://github.com/diegoocampoh/MachineLearningPhishing/blob/0be97a0222e5112d57f10ff86a228ae3155097df/RapidMinerProject/process.rmp,RapidMinerProject/process.rmp,file,Python,2017-10-29 07:07:17,2018-03-14 16:22:00,diegoocampoh/MachineLearningPhishing,read_csv,csv_file,D:\Facu\MRes\Year1\COMP777\Project\Phishing\code\resources\enron-2279-mbox.mbox-export
https://github.com/diegoocampoh/MachineLearningPhishing/blob/fed65cfe8a4f331930e6412a6614aeb0e18663ed/RapidMinerProject/process.xml,https://raw.githubusercontent.com/diegoocampoh/MachineLearningPhishing/fed65cfe8a4f331930e6412a6614aeb0e18663ed/RapidMinerProject/process.xml,https://api.github.com/repos/diegoocampoh/MachineLearningPhishing/git/blobs/2c649e645a0c0110af5fd4bcb95d4a237f28792a,https://github.com/diegoocampoh/MachineLearningPhishing/blob/fed65cfe8a4f331930e6412a6614aeb0e18663ed/RapidMinerProject/process.xml,RapidMinerProject/process.xml,file,Python,2017-10-29 07:07:17,2018-03-14 16:22:00,diegoocampoh/MachineLearningPhishing,read_csv,csv_file,D:\Facu\MRes\Year1\COMP777\Project\Phishing\code\resources\features-enron.csv
https://github.com/bhandariaditya/Text-Mining---Sentiment-Analysis/blob/1e2c73dd67c24615ecfbb831a9411afc322f83cf/Text%20Mining.rmp,https://raw.githubusercontent.com/bhandariaditya/Text-Mining---Sentiment-Analysis/1e2c73dd67c24615ecfbb831a9411afc322f83cf/Text%20Mining.rmp,https://api.github.com/repos/bhandariaditya/Text-Mining---Sentiment-Analysis/git/blobs/2a4fc805881e2c01c34f117b4ea04fe9b242f975,https://github.com/bhandariaditya/Text-Mining---Sentiment-Analysis/blob/1e2c73dd67c24615ecfbb831a9411afc322f83cf/Text%20Mining.rmp,Text Mining.rmp,file,,2017-11-26 05:44:53,2017-11-26 05:44:53,bhandariaditya/Text-Mining---Sentiment-Analysis,read_csv,csv_file,/Users/adityabhandari/Desktop/IDS572/Assignments/Assignment 5/positive-words.txt
https://github.com/vadrevua/435Final/blob/a7e715a3e05a125870bb23c954879554c7f78f27/cmsc435Final/FinalProj.rmp,https://raw.githubusercontent.com/vadrevua/435Final/a7e715a3e05a125870bb23c954879554c7f78f27/cmsc435Final/FinalProj.rmp,https://api.github.com/repos/vadrevua/435Final/git/blobs/18f2ae84b6111ae94e92e0ea53cc14766e92476b,https://github.com/vadrevua/435Final/blob/a7e715a3e05a125870bb23c954879554c7f78f27/cmsc435Final/FinalProj.rmp,cmsc435Final/FinalProj.rmp,file,Java,2017-11-21 13:36:24,2017-11-30 17:53:10,vadrevua/435Final,read_csv,csv_file,C:\Users\Aditya\Desktop\Fall 17\435\Final Proj\training(2).csv
https://github.com/mghorp2/Data-Mining-Project/blob/c6d6d7e5f5833f2a8cde5044625bb0c31ea086d5/Project%202/PVA%20Data.rmp,https://raw.githubusercontent.com/mghorp2/Data-Mining-Project/c6d6d7e5f5833f2a8cde5044625bb0c31ea086d5/Project%202/PVA%20Data.rmp,https://api.github.com/repos/mghorp2/Data-Mining-Project/git/blobs/576a478d690fe03a600d4fb09d47727e385b39e4,https://github.com/mghorp2/Data-Mining-Project/blob/c6d6d7e5f5833f2a8cde5044625bb0c31ea086d5/Project%202/PVA%20Data.rmp,Project 2/PVA Data.rmp,file,R,2017-12-21 04:25:02,2017-12-21 04:25:39,mghorp2/Data-Mining-Project,read_csv,csv_file,G:\UIC\Data Mining\Assignment2\pvaDataForModeling_Fall2017 (1).csv
https://github.com/mghorp2/Data-Mining-Project/blob/c6d6d7e5f5833f2a8cde5044625bb0c31ea086d5/Project%203/3_Future%20Fundraising%20Model.rmp,https://raw.githubusercontent.com/mghorp2/Data-Mining-Project/c6d6d7e5f5833f2a8cde5044625bb0c31ea086d5/Project%203/3_Future%20Fundraising%20Model.rmp,https://api.github.com/repos/mghorp2/Data-Mining-Project/git/blobs/3854a41144b1ce4e171573f8722463433aef4412,https://github.com/mghorp2/Data-Mining-Project/blob/c6d6d7e5f5833f2a8cde5044625bb0c31ea086d5/Project%203/3_Future%20Fundraising%20Model.rmp,Project 3/3_Future Fundraising Model.rmp,file,R,2017-12-21 04:25:02,2017-12-21 04:25:39,mghorp2/Data-Mining-Project,read_csv,csv_file,D:\UIC\Fall 2017\Data Mining\Assignment\Assignment 3\pva_futureData_forScoring.csv
https://github.com/mghorp2/Data-Mining-Project/blob/c6d6d7e5f5833f2a8cde5044625bb0c31ea086d5/Project%205/yelpReviews_demoBlackboard_5.rmp,https://raw.githubusercontent.com/mghorp2/Data-Mining-Project/c6d6d7e5f5833f2a8cde5044625bb0c31ea086d5/Project%205/yelpReviews_demoBlackboard_5.rmp,https://api.github.com/repos/mghorp2/Data-Mining-Project/git/blobs/a2dbaf083ff8846f15a7f055dd888f3c9b0f7efb,https://github.com/mghorp2/Data-Mining-Project/blob/c6d6d7e5f5833f2a8cde5044625bb0c31ea086d5/Project%205/yelpReviews_demoBlackboard_5.rmp,Project 5/yelpReviews_demoBlackboard_5.rmp,file,R,2017-12-21 04:25:02,2017-12-21 04:25:39,mghorp2/Data-Mining-Project,read_csv,csv_file,C:\Users\user\.RapidMiner\repositories\Local Repository\data\positive-words.txt
https://github.com/amilivojevic/prediction_of_tennis_carrer_flow/blob/442a2e107f6f74cbe9cb39549a0f8957bf6da7af/tennis_v01.rmp,https://raw.githubusercontent.com/amilivojevic/prediction_of_tennis_carrer_flow/442a2e107f6f74cbe9cb39549a0f8957bf6da7af/tennis_v01.rmp,https://api.github.com/repos/amilivojevic/prediction_of_tennis_carrer_flow/git/blobs/dd835b96ed76ac217d40b7fb4dc4ab065841d8d7,https://github.com/amilivojevic/prediction_of_tennis_carrer_flow/blob/442a2e107f6f74cbe9cb39549a0f8957bf6da7af/tennis_v01.rmp,tennis_v01.rmp,file,Python,2017-12-17 12:08:54,2018-03-21 23:33:49,amilivojevic/prediction_of_tennis_carrer_flow,read_csv,csv_file,C:\Users\Svetlana\AppData\Local\Temp\rm_file_6277949861727620181.dump
https://github.com/awchisholm/deeplearning/blob/0a16079eeef8752ced799eb193b573344e18ba62/RMProcesses/preprocess_household_data.rmp,https://raw.githubusercontent.com/awchisholm/deeplearning/0a16079eeef8752ced799eb193b573344e18ba62/RMProcesses/preprocess_household_data.rmp,https://api.github.com/repos/awchisholm/deeplearning/git/blobs/0b593806397e9b0b0b2678f97d30ba029b1d4ce7,https://github.com/awchisholm/deeplearning/blob/0a16079eeef8752ced799eb193b573344e18ba62/RMProcesses/preprocess_household_data.rmp,RMProcesses/preprocess_household_data.rmp,file,Python,2018-01-11 22:29:15,2018-05-12 19:22:26,awchisholm/deeplearning,read_csv,csv_file,%{DataLocation}/A_hhold_train.csv
https://github.com/awchisholm/deeplearning/blob/0a16079eeef8752ced799eb193b573344e18ba62/RMProcesses/preprocess_indiv_data.rmp,https://raw.githubusercontent.com/awchisholm/deeplearning/0a16079eeef8752ced799eb193b573344e18ba62/RMProcesses/preprocess_indiv_data.rmp,https://api.github.com/repos/awchisholm/deeplearning/git/blobs/b42cfafe72f899e884e173c098c826f864a16392,https://github.com/awchisholm/deeplearning/blob/0a16079eeef8752ced799eb193b573344e18ba62/RMProcesses/preprocess_indiv_data.rmp,RMProcesses/preprocess_indiv_data.rmp,file,Python,2018-01-11 22:29:15,2018-05-12 19:22:26,awchisholm/deeplearning,read_csv,csv_file,D:\data\povert\A_indiv_test.csv
https://github.com/mahendrapadi/Mahendra-Padi_Projects/blob/3da51a56f0e61df002593b591aee2e51e023d5f3/Data%20Mining%20Cup_2015/Rapidminer%20processes/features/join_all_features.rmp,https://raw.githubusercontent.com/mahendrapadi/Mahendra-Padi_Projects/3da51a56f0e61df002593b591aee2e51e023d5f3/Data%20Mining%20Cup_2015/Rapidminer%20processes/features/join_all_features.rmp,https://api.github.com/repos/mahendrapadi/Mahendra-Padi_Projects/git/blobs/64c4719fde7e84953f52408f20799de80ab45193,https://github.com/mahendrapadi/Mahendra-Padi_Projects/blob/3da51a56f0e61df002593b591aee2e51e023d5f3/Data%20Mining%20Cup_2015/Rapidminer%20processes/features/join_all_features.rmp,Data Mining Cup_2015/Rapidminer processes/features/join_all_features.rmp,file,Python,2018-02-26 14:17:37,2018-02-26 14:23:21,mahendrapadi/Mahendra-Padi_Projects,read_csv,csv_file,/Users/ariera/Dropbox/ariera/UniMannheim/Data Mining II/FSS2016/99. Project/week3/dm2_train_sample.csv
https://github.com/mahendrapadi/Mahendra-Padi_Projects/blob/3da51a56f0e61df002593b591aee2e51e023d5f3/Data%20Mining%20Cup_2015/Rapidminer%20processes/features/split_known_and_new_customers.rmp,https://raw.githubusercontent.com/mahendrapadi/Mahendra-Padi_Projects/3da51a56f0e61df002593b591aee2e51e023d5f3/Data%20Mining%20Cup_2015/Rapidminer%20processes/features/split_known_and_new_customers.rmp,https://api.github.com/repos/mahendrapadi/Mahendra-Padi_Projects/git/blobs/558bc80b69302e3f01399fcc8a0edc224bf45ddb,https://github.com/mahendrapadi/Mahendra-Padi_Projects/blob/3da51a56f0e61df002593b591aee2e51e023d5f3/Data%20Mining%20Cup_2015/Rapidminer%20processes/features/split_known_and_new_customers.rmp,Data Mining Cup_2015/Rapidminer processes/features/split_known_and_new_customers.rmp,file,Python,2018-02-26 14:17:37,2018-02-26 14:23:21,mahendrapadi/Mahendra-Padi_Projects,read_csv,csv_file,/Users/ariera/Dropbox/ariera/UniMannheim/Data Mining II/FSS2016/99. Project/week3/dm2_train_sample_all_features.csv
https://github.com/mahendrapadi/Mahendra-Padi_Projects/blob/3da51a56f0e61df002593b591aee2e51e023d5f3/Data%20Mining%20Cup_2015/Rapidminer%20processes/predictions/all.rmp,https://raw.githubusercontent.com/mahendrapadi/Mahendra-Padi_Projects/3da51a56f0e61df002593b591aee2e51e023d5f3/Data%20Mining%20Cup_2015/Rapidminer%20processes/predictions/all.rmp,https://api.github.com/repos/mahendrapadi/Mahendra-Padi_Projects/git/blobs/a99cf4693b858e4b8fe3db8796acc1a6e75d62fc,https://github.com/mahendrapadi/Mahendra-Padi_Projects/blob/3da51a56f0e61df002593b591aee2e51e023d5f3/Data%20Mining%20Cup_2015/Rapidminer%20processes/predictions/all.rmp,Data Mining Cup_2015/Rapidminer processes/predictions/all.rmp,file,Python,2018-02-26 14:17:37,2018-02-26 14:23:21,mahendrapadi/Mahendra-Padi_Projects,read_csv,csv_file,C:\Users\D065921\Documents\Mahi\Data Mining-2\DMC\all_features_splited\all_features_splited\dm2_train_sample_new_customer.csv
https://github.com/nocibambi/ds-practice/blob/bb36a486a4fbc53ae032652dc21bbf2681fc13e2/Rapidminer/Local%20Repository/processes/BME-DMP/HW_2/hw2_2.rmp,https://raw.githubusercontent.com/nocibambi/ds-practice/bb36a486a4fbc53ae032652dc21bbf2681fc13e2/Rapidminer/Local%20Repository/processes/BME-DMP/HW_2/hw2_2.rmp,https://api.github.com/repos/nocibambi/ds-practice/git/blobs/ec8e64c7809a8389c830a17d1d92f5371028b0b4,https://github.com/nocibambi/ds-practice/blob/bb36a486a4fbc53ae032652dc21bbf2681fc13e2/Rapidminer/Local%20Repository/processes/BME-DMP/HW_2/hw2_2.rmp,Rapidminer/Local Repository/processes/BME-DMP/HW_2/hw2_2.rmp,file,Matlab,2018-02-06 15:36:10,2018-05-05 09:02:25,nocibambi/ds-practice,read_csv,csv_file,C:\Users\noa\Dropbox\Learn\bme-dmp\3. hét\gyakorlat\training.csv
https://github.com/nocibambi/ds-practice/blob/bb36a486a4fbc53ae032652dc21bbf2681fc13e2/Rapidminer/Local%20Repository/processes/BME-DMP/HW_2/hw2_4.rmp,https://raw.githubusercontent.com/nocibambi/ds-practice/bb36a486a4fbc53ae032652dc21bbf2681fc13e2/Rapidminer/Local%20Repository/processes/BME-DMP/HW_2/hw2_4.rmp,https://api.github.com/repos/nocibambi/ds-practice/git/blobs/f4355c7d77d0be371f5fb48c97ccbf9fc3fcb21a,https://github.com/nocibambi/ds-practice/blob/bb36a486a4fbc53ae032652dc21bbf2681fc13e2/Rapidminer/Local%20Repository/processes/BME-DMP/HW_2/hw2_4.rmp,Rapidminer/Local Repository/processes/BME-DMP/HW_2/hw2_4.rmp,file,Matlab,2018-02-06 15:36:10,2018-05-05 09:02:25,nocibambi/ds-practice,read_csv,csv_file,C:\Users\noa\Dropbox\Learn\bme-dmp\3. hét\gyakorlat\training.csv
https://github.com/nocibambi/ds-practice/blob/bb36a486a4fbc53ae032652dc21bbf2681fc13e2/Rapidminer/Local%20Repository/processes/DAP2kishazi_SzG.rmp,https://raw.githubusercontent.com/nocibambi/ds-practice/bb36a486a4fbc53ae032652dc21bbf2681fc13e2/Rapidminer/Local%20Repository/processes/DAP2kishazi_SzG.rmp,https://api.github.com/repos/nocibambi/ds-practice/git/blobs/e88ce63cd92e72da87ac4131c88bdbd632db6578,https://github.com/nocibambi/ds-practice/blob/bb36a486a4fbc53ae032652dc21bbf2681fc13e2/Rapidminer/Local%20Repository/processes/DAP2kishazi_SzG.rmp,Rapidminer/Local Repository/processes/DAP2kishazi_SzG.rmp,file,Matlab,2018-02-06 15:36:10,2018-05-05 09:02:25,nocibambi/ds-practice,read_csv,csv_file,/Users/Szathy/Desktop/training.csv
https://github.com/ihchoi1227/DataMining_Politics/blob/b9e0dd2b96d7dd118a7dad73d27f0ba0cb9361bd/Labs/process4.rmp,https://raw.githubusercontent.com/ihchoi1227/DataMining_Politics/b9e0dd2b96d7dd118a7dad73d27f0ba0cb9361bd/Labs/process4.rmp,https://api.github.com/repos/ihchoi1227/DataMining_Politics/git/blobs/61fe430595b091714ead7101a0a46562fbfc8e9d,https://github.com/ihchoi1227/DataMining_Politics/blob/b9e0dd2b96d7dd118a7dad73d27f0ba0cb9361bd/Labs/process4.rmp,Labs/process4.rmp,file,,2018-03-15 12:21:49,2018-03-15 12:22:00,ihchoi1227/DataMining_Politics,read_csv,csv_file,X:\Desktop\www.csv
https://github.com/mannannlegur/CTU-FIT-Bachelor/blob/83a048607c3cb50e3b0ba6305934e6fc1469fee2/VZD/cv9.rmp,https://raw.githubusercontent.com/mannannlegur/CTU-FIT-Bachelor/83a048607c3cb50e3b0ba6305934e6fc1469fee2/VZD/cv9.rmp,https://api.github.com/repos/mannannlegur/CTU-FIT-Bachelor/git/blobs/20e71aa5b01b2527a1bc13a0632653cfe128645f,https://github.com/mannannlegur/CTU-FIT-Bachelor/blob/83a048607c3cb50e3b0ba6305934e6fc1469fee2/VZD/cv9.rmp,VZD/cv9.rmp,file,C,2017-06-18 19:20:30,2018-03-25 22:06:14,mannannlegur/CTU-FIT-Bachelor,read_csv,csv_file,/Users/mannannlegur/Documents/CTU/VZD/9. cviceni/glass/glass.data
https://github.com/priyanka-sharma29/logisticregression-naivebayes/blob/a97e7ca14d8e6dfa38d5c0f6fc782c6b96da4f4f/Assignment2.rmp,https://raw.githubusercontent.com/priyanka-sharma29/logisticregression-naivebayes/a97e7ca14d8e6dfa38d5c0f6fc782c6b96da4f4f/Assignment2.rmp,https://api.github.com/repos/priyanka-sharma29/logisticregression-naivebayes/git/blobs/c0a4f57bfc16af0f8ce08a216876b94b2e2ff8f7,https://github.com/priyanka-sharma29/logisticregression-naivebayes/blob/a97e7ca14d8e6dfa38d5c0f6fc782c6b96da4f4f/Assignment2.rmp,Assignment2.rmp,file,,2018-03-28 03:28:16,2018-03-28 03:43:31,priyanka-sharma29/logisticregression-naivebayes,read_csv,csv_file,D:\Study Material\sem 2\Data mining\pvaDataForModeling_Spr2018.csv
https://github.com/marcelobeckmann/trademiner/blob/80107fef1f90b449cd6c2b98a252dd5139ac207e/REPOSITORY/FG_text_vectorization_att_reduction_test.rmp,https://raw.githubusercontent.com/marcelobeckmann/trademiner/80107fef1f90b449cd6c2b98a252dd5139ac207e/REPOSITORY/FG_text_vectorization_att_reduction_test.rmp,https://api.github.com/repos/marcelobeckmann/trademiner/git/blobs/35a2fc9cfda43e31261e6930919d05bcc13572b0,https://github.com/marcelobeckmann/trademiner/blob/80107fef1f90b449cd6c2b98a252dd5139ac207e/REPOSITORY/FG_text_vectorization_att_reduction_test.rmp,REPOSITORY/FG_text_vectorization_att_reduction_test.rmp,file,Java,2018-03-22 07:38:27,2018-04-04 07:22:37,marcelobeckmann/trademiner,read_csv,csv_file,/home/nelson/rm/REPOSITORY/macros.csv
https://github.com/marcelobeckmann/trademiner/blob/80107fef1f90b449cd6c2b98a252dd5139ac207e/REPOSITORY/FG_text_vectorization_att_reduction_test_wv.rmp,https://raw.githubusercontent.com/marcelobeckmann/trademiner/80107fef1f90b449cd6c2b98a252dd5139ac207e/REPOSITORY/FG_text_vectorization_att_reduction_test_wv.rmp,https://api.github.com/repos/marcelobeckmann/trademiner/git/blobs/c8ea3fd87a9eec0d6a6a353fda1ec4185a55a84f,https://github.com/marcelobeckmann/trademiner/blob/80107fef1f90b449cd6c2b98a252dd5139ac207e/REPOSITORY/FG_text_vectorization_att_reduction_test_wv.rmp,REPOSITORY/FG_text_vectorization_att_reduction_test_wv.rmp,file,Java,2018-03-22 07:38:27,2018-04-04 07:22:37,marcelobeckmann/trademiner,read_csv,csv_file,/home/nelson/rm/REPOSITORY/macros.csv
https://github.com/marcelobeckmann/trademiner/blob/80107fef1f90b449cd6c2b98a252dd5139ac207e/REPOSITORY/I_test_separated_compute_metrics_agg_opt_cv.rmp,https://raw.githubusercontent.com/marcelobeckmann/trademiner/80107fef1f90b449cd6c2b98a252dd5139ac207e/REPOSITORY/I_test_separated_compute_metrics_agg_opt_cv.rmp,https://api.github.com/repos/marcelobeckmann/trademiner/git/blobs/e817e121cbfe5c51a642303d2c9ea864969e1d76,https://github.com/marcelobeckmann/trademiner/blob/80107fef1f90b449cd6c2b98a252dd5139ac207e/REPOSITORY/I_test_separated_compute_metrics_agg_opt_cv.rmp,REPOSITORY/I_test_separated_compute_metrics_agg_opt_cv.rmp,file,Java,2018-03-22 07:38:27,2018-04-04 07:22:37,marcelobeckmann/trademiner,read_csv,csv_file,/home/nelson/rm/REPOSITORY/macros.csv
https://github.com/WeberNick/user-rating-classification/blob/0a979d8a2be73dd33256d2d200b22e926a74a11e/Data%20and%20RapidMiner%20Processes/RapidMiner/1.PreProcessing/1.PreProcessingData.rmp,https://raw.githubusercontent.com/WeberNick/user-rating-classification/0a979d8a2be73dd33256d2d200b22e926a74a11e/Data%20and%20RapidMiner%20Processes/RapidMiner/1.PreProcessing/1.PreProcessingData.rmp,https://api.github.com/repos/WeberNick/user-rating-classification/git/blobs/7a74e1db0efd2e8755ddd79cf4bc43f635ff07cd,https://github.com/WeberNick/user-rating-classification/blob/0a979d8a2be73dd33256d2d200b22e926a74a11e/Data%20and%20RapidMiner%20Processes/RapidMiner/1.PreProcessing/1.PreProcessingData.rmp,Data and RapidMiner Processes/RapidMiner/1.PreProcessing/1.PreProcessingData.rmp,file,,2018-04-09 15:59:09,2018-04-29 13:45:37,WeberNick/user-rating-classification,read_csv,csv_file,/Users/Nick/Dropbox/Team-Ordner „Data Mining Paper“/Abgabe Ordner (in adaption)/Data/CSV/1.Steam_all_games.csv
https://github.com/WeberNick/user-rating-classification/blob/0a979d8a2be73dd33256d2d200b22e926a74a11e/Data%20and%20RapidMiner%20Processes/RapidMiner/1.PreProcessing/2.DiscretizeAndAggregate.rmp,https://raw.githubusercontent.com/WeberNick/user-rating-classification/0a979d8a2be73dd33256d2d200b22e926a74a11e/Data%20and%20RapidMiner%20Processes/RapidMiner/1.PreProcessing/2.DiscretizeAndAggregate.rmp,https://api.github.com/repos/WeberNick/user-rating-classification/git/blobs/ce297828924356fbbe5f3db4bdfa1022a9d86826,https://github.com/WeberNick/user-rating-classification/blob/0a979d8a2be73dd33256d2d200b22e926a74a11e/Data%20and%20RapidMiner%20Processes/RapidMiner/1.PreProcessing/2.DiscretizeAndAggregate.rmp,Data and RapidMiner Processes/RapidMiner/1.PreProcessing/2.DiscretizeAndAggregate.rmp,file,,2018-04-09 15:59:09,2018-04-29 13:45:37,WeberNick/user-rating-classification,read_csv,csv_file,/Users/Nick/Dropbox/Team-Ordner „Data Mining Paper“/Abgabe Ordner (in adaption)/Data/CSV/PRE_PROCESSED_DATA.csv
https://github.com/nocibambi/bme-dmp/blob/9b6097b1952ea82637ca30787ec3b52f8b2ab5ed/03.%20h%C3%A9t/gyakorlat/DAP2kishazi_SzG.rmp,https://raw.githubusercontent.com/nocibambi/bme-dmp/9b6097b1952ea82637ca30787ec3b52f8b2ab5ed/03.%20h%C3%A9t/gyakorlat/DAP2kishazi_SzG.rmp,https://api.github.com/repos/nocibambi/bme-dmp/git/blobs/e88ce63cd92e72da87ac4131c88bdbd632db6578,https://github.com/nocibambi/bme-dmp/blob/9b6097b1952ea82637ca30787ec3b52f8b2ab5ed/03.%20h%C3%A9t/gyakorlat/DAP2kishazi_SzG.rmp,03. hét/gyakorlat/DAP2kishazi_SzG.rmp,file,Jupyter Notebook,2018-02-18 19:43:09,2018-05-03 17:48:04,nocibambi/bme-dmp,read_csv,csv_file,/Users/Szathy/Desktop/training.csv
https://github.com/nocibambi/bme-dmp/blob/9b6097b1952ea82637ca30787ec3b52f8b2ab5ed/05.%20h%C3%A9t/Gyakorlat/Adatok/dap2018_clustering.rmp,https://raw.githubusercontent.com/nocibambi/bme-dmp/9b6097b1952ea82637ca30787ec3b52f8b2ab5ed/05.%20h%C3%A9t/Gyakorlat/Adatok/dap2018_clustering.rmp,https://api.github.com/repos/nocibambi/bme-dmp/git/blobs/9ff3718799da9473a74b70fe91fc48d7267f2180,https://github.com/nocibambi/bme-dmp/blob/9b6097b1952ea82637ca30787ec3b52f8b2ab5ed/05.%20h%C3%A9t/Gyakorlat/Adatok/dap2018_clustering.rmp,05. hét/Gyakorlat/Adatok/dap2018_clustering.rmp,file,Jupyter Notebook,2018-02-18 19:43:09,2018-05-03 17:48:04,nocibambi/bme-dmp,read_csv,csv_file,C:\Users\István\Google Drive\Dmlab-Egyetem-Oktatás\Dmlab-TMIT-DAP-stash2018\gyakorlatok anyagai\3. gyakorlat - 2018-03-06\telco.txt
https://github.com/nocibambi/bme-dmp/blob/9b6097b1952ea82637ca30787ec3b52f8b2ab5ed/05.%20h%C3%A9t/Gyakorlat/Eredeti/dap2018_clustering.rmp,https://raw.githubusercontent.com/nocibambi/bme-dmp/9b6097b1952ea82637ca30787ec3b52f8b2ab5ed/05.%20h%C3%A9t/Gyakorlat/Eredeti/dap2018_clustering.rmp,https://api.github.com/repos/nocibambi/bme-dmp/git/blobs/9ff3718799da9473a74b70fe91fc48d7267f2180,https://github.com/nocibambi/bme-dmp/blob/9b6097b1952ea82637ca30787ec3b52f8b2ab5ed/05.%20h%C3%A9t/Gyakorlat/Eredeti/dap2018_clustering.rmp,05. hét/Gyakorlat/Eredeti/dap2018_clustering.rmp,file,Jupyter Notebook,2018-02-18 19:43:09,2018-05-03 17:48:04,nocibambi/bme-dmp,read_csv,csv_file,C:\Users\István\Google Drive\Dmlab-Egyetem-Oktatás\Dmlab-TMIT-DAP-stash2018\gyakorlatok anyagai\3. gyakorlat - 2018-03-06\telco.txt
https://github.com/nocibambi/bme-dmp/blob/9b6097b1952ea82637ca30787ec3b52f8b2ab5ed/05.%20h%C3%A9t/Gyakorlat/Adatok/dap2018_clustering_with_loop.rmp,https://raw.githubusercontent.com/nocibambi/bme-dmp/9b6097b1952ea82637ca30787ec3b52f8b2ab5ed/05.%20h%C3%A9t/Gyakorlat/Adatok/dap2018_clustering_with_loop.rmp,https://api.github.com/repos/nocibambi/bme-dmp/git/blobs/4585eca728ef48710774e958daed380b09cd845b,https://github.com/nocibambi/bme-dmp/blob/9b6097b1952ea82637ca30787ec3b52f8b2ab5ed/05.%20h%C3%A9t/Gyakorlat/Adatok/dap2018_clustering_with_loop.rmp,05. hét/Gyakorlat/Adatok/dap2018_clustering_with_loop.rmp,file,Jupyter Notebook,2018-02-18 19:43:09,2018-05-03 17:48:04,nocibambi/bme-dmp,read_csv,csv_file,C:\Users\István\Google Drive\Dmlab-Egyetem-Oktatás\Dmlab-TMIT-DAP-stash2018\gyakorlatok anyagai\3. gyakorlat - 2018-03-06\telco.txt
https://github.com/nocibambi/bme-dmp/blob/9b6097b1952ea82637ca30787ec3b52f8b2ab5ed/05.%20h%C3%A9t/Gyakorlat/dap2018_clustering.rmp,https://raw.githubusercontent.com/nocibambi/bme-dmp/9b6097b1952ea82637ca30787ec3b52f8b2ab5ed/05.%20h%C3%A9t/Gyakorlat/dap2018_clustering.rmp,https://api.github.com/repos/nocibambi/bme-dmp/git/blobs/7b0d831074f2b4c212f5ad1a09465643ac6a05c8,https://github.com/nocibambi/bme-dmp/blob/9b6097b1952ea82637ca30787ec3b52f8b2ab5ed/05.%20h%C3%A9t/Gyakorlat/dap2018_clustering.rmp,05. hét/Gyakorlat/dap2018_clustering.rmp,file,Jupyter Notebook,2018-02-18 19:43:09,2018-05-03 17:48:04,nocibambi/bme-dmp,read_csv,csv_file,C:\Users\noa\Dropbox\Learn\bme-dmp\5. hét\telco_sampled.txt
https://github.com/nocibambi/bme-dmp/blob/9b6097b1952ea82637ca30787ec3b52f8b2ab5ed/06.%20h%C3%A9t/Beadand%C3%B3/DMI.rmp,https://raw.githubusercontent.com/nocibambi/bme-dmp/9b6097b1952ea82637ca30787ec3b52f8b2ab5ed/06.%20h%C3%A9t/Beadand%C3%B3/DMI.rmp,https://api.github.com/repos/nocibambi/bme-dmp/git/blobs/39e1cdea2a9473a0c836491d6dcde40a7354a454,https://github.com/nocibambi/bme-dmp/blob/9b6097b1952ea82637ca30787ec3b52f8b2ab5ed/06.%20h%C3%A9t/Beadand%C3%B3/DMI.rmp,06. hét/Beadandó/DMI.rmp,file,Jupyter Notebook,2018-02-18 19:43:09,2018-05-03 17:48:04,nocibambi/bme-dmp,read_csv,csv_file,C:\Users\noa\Dropbox\Learn\bme-dmp\5. hét\Gyakorlat\telco_sampled.txt
https://github.com/nocibambi/bme-dmp/blob/9b6097b1952ea82637ca30787ec3b52f8b2ab5ed/06.%20h%C3%A9t/Beadand%C3%B3/dap2018_clustering_kishazi_'megoldas'.rmp,https://raw.githubusercontent.com/nocibambi/bme-dmp/9b6097b1952ea82637ca30787ec3b52f8b2ab5ed/06.%20h%C3%A9t/Beadand%C3%B3/dap2018_clustering_kishazi_'megoldas'.rmp,https://api.github.com/repos/nocibambi/bme-dmp/git/blobs/2bcbe733b87f19df743a276496f94e53a30d0d63,https://github.com/nocibambi/bme-dmp/blob/9b6097b1952ea82637ca30787ec3b52f8b2ab5ed/06.%20h%C3%A9t/Beadand%C3%B3/dap2018_clustering_kishazi_'megoldas'.rmp,06. hét/Beadandó/dap2018_clustering_kishazi_'megoldas'.rmp,file,Jupyter Notebook,2018-02-18 19:43:09,2018-05-03 17:48:04,nocibambi/bme-dmp,read_csv,csv_file,C:\Users\István\Google Drive\Dmlab-Egyetem-Oktatás\Dmlab-TMIT-DAP-stash2018\gyakorlatok anyagai\3. gyakorlat - 2018-03-06\telco.txt
https://github.com/ihchoi12/Exchange-Student/blob/81f3adfb4435f86f109d36238762b0474940d7cb/Data%20Mining/Labs/process4.rmp,https://raw.githubusercontent.com/ihchoi12/Exchange-Student/81f3adfb4435f86f109d36238762b0474940d7cb/Data%20Mining/Labs/process4.rmp,https://api.github.com/repos/ihchoi12/Exchange-Student/git/blobs/61fe430595b091714ead7101a0a46562fbfc8e9d,https://github.com/ihchoi12/Exchange-Student/blob/81f3adfb4435f86f109d36238762b0474940d7cb/Data%20Mining/Labs/process4.rmp,Data Mining/Labs/process4.rmp,file,R,2018-05-07 08:53:03,2018-05-07 08:53:41,ihchoi12/Exchange-Student,read_csv,csv_file,X:\Desktop\www.csv
https://github.com/andreasbotsikas/fitman/blob/f16db05e8e0fa47043e4050397175c7ab776a99d/SocialMediaEnabler/socialEnabler/rapidminer/anonymous_rapidanalytics%20repo/SpanishreadUpdates,https://raw.githubusercontent.com/andreasbotsikas/fitman/f16db05e8e0fa47043e4050397175c7ab776a99d/SocialMediaEnabler/socialEnabler/rapidminer/anonymous_rapidanalytics%20repo/SpanishreadUpdates,https://api.github.com/repos/andreasbotsikas/fitman/git/blobs/7aa11c27bc2c9380321c6699d01c60bcb608509d,https://github.com/andreasbotsikas/fitman/blob/f16db05e8e0fa47043e4050397175c7ab776a99d/SocialMediaEnabler/socialEnabler/rapidminer/anonymous_rapidanalytics%20repo/SpanishreadUpdates,SocialMediaEnabler/socialEnabler/rapidminer/anonymous_rapidanalytics repo/SpanishreadUpdates,file,,2014-07-18 12:39:41,2014-07-18 09:10:39,andreasbotsikas/fitman,read_csv,csv_file,/home/user/Downloads/resultsCSVspanish.csv
https://github.com/andreasbotsikas/fitman/blob/f16db05e8e0fa47043e4050397175c7ab776a99d/SocialMediaEnabler/socialEnabler/rapidminer/anonymous_rapidanalytics%20repo/readUpdates,https://raw.githubusercontent.com/andreasbotsikas/fitman/f16db05e8e0fa47043e4050397175c7ab776a99d/SocialMediaEnabler/socialEnabler/rapidminer/anonymous_rapidanalytics%20repo/readUpdates,https://api.github.com/repos/andreasbotsikas/fitman/git/blobs/bad8723eaed9018bfbf0fc75220bbc5b7354bd17,https://github.com/andreasbotsikas/fitman/blob/f16db05e8e0fa47043e4050397175c7ab776a99d/SocialMediaEnabler/socialEnabler/rapidminer/anonymous_rapidanalytics%20repo/readUpdates,SocialMediaEnabler/socialEnabler/rapidminer/anonymous_rapidanalytics repo/readUpdates,file,,2014-07-18 12:39:41,2014-07-18 09:10:39,andreasbotsikas/fitman,read_csv,csv_file,/home/user/Downloads/resultsCSV.csv
https://github.com/nheist/masterthesis/blob/a8270fe6f81b2b8d498d2f822b12f7fb38186821/data/processes/readData.xml,https://raw.githubusercontent.com/nheist/masterthesis/a8270fe6f81b2b8d498d2f822b12f7fb38186821/data/processes/readData.xml,https://api.github.com/repos/nheist/masterthesis/git/blobs/1de41c5c5dfe56cb4c14b0bb3c50e16ae9603476,https://github.com/nheist/masterthesis/blob/a8270fe6f81b2b8d498d2f822b12f7fb38186821/data/processes/readData.xml,data/processes/readData.xml,file,Groovy,2015-04-04 10:45:15,2016-02-24 17:05:54,nheist/masterthesis,read_csv,csv_file,XINPUTDATALOCATIONX
https://github.com/DrThyme/Data-Mining/blob/00f09b30c2daea2e5a18b94a39312dac0b6b7bf9/Assignment%201/Task1.rmp,https://raw.githubusercontent.com/DrThyme/Data-Mining/00f09b30c2daea2e5a18b94a39312dac0b6b7bf9/Assignment%201/Task1.rmp,https://api.github.com/repos/DrThyme/Data-Mining/git/blobs/4d90f3af4d216cd768d227c822ab3202fbee0f60,https://github.com/DrThyme/Data-Mining/blob/00f09b30c2daea2e5a18b94a39312dac0b6b7bf9/Assignment%201/Task1.rmp,Assignment 1/Task1.rmp,file,,2015-09-09 15:21:30,2015-09-09 15:21:30,DrThyme/Data-Mining,read_csv,csv_file,C:\Dropbox\School\HT15\Data Mining\Assignments\1\iris_data.csv
https://github.com/DrThyme/Data-Mining/blob/00f09b30c2daea2e5a18b94a39312dac0b6b7bf9/Assignment%201/Task2.rmp,https://raw.githubusercontent.com/DrThyme/Data-Mining/00f09b30c2daea2e5a18b94a39312dac0b6b7bf9/Assignment%201/Task2.rmp,https://api.github.com/repos/DrThyme/Data-Mining/git/blobs/42a697ecf95b55f5fe60675f27bc32d1ee8d360f,https://github.com/DrThyme/Data-Mining/blob/00f09b30c2daea2e5a18b94a39312dac0b6b7bf9/Assignment%201/Task2.rmp,Assignment 1/Task2.rmp,file,,2015-09-09 15:21:30,2015-09-09 15:21:30,DrThyme/Data-Mining,read_csv,csv_file,C:\Dropbox\School\HT15\Data Mining\Assignments\1\iris_data.csv
https://github.com/ofrendo/WebDataIntegration/blob/7db877abadd2be94d5373f5f47c8ccd1d179bea6/RapidMinerRepo/ReadGeneratedFeatures.rmp,https://raw.githubusercontent.com/ofrendo/WebDataIntegration/7db877abadd2be94d5373f5f47c8ccd1d179bea6/RapidMinerRepo/ReadGeneratedFeatures.rmp,https://api.github.com/repos/ofrendo/WebDataIntegration/git/blobs/709b23f47fc22f124b5fc6ac4cc42c7389ad7374,https://github.com/ofrendo/WebDataIntegration/blob/7db877abadd2be94d5373f5f47c8ccd1d179bea6/RapidMinerRepo/ReadGeneratedFeatures.rmp,RapidMinerRepo/ReadGeneratedFeatures.rmp,file,Java,2015-10-01 16:51:11,2015-10-01 16:55:21,ofrendo/WebDataIntegration,read_csv,csv_file,C:\Users\Oliver\git\WebDataIntegration\data\resolutionResults\companyForbes_2_companyFreebase_correspondences_features.csv
https://github.com/stritesky/DP/blob/01c553676fd7621f4546049c33e36a1793d068b9/repository/process.rmp,https://raw.githubusercontent.com/stritesky/DP/01c553676fd7621f4546049c33e36a1793d068b9/repository/process.rmp,https://api.github.com/repos/stritesky/DP/git/blobs/b09b04c203105e6f09f5448f32b4014889c156d9,https://github.com/stritesky/DP/blob/01c553676fd7621f4546049c33e36a1793d068b9/repository/process.rmp,repository/process.rmp,file,Java,2016-10-09 16:08:13,2016-10-09 16:22:01,stritesky/DP,read_csv,csv_file,dataset/apply.csv
https://github.com/smarie/java-octminer/blob/713977b03fe39eec1fdf4c634248d24297a5160b/Tests_RMRepository/OtherTestProcesses/trunk/RM-src/New_way_with_blob_input_ready_for_RapidAnalytics.rmp,https://raw.githubusercontent.com/smarie/java-octminer/713977b03fe39eec1fdf4c634248d24297a5160b/Tests_RMRepository/OtherTestProcesses/trunk/RM-src/New_way_with_blob_input_ready_for_RapidAnalytics.rmp,https://api.github.com/repos/smarie/java-octminer/git/blobs/2b83df18bb450be569f767a6b2191aeb639d20c1,https://github.com/smarie/java-octminer/blob/713977b03fe39eec1fdf4c634248d24297a5160b/Tests_RMRepository/OtherTestProcesses/trunk/RM-src/New_way_with_blob_input_ready_for_RapidAnalytics.rmp,Tests_RMRepository/OtherTestProcesses/trunk/RM-src/New_way_with_blob_input_ready_for_RapidAnalytics.rmp,file,Java,2017-09-01 13:17:57,2017-09-01 13:23:16,smarie/java-octminer,read_csv,csv_file,D:\code\HOMES\SVN_homesanalytics\DataMining\RapidMinerRepository\0. Templates\RM-test-data\Test.csv
https://github.com/smarie/java-octminer/blob/713977b03fe39eec1fdf4c634248d24297a5160b/Tests_RMRepository/OtherTestProcesses/trunk/RM-src/Old_way_notembeddable.rmp,https://raw.githubusercontent.com/smarie/java-octminer/713977b03fe39eec1fdf4c634248d24297a5160b/Tests_RMRepository/OtherTestProcesses/trunk/RM-src/Old_way_notembeddable.rmp,https://api.github.com/repos/smarie/java-octminer/git/blobs/fc5c53c43f5ef99301b631fd275c35cc93bbc796,https://github.com/smarie/java-octminer/blob/713977b03fe39eec1fdf4c634248d24297a5160b/Tests_RMRepository/OtherTestProcesses/trunk/RM-src/Old_way_notembeddable.rmp,Tests_RMRepository/OtherTestProcesses/trunk/RM-src/Old_way_notembeddable.rmp,file,Java,2017-09-01 13:17:57,2017-09-01 13:23:16,smarie/java-octminer,read_csv,csv_file,D:\code\HOMES\SVN_homesanalytics\DataMining\RapidMinerRepository\0. Templates\RM-test-data\Test.csv
https://github.com/bestbeet/Data_Mining_Assignment/blob/1d5292e8e584e1d83119d10f05a021682dbdd677/Process/1.%20Data%20Exploration.rmp,https://raw.githubusercontent.com/bestbeet/Data_Mining_Assignment/1d5292e8e584e1d83119d10f05a021682dbdd677/Process/1.%20Data%20Exploration.rmp,https://api.github.com/repos/bestbeet/Data_Mining_Assignment/git/blobs/2f1483454ecef0eb1d7d8e7cf617a7d9401fc82a,https://github.com/bestbeet/Data_Mining_Assignment/blob/1d5292e8e584e1d83119d10f05a021682dbdd677/Process/1.%20Data%20Exploration.rmp,Process/1. Data Exploration.rmp,file,,2017-12-17 17:42:50,2018-04-15 19:17:04,bestbeet/Data_Mining_Assignment,read_csv,csv_file,I:\Data01_customer-churn.csv
https://github.com/vildninja/heartmining/blob/01be81844ffb2ed42910a0fdd5b04f8a46e5e9ec/repositories/Mortality/Missing%20values.rmp,https://raw.githubusercontent.com/vildninja/heartmining/01be81844ffb2ed42910a0fdd5b04f8a46e5e9ec/repositories/Mortality/Missing%20values.rmp,https://api.github.com/repos/vildninja/heartmining/git/blobs/221286c416b0ebfac86d9ffb9a7cef68a07014f3,https://github.com/vildninja/heartmining/blob/01be81844ffb2ed42910a0fdd5b04f8a46e5e9ec/repositories/Mortality/Missing%20values.rmp,repositories/Mortality/Missing values.rmp,file,Go,2014-04-02 11:19:30,2014-05-20 09:47:53,vildninja/heartmining,read_csv,csv_file,C:\Go\src\github.com\vildninja\heartmining\parser\Health_stats.xml-CANCBREC-INCITFTF.csv
https://github.com/Mpmprogramming/BeerPrediction/blob/683e92e9172d95ba817d98d763c0c17d6676f0a6/rapidminer/csv2arrfConverter.rmp,https://raw.githubusercontent.com/Mpmprogramming/BeerPrediction/683e92e9172d95ba817d98d763c0c17d6676f0a6/rapidminer/csv2arrfConverter.rmp,https://api.github.com/repos/Mpmprogramming/BeerPrediction/git/blobs/84c12f1fce822427e7f08233d9fdcae28712547e,https://github.com/Mpmprogramming/BeerPrediction/blob/683e92e9172d95ba817d98d763c0c17d6676f0a6/rapidminer/csv2arrfConverter.rmp,rapidminer/csv2arrfConverter.rmp,file,PHP,2014-04-10 13:52:59,2014-05-19 17:03:03,Mpmprogramming/BeerPrediction,read_csv,csv_file,C:\Users\Michi\git\BeerPrediction\data\output\test.csv
https://github.com/Mpmprogramming/BeerPrediction/blob/683e92e9172d95ba817d98d763c0c17d6676f0a6/rapidminer/displayResults.rmp,https://raw.githubusercontent.com/Mpmprogramming/BeerPrediction/683e92e9172d95ba817d98d763c0c17d6676f0a6/rapidminer/displayResults.rmp,https://api.github.com/repos/Mpmprogramming/BeerPrediction/git/blobs/4da9a1229d144245fd667d929d5214a63e7ea96e,https://github.com/Mpmprogramming/BeerPrediction/blob/683e92e9172d95ba817d98d763c0c17d6676f0a6/rapidminer/displayResults.rmp,rapidminer/displayResults.rmp,file,PHP,2014-04-10 13:52:59,2014-05-19 17:03:03,Mpmprogramming/BeerPrediction,read_csv,csv_file,/Users/apfelbaum24/git/BeerPrediction/data/output/numeric_data.csv
https://github.com/mozerfazer/AuthorNameDisambiguation/blob/a80e26a8bb8c1ef4939dc85a59c00cd80513a712/Inst_Disamb_Step3,https://raw.githubusercontent.com/mozerfazer/AuthorNameDisambiguation/a80e26a8bb8c1ef4939dc85a59c00cd80513a712/Inst_Disamb_Step3,https://api.github.com/repos/mozerfazer/AuthorNameDisambiguation/git/blobs/8544b9375c5498aa9f0f0c2b567391f36e6ddae7,https://github.com/mozerfazer/AuthorNameDisambiguation/blob/a80e26a8bb8c1ef4939dc85a59c00cd80513a712/Inst_Disamb_Step3,Inst_Disamb_Step3,file,Python,2014-05-18 15:12:33,2017-04-10 16:45:14,mozerfazer/AuthorNameDisambiguation,read_csv,csv_file,C:\Users\hussein\Documents\DMKM\feature_ext\project\results.txt
https://github.com/pietnelis/Rapidminer/blob/f842e452f5751baff83796d8e4a7372dfe4842c3/EDwD%20chapter07/readFruitAndVeg.xml,https://raw.githubusercontent.com/pietnelis/Rapidminer/f842e452f5751baff83796d8e4a7372dfe4842c3/EDwD%20chapter07/readFruitAndVeg.xml,https://api.github.com/repos/pietnelis/Rapidminer/git/blobs/d45309e32dedf3b9dec9973b05a78316d28b4c0d,https://github.com/pietnelis/Rapidminer/blob/f842e452f5751baff83796d8e4a7372dfe4842c3/EDwD%20chapter07/readFruitAndVeg.xml,EDwD chapter07/readFruitAndVeg.xml,file,,2014-10-14 07:36:00,2014-10-14 07:36:00,pietnelis/Rapidminer,read_csv,csv_file,C:\exploringDataWithRapidMiner\fruitandveg.csv
https://github.com/pietnelis/Rapidminer/blob/f842e452f5751baff83796d8e4a7372dfe4842c3/EDwD%20chapter02/ReadCSVMetaData.xml,https://raw.githubusercontent.com/pietnelis/Rapidminer/f842e452f5751baff83796d8e4a7372dfe4842c3/EDwD%20chapter02/ReadCSVMetaData.xml,https://api.github.com/repos/pietnelis/Rapidminer/git/blobs/53fa04b8c48490413102ecf28ce67dfdbeb1cbc2,https://github.com/pietnelis/Rapidminer/blob/f842e452f5751baff83796d8e4a7372dfe4842c3/EDwD%20chapter02/ReadCSVMetaData.xml,EDwD chapter02/ReadCSVMetaData.xml,file,,2014-10-14 07:36:00,2014-10-14 07:36:00,pietnelis/Rapidminer,read_csv,csv_file,C:\exploringDataWithRapidMiner\ExampleCSV.csv
https://github.com/ashchogoleva/peanalyzer/blob/865316debaa9da4948fd4dd1b33b9f50973464ca/models/generalprocess,https://raw.githubusercontent.com/ashchogoleva/peanalyzer/865316debaa9da4948fd4dd1b33b9f50973464ca/models/generalprocess,https://api.github.com/repos/ashchogoleva/peanalyzer/git/blobs/9ce9411079257d11524f9b03abdee945246e00b2,https://github.com/ashchogoleva/peanalyzer/blob/865316debaa9da4948fd4dd1b33b9f50973464ca/models/generalprocess,models/generalprocess,file,Ruby,2015-02-15 19:17:58,2015-02-15 19:19:37,ashchogoleva/peanalyzer,read_csv,csv_file,/Users/dkushnikov/IdeaProjects/PEAnalyzer/files/malware/VirusShare_02cf380fa8ff92dc6e74eaf188575f3e.csv
https://github.com/nheist/masterthesis/blob/a8270fe6f81b2b8d498d2f822b12f7fb38186821/data/processes/create20kSample.xml,https://raw.githubusercontent.com/nheist/masterthesis/a8270fe6f81b2b8d498d2f822b12f7fb38186821/data/processes/create20kSample.xml,https://api.github.com/repos/nheist/masterthesis/git/blobs/65d6c4ad3386c9d2e33133b9e5b529cc955b149f,https://github.com/nheist/masterthesis/blob/a8270fe6f81b2b8d498d2f822b12f7fb38186821/data/processes/create20kSample.xml,data/processes/create20kSample.xml,file,Groovy,2015-04-04 10:45:15,2016-02-24 17:05:54,nheist/masterthesis,read_csv,csv_file,XINPUTDATALOCATIONX
https://github.com/nheist/masterthesis/blob/a8270fe6f81b2b8d498d2f822b12f7fb38186821/data/processes/create50kSample.xml,https://raw.githubusercontent.com/nheist/masterthesis/a8270fe6f81b2b8d498d2f822b12f7fb38186821/data/processes/create50kSample.xml,https://api.github.com/repos/nheist/masterthesis/git/blobs/0d5ac693c86f03d7e7cffadbea95973e2a57fea5,https://github.com/nheist/masterthesis/blob/a8270fe6f81b2b8d498d2f822b12f7fb38186821/data/processes/create50kSample.xml,data/processes/create50kSample.xml,file,Groovy,2015-04-04 10:45:15,2016-02-24 17:05:54,nheist/masterthesis,read_csv,csv_file,XINPUTDATALOCATIONX
https://github.com/ofrendo/WebDataIntegration/blob/7db877abadd2be94d5373f5f47c8ccd1d179bea6/RapidMinerRepo/ReadGeneratedFeaturesFreebaseDBpedia.rmp,https://raw.githubusercontent.com/ofrendo/WebDataIntegration/7db877abadd2be94d5373f5f47c8ccd1d179bea6/RapidMinerRepo/ReadGeneratedFeaturesFreebaseDBpedia.rmp,https://api.github.com/repos/ofrendo/WebDataIntegration/git/blobs/ae2c15fead3584ab65fc1cd5cf49cde0e8f76049,https://github.com/ofrendo/WebDataIntegration/blob/7db877abadd2be94d5373f5f47c8ccd1d179bea6/RapidMinerRepo/ReadGeneratedFeaturesFreebaseDBpedia.rmp,RapidMinerRepo/ReadGeneratedFeaturesFreebaseDBpedia.rmp,file,Java,2015-10-01 16:51:11,2015-10-01 16:55:21,ofrendo/WebDataIntegration,read_csv,csv_file,C:\Users\Oliver\git\WebDataIntegration\data\resolutionResults\companyFreebase_2_companyDBpedia_correspondences_features.csv
https://github.com/izethewise/kdd-adult/blob/211fa457779f32baf16e2349786e2ae57a3b6365/rm/repo/processes/01-import-trans.rmp,https://raw.githubusercontent.com/izethewise/kdd-adult/211fa457779f32baf16e2349786e2ae57a3b6365/rm/repo/processes/01-import-trans.rmp,https://api.github.com/repos/izethewise/kdd-adult/git/blobs/cd33958ea9bd418893581933370e5ede26d0a1f2,https://github.com/izethewise/kdd-adult/blob/211fa457779f32baf16e2349786e2ae57a3b6365/rm/repo/processes/01-import-trans.rmp,rm/repo/processes/01-import-trans.rmp,file,HTML,2017-04-12 16:34:30,2017-04-20 17:52:12,izethewise/kdd-adult,read_csv,csv_file,C:\Users\isaac\OneDrive\Documents\IT Study\Data Analytics\Brighton MSc\Modules\Data Mining and Knowledge Discovery in Data\assessment\adult\adult.trans
https://github.com/GillesVandewiele/ConsistencyChecking/blob/a20e21ca0ae84e01d22f0efff24dba4c98691c8c/Using_Graph_Kernels_for_Feature_Generation_-_RapidMiner_LOD_extension-v1.rmp,https://raw.githubusercontent.com/GillesVandewiele/ConsistencyChecking/a20e21ca0ae84e01d22f0efff24dba4c98691c8c/Using_Graph_Kernels_for_Feature_Generation_-_RapidMiner_LOD_extension-v1.rmp,https://api.github.com/repos/GillesVandewiele/ConsistencyChecking/git/blobs/f0bfe82fe2b6ac5cee3edb6e544b9d30fc5d70dd,https://github.com/GillesVandewiele/ConsistencyChecking/blob/a20e21ca0ae84e01d22f0efff24dba4c98691c8c/Using_Graph_Kernels_for_Feature_Generation_-_RapidMiner_LOD_extension-v1.rmp,Using_Graph_Kernels_for_Feature_Generation_-_RapidMiner_LOD_extension-v1.rmp,file,Jupyter Notebook,2017-05-15 15:43:26,2017-10-14 04:43:51,GillesVandewiele/ConsistencyChecking,read_csv,csv_file,/home/gvandewiele/ConsistencyChecking/france_regions.csv
https://github.com/ProjektDataminingTHB/Eyetracking/blob/1c323563138e2761ea6d2c734fd41c12148d3323/code/Rapidminer/clustering.rmp,https://raw.githubusercontent.com/ProjektDataminingTHB/Eyetracking/1c323563138e2761ea6d2c734fd41c12148d3323/code/Rapidminer/clustering.rmp,https://api.github.com/repos/ProjektDataminingTHB/Eyetracking/git/blobs/d6579ca0bcaa0fc71574fb538bc3d3826c8500d1,https://github.com/ProjektDataminingTHB/Eyetracking/blob/1c323563138e2761ea6d2c734fd41c12148d3323/code/Rapidminer/clustering.rmp,code/Rapidminer/clustering.rmp,file,Python,2016-12-07 13:01:47,2017-01-07 15:41:16,ProjektDataminingTHB/Eyetracking,read_csv,csv_file,/media/herval/Save/School/THB/Master/Semester1/Projekt1/Eyetracking/data/processed/result/result_ohne_vp_name.csv
https://github.com/smarie/java-octminer/blob/713977b03fe39eec1fdf4c634248d24297a5160b/Tests_RMRepository/IntegrationTestProcesses/tags/OctaveWithIO-1.1.0/RM-src/MultiThreadingTest.rmp,https://raw.githubusercontent.com/smarie/java-octminer/713977b03fe39eec1fdf4c634248d24297a5160b/Tests_RMRepository/IntegrationTestProcesses/tags/OctaveWithIO-1.1.0/RM-src/MultiThreadingTest.rmp,https://api.github.com/repos/smarie/java-octminer/git/blobs/d611657fd7055cfd73d094d718d611e1e09ffcb0,https://github.com/smarie/java-octminer/blob/713977b03fe39eec1fdf4c634248d24297a5160b/Tests_RMRepository/IntegrationTestProcesses/tags/OctaveWithIO-1.1.0/RM-src/MultiThreadingTest.rmp,Tests_RMRepository/IntegrationTestProcesses/tags/OctaveWithIO-1.1.0/RM-src/MultiThreadingTest.rmp,file,Java,2017-09-01 13:17:57,2017-09-01 13:23:16,smarie/java-octminer,read_csv,csv_file,D:\code\DataMining\RapidMinerRepository\6. Octave extension\OctaveWithIO\trunk\RM-test-data\Generated-data.csv
https://github.com/smarie/java-octminer/blob/713977b03fe39eec1fdf4c634248d24297a5160b/Tests_RMRepository/IntegrationTestProcesses/tags/OctaveWithIO-1.1.1/RM-src/MultiThreadingTest.rmp,https://raw.githubusercontent.com/smarie/java-octminer/713977b03fe39eec1fdf4c634248d24297a5160b/Tests_RMRepository/IntegrationTestProcesses/tags/OctaveWithIO-1.1.1/RM-src/MultiThreadingTest.rmp,https://api.github.com/repos/smarie/java-octminer/git/blobs/3e620baa949cdef156826d1d218ed00c55631753,https://github.com/smarie/java-octminer/blob/713977b03fe39eec1fdf4c634248d24297a5160b/Tests_RMRepository/IntegrationTestProcesses/tags/OctaveWithIO-1.1.1/RM-src/MultiThreadingTest.rmp,Tests_RMRepository/IntegrationTestProcesses/tags/OctaveWithIO-1.1.1/RM-src/MultiThreadingTest.rmp,file,Java,2017-09-01 13:17:57,2017-09-01 13:23:16,smarie/java-octminer,read_csv,csv_file,D:\code\DataMining\RapidMinerRepository\6. Octave extension\OctaveWithIO\trunk\RM-test-data\Generated-data.csv
https://github.com/smarie/java-octminer/blob/713977b03fe39eec1fdf4c634248d24297a5160b/Tests_RMRepository/OtherTestProcesses/trunk/RM-src/MyOctaveFunc.rmp,https://raw.githubusercontent.com/smarie/java-octminer/713977b03fe39eec1fdf4c634248d24297a5160b/Tests_RMRepository/OtherTestProcesses/trunk/RM-src/MyOctaveFunc.rmp,https://api.github.com/repos/smarie/java-octminer/git/blobs/d9e6137ca718dd0014c299aa64f9e3d19b4b8a25,https://github.com/smarie/java-octminer/blob/713977b03fe39eec1fdf4c634248d24297a5160b/Tests_RMRepository/OtherTestProcesses/trunk/RM-src/MyOctaveFunc.rmp,Tests_RMRepository/OtherTestProcesses/trunk/RM-src/MyOctaveFunc.rmp,file,Java,2017-09-01 13:17:57,2017-09-01 13:23:16,smarie/java-octminer,read_csv,csv_file,D:\code\HOMES\SVN_homesanalytics\DataMining\RapidMinerRepository\0. Demos\Vizelia-1\RM-test-data\Generated-data.csv
https://github.com/smarie/java-octminer/blob/713977b03fe39eec1fdf4c634248d24297a5160b/Tests_RMRepository/OtherTestProcesses/trunk/RM-src/New_way_with_URL_or_path_parameter.rmp,https://raw.githubusercontent.com/smarie/java-octminer/713977b03fe39eec1fdf4c634248d24297a5160b/Tests_RMRepository/OtherTestProcesses/trunk/RM-src/New_way_with_URL_or_path_parameter.rmp,https://api.github.com/repos/smarie/java-octminer/git/blobs/5f8d5adacf603317d32a3959144494ee75c0dc9f,https://github.com/smarie/java-octminer/blob/713977b03fe39eec1fdf4c634248d24297a5160b/Tests_RMRepository/OtherTestProcesses/trunk/RM-src/New_way_with_URL_or_path_parameter.rmp,Tests_RMRepository/OtherTestProcesses/trunk/RM-src/New_way_with_URL_or_path_parameter.rmp,file,Java,2017-09-01 13:17:57,2017-09-01 13:23:16,smarie/java-octminer,read_csv,csv_file,D:\code\HOMES\SVN_homesanalytics\DataMining\RapidMinerRepository\0. Templates\RM-test-data\Test.csv
https://github.com/pietnelis/Rapidminer/blob/f842e452f5751baff83796d8e4a7372dfe4842c3/EDwD%20chapter07/pivoting.xml,https://raw.githubusercontent.com/pietnelis/Rapidminer/f842e452f5751baff83796d8e4a7372dfe4842c3/EDwD%20chapter07/pivoting.xml,https://api.github.com/repos/pietnelis/Rapidminer/git/blobs/8556f4307d3b67607f52805d29be7ae1e2f47a16,https://github.com/pietnelis/Rapidminer/blob/f842e452f5751baff83796d8e4a7372dfe4842c3/EDwD%20chapter07/pivoting.xml,EDwD chapter07/pivoting.xml,file,,2014-10-14 07:36:00,2014-10-14 07:36:00,pietnelis/Rapidminer,read_csv,csv_file,C:\exploringDataWithRapidMiner\namevaluepairs.csv
https://github.com/pietnelis/Rapidminer/blob/f842e452f5751baff83796d8e4a7372dfe4842c3/EDwD%20chapter02/ReadCSVGuessing.xml,https://raw.githubusercontent.com/pietnelis/Rapidminer/f842e452f5751baff83796d8e4a7372dfe4842c3/EDwD%20chapter02/ReadCSVGuessing.xml,https://api.github.com/repos/pietnelis/Rapidminer/git/blobs/ae7e21298bb09ba162d1ed9a9a7bbc7b9b6f582d,https://github.com/pietnelis/Rapidminer/blob/f842e452f5751baff83796d8e4a7372dfe4842c3/EDwD%20chapter02/ReadCSVGuessing.xml,EDwD chapter02/ReadCSVGuessing.xml,file,,2014-10-14 07:36:00,2014-10-14 07:36:00,pietnelis/Rapidminer,read_csv,csv_file,C:\exploringDataWithRapidMiner\csvParseExample.csv
https://github.com/rs2bd/Bill-Su-Full-Portfolio/blob/04669ec217159664903db6e3c499b69c1743c85a/Business-School-Projects/Nomz%20Google%20Adword%20Campaign%20Project/Handoff/Summary%20Statistics%20(see%20statistic%20tab%20in%20results).rmp,https://raw.githubusercontent.com/rs2bd/Bill-Su-Full-Portfolio/04669ec217159664903db6e3c499b69c1743c85a/Business-School-Projects/Nomz%20Google%20Adword%20Campaign%20Project/Handoff/Summary%20Statistics%20(see%20statistic%20tab%20in%20results).rmp,https://api.github.com/repos/rs2bd/Bill-Su-Full-Portfolio/git/blobs/035d938b9b689ce39e1a2ff9c5443264a29ea628,https://github.com/rs2bd/Bill-Su-Full-Portfolio/blob/04669ec217159664903db6e3c499b69c1743c85a/Business-School-Projects/Nomz%20Google%20Adword%20Campaign%20Project/Handoff/Summary%20Statistics%20(see%20statistic%20tab%20in%20results).rmp,Business-School-Projects/Nomz Google Adword Campaign Project/Handoff/Summary Statistics (see statistic tab in results).rmp,file,HTML,2016-07-20 13:52:23,2016-07-20 18:51:18,rs2bd/Bill-Su-Full-Portfolio,read_csv,csv_file,/Users/billsu/Desktop/Mturk Result Nomz.csv
https://github.com/dagbjoern/SMD/blob/563a78baa83eb4ea9daab18cfba0791f0ddfba40/Blatt5/prozesseA3/sampling3a.rmp,https://raw.githubusercontent.com/dagbjoern/SMD/563a78baa83eb4ea9daab18cfba0791f0ddfba40/Blatt5/prozesseA3/sampling3a.rmp,https://api.github.com/repos/dagbjoern/SMD/git/blobs/a55928f34dbb5df976bdb6099af5ac88dff3d640,https://github.com/dagbjoern/SMD/blob/563a78baa83eb4ea9daab18cfba0791f0ddfba40/Blatt5/prozesseA3/sampling3a.rmp,Blatt5/prozesseA3/sampling3a.rmp,file,TeX,2016-10-27 15:05:51,2016-10-27 15:10:55,dagbjoern/SMD,read_csv,csv_file,/home/henning/Downloads/signal.csv
https://github.com/casassg/movies-predictor-dm/blob/5f7b6a114b28de189d2729d0de61b9af41470596/rm_processes/feature_selection.rmp,https://raw.githubusercontent.com/casassg/movies-predictor-dm/5f7b6a114b28de189d2729d0de61b9af41470596/rm_processes/feature_selection.rmp,https://api.github.com/repos/casassg/movies-predictor-dm/git/blobs/5cdf94860e124337e8fe191ddeee7e0d27f870b3,https://github.com/casassg/movies-predictor-dm/blob/5f7b6a114b28de189d2729d0de61b9af41470596/rm_processes/feature_selection.rmp,rm_processes/feature_selection.rmp,file,Python,2016-11-24 16:09:12,2016-12-11 17:39:28,casassg/movies-predictor-dm,read_csv,csv_file,/home/oscar/Documentos/md/project2/movies-predictor-dm/movie_metadata.csv
https://github.com/inancarin/RapidMiner/blob/8fddea5e668c25f760a5862a676734a262f60bfd/Recommendation%20System/Process1.xml,https://raw.githubusercontent.com/inancarin/RapidMiner/8fddea5e668c25f760a5862a676734a262f60bfd/Recommendation%20System/Process1.xml,https://api.github.com/repos/inancarin/RapidMiner/git/blobs/94d4a8bacf5b0b06b2a0e40732764032823ef69f,https://github.com/inancarin/RapidMiner/blob/8fddea5e668c25f760a5862a676734a262f60bfd/Recommendation%20System/Process1.xml,Recommendation System/Process1.xml,file,,2017-04-22 00:13:17,2017-04-22 00:14:24,inancarin/RapidMiner,read_csv,csv_file,/Users/inanc/Desktop/rapidminerData/Recitation8/movies.csv
https://github.com/inancarin/RapidMiner/blob/8fddea5e668c25f760a5862a676734a262f60bfd/Recommendation%20System/Process2.xml,https://raw.githubusercontent.com/inancarin/RapidMiner/8fddea5e668c25f760a5862a676734a262f60bfd/Recommendation%20System/Process2.xml,https://api.github.com/repos/inancarin/RapidMiner/git/blobs/7b42205a11b3927df739df4cbcb324fd4dba113c,https://github.com/inancarin/RapidMiner/blob/8fddea5e668c25f760a5862a676734a262f60bfd/Recommendation%20System/Process2.xml,Recommendation System/Process2.xml,file,,2017-04-22 00:13:17,2017-04-22 00:14:24,inancarin/RapidMiner,read_csv,csv_file,/Users/inanc/Desktop/rapidminerData/Recitation8/movies.csv
https://github.com/sturmti/DMC17/blob/88e64908eff27ac7d50ae8c82b2c182226e93f39/Rapidminer/Process/14_PharmNorm.rmp,https://raw.githubusercontent.com/sturmti/DMC17/88e64908eff27ac7d50ae8c82b2c182226e93f39/Rapidminer/Process/14_PharmNorm.rmp,https://api.github.com/repos/sturmti/DMC17/git/blobs/9b9b2823e04577b3966355f531cf5b8f8c425ed0,https://github.com/sturmti/DMC17/blob/88e64908eff27ac7d50ae8c82b2c182226e93f39/Rapidminer/Process/14_PharmNorm.rmp,Rapidminer/Process/14_PharmNorm.rmp,file,R,2017-04-09 14:49:16,2017-05-21 18:33:13,sturmti/DMC17,read_csv,csv_file,C:\Users\alexb\Documents\Uni_Mannheim\01_Vorlesungen\02_FSS_2017\01_Data_Mining2\Project\DMC17\Task\Darreichungsformen.csv
https://github.com/smarie/java-octminer/blob/713977b03fe39eec1fdf4c634248d24297a5160b/Tests_RMRepository/IntegrationTestProcesses/tags/OctaveWithIO-1.0.0/RM-src/OctaveWithFilem.rmp,https://raw.githubusercontent.com/smarie/java-octminer/713977b03fe39eec1fdf4c634248d24297a5160b/Tests_RMRepository/IntegrationTestProcesses/tags/OctaveWithIO-1.0.0/RM-src/OctaveWithFilem.rmp,https://api.github.com/repos/smarie/java-octminer/git/blobs/152b38f9ece9d79fe4afc88c8cae662416ef9de4,https://github.com/smarie/java-octminer/blob/713977b03fe39eec1fdf4c634248d24297a5160b/Tests_RMRepository/IntegrationTestProcesses/tags/OctaveWithIO-1.0.0/RM-src/OctaveWithFilem.rmp,Tests_RMRepository/IntegrationTestProcesses/tags/OctaveWithIO-1.0.0/RM-src/OctaveWithFilem.rmp,file,Java,2017-09-01 13:17:57,2017-09-01 13:23:16,smarie/java-octminer,read_csv,csv_file,D:\code\DataMining\RapidMinerRepository\6. Octave extension\OctaveWithIO\trunk\RM-test-data\Generated-data.csv
https://github.com/smarie/java-octminer/blob/713977b03fe39eec1fdf4c634248d24297a5160b/Tests_RMRepository/IntegrationTestProcesses/tags/OctaveWithIO-1.1.0/RM-src/OctaveWithFilem.rmp,https://raw.githubusercontent.com/smarie/java-octminer/713977b03fe39eec1fdf4c634248d24297a5160b/Tests_RMRepository/IntegrationTestProcesses/tags/OctaveWithIO-1.1.0/RM-src/OctaveWithFilem.rmp,https://api.github.com/repos/smarie/java-octminer/git/blobs/152b38f9ece9d79fe4afc88c8cae662416ef9de4,https://github.com/smarie/java-octminer/blob/713977b03fe39eec1fdf4c634248d24297a5160b/Tests_RMRepository/IntegrationTestProcesses/tags/OctaveWithIO-1.1.0/RM-src/OctaveWithFilem.rmp,Tests_RMRepository/IntegrationTestProcesses/tags/OctaveWithIO-1.1.0/RM-src/OctaveWithFilem.rmp,file,Java,2017-09-01 13:17:57,2017-09-01 13:23:16,smarie/java-octminer,read_csv,csv_file,D:\code\DataMining\RapidMinerRepository\6. Octave extension\OctaveWithIO\trunk\RM-test-data\Generated-data.csv
https://github.com/smarie/java-octminer/blob/713977b03fe39eec1fdf4c634248d24297a5160b/Tests_RMRepository/IntegrationTestProcesses/tags/OctaveWithIO-1.0.0/RM-src/OctaveWithIOStruct.rmp,https://raw.githubusercontent.com/smarie/java-octminer/713977b03fe39eec1fdf4c634248d24297a5160b/Tests_RMRepository/IntegrationTestProcesses/tags/OctaveWithIO-1.0.0/RM-src/OctaveWithIOStruct.rmp,https://api.github.com/repos/smarie/java-octminer/git/blobs/002073c58274a7024db7e05c578887d88744a6dc,https://github.com/smarie/java-octminer/blob/713977b03fe39eec1fdf4c634248d24297a5160b/Tests_RMRepository/IntegrationTestProcesses/tags/OctaveWithIO-1.0.0/RM-src/OctaveWithIOStruct.rmp,Tests_RMRepository/IntegrationTestProcesses/tags/OctaveWithIO-1.0.0/RM-src/OctaveWithIOStruct.rmp,file,Java,2017-09-01 13:17:57,2017-09-01 13:23:16,smarie/java-octminer,read_csv,csv_file,D:\code\DataMining\RapidMinerRepository\6. Octave extension\OctaveWithIO\trunk\RM-test-data\Generated-data.csv
https://github.com/smarie/java-octminer/blob/713977b03fe39eec1fdf4c634248d24297a5160b/Tests_RMRepository/IntegrationTestProcesses/tags/OctaveWithIO-1.1.0/RM-src/OctaveWithIOStruct.rmp,https://raw.githubusercontent.com/smarie/java-octminer/713977b03fe39eec1fdf4c634248d24297a5160b/Tests_RMRepository/IntegrationTestProcesses/tags/OctaveWithIO-1.1.0/RM-src/OctaveWithIOStruct.rmp,https://api.github.com/repos/smarie/java-octminer/git/blobs/002073c58274a7024db7e05c578887d88744a6dc,https://github.com/smarie/java-octminer/blob/713977b03fe39eec1fdf4c634248d24297a5160b/Tests_RMRepository/IntegrationTestProcesses/tags/OctaveWithIO-1.1.0/RM-src/OctaveWithIOStruct.rmp,Tests_RMRepository/IntegrationTestProcesses/tags/OctaveWithIO-1.1.0/RM-src/OctaveWithIOStruct.rmp,file,Java,2017-09-01 13:17:57,2017-09-01 13:23:16,smarie/java-octminer,read_csv,csv_file,D:\code\DataMining\RapidMinerRepository\6. Octave extension\OctaveWithIO\trunk\RM-test-data\Generated-data.csv
https://github.com/arjun-rao/DataMiningLab/blob/13adfa1016582b4ff901ca352ea8933fd30c4ab1/RapidMinerPrograms/associationmining.rmp,https://raw.githubusercontent.com/arjun-rao/DataMiningLab/13adfa1016582b4ff901ca352ea8933fd30c4ab1/RapidMinerPrograms/associationmining.rmp,https://api.github.com/repos/arjun-rao/DataMiningLab/git/blobs/26655e295441e24059a06dd0f4e32a6a5ecebbf4,https://github.com/arjun-rao/DataMiningLab/blob/13adfa1016582b4ff901ca352ea8933fd30c4ab1/RapidMinerPrograms/associationmining.rmp,RapidMinerPrograms/associationmining.rmp,file,Java,2017-10-22 15:56:58,2017-10-22 21:08:33,arjun-rao/DataMiningLab,read_csv,csv_file,/Users/arjun/files/msrit/sem7/DMLab/RapidMiner/transactions.csv
https://github.com/PedroJoaoPereira/ECAC/blob/2e5c133df48e59745d4edb54064438256e386e41/Processes/utilities/load_district.rmp,https://raw.githubusercontent.com/PedroJoaoPereira/ECAC/2e5c133df48e59745d4edb54064438256e386e41/Processes/utilities/load_district.rmp,https://api.github.com/repos/PedroJoaoPereira/ECAC/git/blobs/b45bcee60256f5d21a8283d22541b01a4e463d19,https://github.com/PedroJoaoPereira/ECAC/blob/2e5c133df48e59745d4edb54064438256e386e41/Processes/utilities/load_district.rmp,Processes/utilities/load_district.rmp,file,R,2017-11-11 18:36:53,2018-02-28 08:00:30,PedroJoaoPereira/ECAC,read_csv,csv_file,/Users/andrecorreia/Documents/FEUP/MIEIC/5.º ano/ECAC/ficheiros_competicao/district.csv
https://github.com/pietnelis/Rapidminer/blob/f842e452f5751baff83796d8e4a7372dfe4842c3/EDwD%20chapter07/manipulateSunspots.xml,https://raw.githubusercontent.com/pietnelis/Rapidminer/f842e452f5751baff83796d8e4a7372dfe4842c3/EDwD%20chapter07/manipulateSunspots.xml,https://api.github.com/repos/pietnelis/Rapidminer/git/blobs/ab85ab97b53188a6ebdfae54ebeac6c7feda65b0,https://github.com/pietnelis/Rapidminer/blob/f842e452f5751baff83796d8e4a7372dfe4842c3/EDwD%20chapter07/manipulateSunspots.xml,EDwD chapter07/manipulateSunspots.xml,file,,2014-10-14 07:36:00,2014-10-14 07:36:00,pietnelis/Rapidminer,read_csv,csv_file,C:\exploringDataWithRapidMiner\sunspots.dat
https://github.com/pietnelis/Rapidminer/blob/f842e452f5751baff83796d8e4a7372dfe4842c3/EDwD%20chapter03/DistancesPlotter.xml,https://raw.githubusercontent.com/pietnelis/Rapidminer/f842e452f5751baff83796d8e4a7372dfe4842c3/EDwD%20chapter03/DistancesPlotter.xml,https://api.github.com/repos/pietnelis/Rapidminer/git/blobs/0cc6b5d1990340204a1886b65197318c549ffcec,https://github.com/pietnelis/Rapidminer/blob/f842e452f5751baff83796d8e4a7372dfe4842c3/EDwD%20chapter03/DistancesPlotter.xml,EDwD chapter03/DistancesPlotter.xml,file,,2014-10-14 07:36:00,2014-10-14 07:36:00,pietnelis/Rapidminer,read_csv,csv_file,C:\exploringDataWithRapidMiner\DataToVisualize.csv
https://github.com/jandufek/shopanalyst/blob/1859a39a009a9baa695557fc6b75c43bd051ad7a/rapidminer/churn_classification.rmp,https://raw.githubusercontent.com/jandufek/shopanalyst/1859a39a009a9baa695557fc6b75c43bd051ad7a/rapidminer/churn_classification.rmp,https://api.github.com/repos/jandufek/shopanalyst/git/blobs/eac595497f0d1f13cfa4bfc11e31f53a2923fa36,https://github.com/jandufek/shopanalyst/blob/1859a39a009a9baa695557fc6b75c43bd051ad7a/rapidminer/churn_classification.rmp,rapidminer/churn_classification.rmp,file,Python,2015-01-07 13:45:20,2015-01-14 14:24:58,jandufek/shopanalyst,read_csv,csv_file,/home/johny/projects/skola/diplomka/churn2.csv
https://github.com/tomsean/rapidminer-demo/blob/786ec8b6169d33df0b28c2909a4a4fea0b8989b5/processes/chapter-4.rmp,https://raw.githubusercontent.com/tomsean/rapidminer-demo/786ec8b6169d33df0b28c2909a4a4fea0b8989b5/processes/chapter-4.rmp,https://api.github.com/repos/tomsean/rapidminer-demo/git/blobs/6688c03295f680f7809a634d203d5433e2cee827,https://github.com/tomsean/rapidminer-demo/blob/786ec8b6169d33df0b28c2909a4a4fea0b8989b5/processes/chapter-4.rmp,processes/chapter-4.rmp,file,,2016-03-03 09:20:45,2016-03-03 09:20:45,tomsean/rapidminer-demo,read_csv,csv_file,C:\Users\Fareed\Desktop\Rapid Book\data sets\GI\GI data.txt
https://github.com/jpotoniec/LDMC2016/blob/8f55aa90e3e15d457cc3f4f0bf2217ae134b97f1/RapidMiner/export.rmp,https://raw.githubusercontent.com/jpotoniec/LDMC2016/8f55aa90e3e15d457cc3f4f0bf2217ae134b97f1/RapidMiner/export.rmp,https://api.github.com/repos/jpotoniec/LDMC2016/git/blobs/7960aeee7acb1958c8e1c5e01460eca62c92d335,https://github.com/jpotoniec/LDMC2016/blob/8f55aa90e3e15d457cc3f4f0bf2217ae134b97f1/RapidMiner/export.rmp,RapidMiner/export.rmp,file,TeX,2016-03-08 14:44:55,2016-10-17 23:18:46,jpotoniec/LDMC2016,read_csv,csv_file,/media/dbpedia/ldmc/testDataset.tsv
https://github.com/FranciscoJAM/TG3/blob/5e0ba8692ba3cd72e9c68b1c89fbac22a8c68858/ImRapidMiner/Ejercicio1.rmp,https://raw.githubusercontent.com/FranciscoJAM/TG3/5e0ba8692ba3cd72e9c68b1c89fbac22a8c68858/ImRapidMiner/Ejercicio1.rmp,https://api.github.com/repos/FranciscoJAM/TG3/git/blobs/6119465caa3accc5d879468016c94c5081d1d5dd,https://github.com/FranciscoJAM/TG3/blob/5e0ba8692ba3cd72e9c68b1c89fbac22a8c68858/ImRapidMiner/Ejercicio1.rmp,ImRapidMiner/Ejercicio1.rmp,file,,2016-04-30 16:04:56,2016-04-30 16:04:56,FranciscoJAM/TG3,read_csv,csv_file,C:\Users\Sara M\Documents\wdbc.data.txt
https://github.com/casassg/movies-predictor-dm/blob/5f7b6a114b28de189d2729d0de61b9af41470596/rm_processes/normalization.rmp,https://raw.githubusercontent.com/casassg/movies-predictor-dm/5f7b6a114b28de189d2729d0de61b9af41470596/rm_processes/normalization.rmp,https://api.github.com/repos/casassg/movies-predictor-dm/git/blobs/6c4b4e286b113e416b6894bd9b17a511d04a11ca,https://github.com/casassg/movies-predictor-dm/blob/5f7b6a114b28de189d2729d0de61b9af41470596/rm_processes/normalization.rmp,rm_processes/normalization.rmp,file,Python,2016-11-24 16:09:12,2016-12-11 17:39:28,casassg/movies-predictor-dm,read_csv,csv_file,/home/oscar/Documentos/md/project2/movies-predictor-dm/movie_metadata_prep.csv
https://github.com/ProjektDataminingTHB/Eyetracking/blob/a517ff42819ea2dafc4fc1fc83be8121c54c08d5/code/Rapidminer/decision_tree.rmp,https://raw.githubusercontent.com/ProjektDataminingTHB/Eyetracking/a517ff42819ea2dafc4fc1fc83be8121c54c08d5/code/Rapidminer/decision_tree.rmp,https://api.github.com/repos/ProjektDataminingTHB/Eyetracking/git/blobs/c1cfcaee521591d569150386d7acb18d98690dd5,https://github.com/ProjektDataminingTHB/Eyetracking/blob/a517ff42819ea2dafc4fc1fc83be8121c54c08d5/code/Rapidminer/decision_tree.rmp,code/Rapidminer/decision_tree.rmp,file,Python,2016-12-07 13:01:47,2017-01-07 15:41:16,ProjektDataminingTHB/Eyetracking,read_csv,csv_file,/home/herval/Documents/THB/Master/Semester1/Projekt1/DataMining/Eyetracking/data/processed/clustering/cluster.csv
https://github.com/jpmml/jpmml-evaluator/blob/f3d4af3e1cac0522e4bfc4cefc244bbb8d177d01/pmml-rapidminer/src/test/resources/RapidMiner/ClusteringTest.rmp,https://raw.githubusercontent.com/jpmml/jpmml-evaluator/f3d4af3e1cac0522e4bfc4cefc244bbb8d177d01/pmml-rapidminer/src/test/resources/RapidMiner/ClusteringTest.rmp,https://api.github.com/repos/jpmml/jpmml-evaluator/git/blobs/be04d3ee62deb9e0c127d865ba268d1bc7e2fba3,https://github.com/jpmml/jpmml-evaluator/blob/f3d4af3e1cac0522e4bfc4cefc244bbb8d177d01/pmml-rapidminer/src/test/resources/RapidMiner/ClusteringTest.rmp,pmml-rapidminer/src/test/resources/RapidMiner/ClusteringTest.rmp,file,Java,2014-02-25 21:07:42,2018-05-18 15:45:49,jpmml/jpmml-evaluator,read_csv,csv_file,/home/vfed/Workspace/jpmml-evaluator/pmml-rapidminer/src/test/resources/csv/Iris.csv
https://github.com/cu-sage/sage-frontend/blob/3b8b6942047228c1c3cf3a7271f08a2124db3b8d/machine_learning/RapidMiner-repo/progression-kmeans-clustering.rmp,https://raw.githubusercontent.com/cu-sage/sage-frontend/3b8b6942047228c1c3cf3a7271f08a2124db3b8d/machine_learning/RapidMiner-repo/progression-kmeans-clustering.rmp,https://api.github.com/repos/cu-sage/sage-frontend/git/blobs/04affbfa9eabd68463ed3bfcdbff65e6820f2288,https://github.com/cu-sage/sage-frontend/blob/3b8b6942047228c1c3cf3a7271f08a2124db3b8d/machine_learning/RapidMiner-repo/progression-kmeans-clustering.rmp,machine_learning/RapidMiner-repo/progression-kmeans-clustering.rmp,file,JavaScript,2016-09-30 16:00:21,2018-03-16 01:36:41,cu-sage/sage-frontend,read_csv,csv_file,/Users/AliSawyer/Documents/SeniorSpring/SAGE-project/sage-frontend/machine_learning/ml-output/output-k-means-features-with-labels.csv
https://github.com/amilivojevic/prediction_of_tennis_carrer_flow/blob/6ed16a95eb74e3f1a07faf8a5e395b0b0820b557/tennis_v2,https://raw.githubusercontent.com/amilivojevic/prediction_of_tennis_carrer_flow/6ed16a95eb74e3f1a07faf8a5e395b0b0820b557/tennis_v2,https://api.github.com/repos/amilivojevic/prediction_of_tennis_carrer_flow/git/blobs/e6956110f02e613e1b12d73445f34ec97eb2a19a,https://github.com/amilivojevic/prediction_of_tennis_carrer_flow/blob/6ed16a95eb74e3f1a07faf8a5e395b0b0820b557/tennis_v2,tennis_v2,file,Python,2017-12-17 12:08:54,2018-03-21 23:33:49,amilivojevic/prediction_of_tennis_carrer_flow,read_csv,csv_file,C:\Users\Sandra\AppData\Local\Temp\rm_file_5655709609078303732.dump
https://github.com/amilivojevic/prediction_of_tennis_carrer_flow/blob/70d555393069c60536021f5ae94eb9bd9057614d/tennis_v2.rmp,https://raw.githubusercontent.com/amilivojevic/prediction_of_tennis_carrer_flow/70d555393069c60536021f5ae94eb9bd9057614d/tennis_v2.rmp,https://api.github.com/repos/amilivojevic/prediction_of_tennis_carrer_flow/git/blobs/e6956110f02e613e1b12d73445f34ec97eb2a19a,https://github.com/amilivojevic/prediction_of_tennis_carrer_flow/blob/70d555393069c60536021f5ae94eb9bd9057614d/tennis_v2.rmp,tennis_v2.rmp,file,Python,2017-12-17 12:08:54,2018-03-21 23:33:49,amilivojevic/prediction_of_tennis_carrer_flow,read_csv,csv_file,C:\Users\Sandra\AppData\Local\Temp\rm_file_5655709609078303732.dump
https://github.com/marcelobeckmann/trademiner/blob/80107fef1f90b449cd6c2b98a252dd5139ac207e/REPOSITORY/under_test/read_all_knn_und.rmp,https://raw.githubusercontent.com/marcelobeckmann/trademiner/80107fef1f90b449cd6c2b98a252dd5139ac207e/REPOSITORY/under_test/read_all_knn_und.rmp,https://api.github.com/repos/marcelobeckmann/trademiner/git/blobs/d8ddba30e439311a36a59d20d81ef668829294b8,https://github.com/marcelobeckmann/trademiner/blob/80107fef1f90b449cd6c2b98a252dd5139ac207e/REPOSITORY/under_test/read_all_knn_und.rmp,REPOSITORY/under_test/read_all_knn_und.rmp,file,Java,2018-03-22 07:38:27,2018-04-04 07:22:37,marcelobeckmann/trademiner,read_csv,csv_file,D:\var\tmp\output\D0603\%{file_name}
https://github.com/tanlull/test_db/blob/a93efb3a8c44e59b4cec491fb56c6356acea2cfc/Rapidminer/01_DecisionTree_HeartAttack.rmp,https://raw.githubusercontent.com/tanlull/test_db/a93efb3a8c44e59b4cec491fb56c6356acea2cfc/Rapidminer/01_DecisionTree_HeartAttack.rmp,https://api.github.com/repos/tanlull/test_db/git/blobs/e8bdaf76d1be573f143b1419f44011221a0b6e29,https://github.com/tanlull/test_db/blob/a93efb3a8c44e59b4cec491fb56c6356acea2cfc/Rapidminer/01_DecisionTree_HeartAttack.rmp,Rapidminer/01_DecisionTree_HeartAttack.rmp,file,,2018-02-22 07:40:59,2018-05-05 08:15:34,tanlull/test_db,read_csv,csv_file,C:\Users\tan\Desktop\heart_attack_training.csv
https://github.com/steffenjacobs/WeatherDataParser/blob/bfa5fd2c5f958222569a89f4217ac5ab80cd5862/Process/Dataset%20Analysis/datset_holiday_analysis.rmp,https://raw.githubusercontent.com/steffenjacobs/WeatherDataParser/bfa5fd2c5f958222569a89f4217ac5ab80cd5862/Process/Dataset%20Analysis/datset_holiday_analysis.rmp,https://api.github.com/repos/steffenjacobs/WeatherDataParser/git/blobs/6e8e0574783ad7af4e5750b706a63002e17a928a,https://github.com/steffenjacobs/WeatherDataParser/blob/bfa5fd2c5f958222569a89f4217ac5ab80cd5862/Process/Dataset%20Analysis/datset_holiday_analysis.rmp,Process/Dataset Analysis/datset_holiday_analysis.rmp,file,Java,2018-04-19 13:40:14,2018-05-20 08:10:33,steffenjacobs/WeatherDataParser,read_csv,csv_file,C:\Temp\federalHolidays_FL.csv
https://github.com/jacobfi/bossen-maig/blob/576641a272b6b0c6a3fff10a1a12f9f274796f8c/datamining/nn-acceleration-process.rmp,https://raw.githubusercontent.com/jacobfi/bossen-maig/576641a272b6b0c6a3fff10a1a12f9f274796f8c/datamining/nn-acceleration-process.rmp,https://api.github.com/repos/jacobfi/bossen-maig/git/blobs/36e77342fc8e424edc5ab3daffec165e9c0a0512,https://github.com/jacobfi/bossen-maig/blob/576641a272b6b0c6a3fff10a1a12f9f274796f8c/datamining/nn-acceleration-process.rmp,datamining/nn-acceleration-process.rmp,file,TeX,2014-10-28 08:05:52,2015-02-11 18:45:50,jacobfi/bossen-maig,read_csv,csv_file,C:\ITU\modern-ai\torcs\Acceleration_16-02-31.csv
https://github.com/dice89/master-thesis/blob/57820eac12fcb816c594ae14412d74bb737a4bc4/RapidminerRepo/outlieranalysistry.rmp,https://raw.githubusercontent.com/dice89/master-thesis/57820eac12fcb816c594ae14412d74bb737a4bc4/RapidminerRepo/outlieranalysistry.rmp,https://api.github.com/repos/dice89/master-thesis/git/blobs/37db34975ef02bf170af1a19d8e78d1d7c42cc51,https://github.com/dice89/master-thesis/blob/57820eac12fcb816c594ae14412d74bb737a4bc4/RapidminerRepo/outlieranalysistry.rmp,RapidminerRepo/outlieranalysistry.rmp,file,Groff,2014-11-18 10:50:24,2015-04-29 22:24:48,dice89/master-thesis,read_csv,csv_file,/Users/mueller/Coding/workspacescala/OAOntologyMatcher/test.csv
https://github.com/dice89/master-thesis/blob/57820eac12fcb816c594ae14412d74bb737a4bc4/RapidminerRepo/testprocess.rmp,https://raw.githubusercontent.com/dice89/master-thesis/57820eac12fcb816c594ae14412d74bb737a4bc4/RapidminerRepo/testprocess.rmp,https://api.github.com/repos/dice89/master-thesis/git/blobs/961b402f6550789b0e06aeab16d148a8d7b51fc9,https://github.com/dice89/master-thesis/blob/57820eac12fcb816c594ae14412d74bb737a4bc4/RapidminerRepo/testprocess.rmp,RapidminerRepo/testprocess.rmp,file,Groff,2014-11-18 10:50:24,2015-04-29 22:24:48,dice89/master-thesis,read_csv,csv_file,/Users/mueller/Documents/master-thesis/oaMatcherCode/matchings/test_raw_matchings.csv
https://github.com/vonbv25/InstallerClassifierWebService/blob/fcdfe48a5d51f9d6a2234d3a3ecb3e6c57999fbf/src/main/resources/prediction.rmp,https://raw.githubusercontent.com/vonbv25/InstallerClassifierWebService/fcdfe48a5d51f9d6a2234d3a3ecb3e6c57999fbf/src/main/resources/prediction.rmp,https://api.github.com/repos/vonbv25/InstallerClassifierWebService/git/blobs/ce3795930686a505daf0dadc8ce47b605571a875,https://github.com/vonbv25/InstallerClassifierWebService/blob/fcdfe48a5d51f9d6a2234d3a3ecb3e6c57999fbf/src/main/resources/prediction.rmp,src/main/resources/prediction.rmp,file,Java,2014-12-17 06:34:17,2014-12-17 06:59:45,vonbv25/InstallerClassifierWebService,read_csv,csv_file,/home/von/Documents/research-installers.csv
https://github.com/DrThyme/Data-Mining/blob/00f09b30c2daea2e5a18b94a39312dac0b6b7bf9/Assignment%201/Task6.rmp,https://raw.githubusercontent.com/DrThyme/Data-Mining/00f09b30c2daea2e5a18b94a39312dac0b6b7bf9/Assignment%201/Task6.rmp,https://api.github.com/repos/DrThyme/Data-Mining/git/blobs/1c3fbc2e6fa2039532ab25d59801e2a4cac38564,https://github.com/DrThyme/Data-Mining/blob/00f09b30c2daea2e5a18b94a39312dac0b6b7bf9/Assignment%201/Task6.rmp,Assignment 1/Task6.rmp,file,,2015-09-09 15:21:30,2015-09-09 15:21:30,DrThyme/Data-Mining,read_csv,csv_file,D:\School\Data-Mining\Assignment 1\iris_labels.csv
https://github.com/Danielel/DataMiningProject/blob/f48079ce49756108ecd640fcaac6e5e739d775a1/RapidMiner/ProjectProcess.rmp,https://raw.githubusercontent.com/Danielel/DataMiningProject/f48079ce49756108ecd640fcaac6e5e739d775a1/RapidMiner/ProjectProcess.rmp,https://api.github.com/repos/Danielel/DataMiningProject/git/blobs/8acaf3bd9fa3fbc46b73c91ad10249fdb079128a,https://github.com/Danielel/DataMiningProject/blob/f48079ce49756108ecd640fcaac6e5e739d775a1/RapidMiner/ProjectProcess.rmp,RapidMiner/ProjectProcess.rmp,file,SQLPL,2016-09-25 14:09:01,2016-09-25 14:36:24,Danielel/DataMiningProject,read_csv,csv_file,C:\Users\Johannes\Desktop\DM Project\Census Data\datasubset.txt
https://github.com/jpmml/jpmml-evaluator/blob/f3d4af3e1cac0522e4bfc4cefc244bbb8d177d01/pmml-rapidminer/src/test/resources/RapidMiner/RegressionTest.rmp,https://raw.githubusercontent.com/jpmml/jpmml-evaluator/f3d4af3e1cac0522e4bfc4cefc244bbb8d177d01/pmml-rapidminer/src/test/resources/RapidMiner/RegressionTest.rmp,https://api.github.com/repos/jpmml/jpmml-evaluator/git/blobs/88297d9a2e0ccceb23f64d623aae2237c631ce62,https://github.com/jpmml/jpmml-evaluator/blob/f3d4af3e1cac0522e4bfc4cefc244bbb8d177d01/pmml-rapidminer/src/test/resources/RapidMiner/RegressionTest.rmp,pmml-rapidminer/src/test/resources/RapidMiner/RegressionTest.rmp,file,Java,2014-02-25 21:07:42,2018-05-18 15:45:49,jpmml/jpmml-evaluator,read_csv,csv_file,/home/vfed/Workspace/jpmml-evaluator/pmml-rapidminer/src/test/resources/csv/Auto.csv
https://github.com/webpolis/fxpal/blob/0b1394a8330c1288fd7ce19b64fd3fba0769d4aa/app/data/multisets.xml,https://raw.githubusercontent.com/webpolis/fxpal/0b1394a8330c1288fd7ce19b64fd3fba0769d4aa/app/data/multisets.xml,https://api.github.com/repos/webpolis/fxpal/git/blobs/b96f9814e4dbdf102b01f0edace7274ac5f35bf0,https://github.com/webpolis/fxpal/blob/0b1394a8330c1288fd7ce19b64fd3fba0769d4aa/app/data/multisets.xml,app/data/multisets.xml,file,R,2017-10-04 21:11:30,2017-10-04 21:29:48,webpolis/fxpal,read_csv,csv_file,/Users/macbook/workspace/nico/aifx/app/data/multisetsInputs.csv
https://github.com/cu-sage/sage-frontend/blob/3b8b6942047228c1c3cf3a7271f08a2124db3b8d/machine_learning/RapidMiner-repo/sequential-pattern-mining.rmp,https://raw.githubusercontent.com/cu-sage/sage-frontend/3b8b6942047228c1c3cf3a7271f08a2124db3b8d/machine_learning/RapidMiner-repo/sequential-pattern-mining.rmp,https://api.github.com/repos/cu-sage/sage-frontend/git/blobs/e68e5ab15b322c7bdb8ad964b41cf121a8760c7b,https://github.com/cu-sage/sage-frontend/blob/3b8b6942047228c1c3cf3a7271f08a2124db3b8d/machine_learning/RapidMiner-repo/sequential-pattern-mining.rmp,machine_learning/RapidMiner-repo/sequential-pattern-mining.rmp,file,JavaScript,2016-09-30 16:00:21,2018-03-16 01:36:41,cu-sage/sage-frontend,read_csv,csv_file,/Users/AliSawyer/Documents/SeniorSpring/SAGE-project/sage-frontend/machine_learning/ml-output/gsp-features-0.csv
https://github.com/data-mining-ulb/data-mining-2017/blob/10567e00a6d38e9bfa49e674502e5a0ff02ac47d/pre-processing.rmp,https://raw.githubusercontent.com/data-mining-ulb/data-mining-2017/10567e00a6d38e9bfa49e674502e5a0ff02ac47d/pre-processing.rmp,https://api.github.com/repos/data-mining-ulb/data-mining-2017/git/blobs/0e4c257c5e2ebaafdb2c69b4a4b3a578f01cb821,https://github.com/data-mining-ulb/data-mining-2017/blob/10567e00a6d38e9bfa49e674502e5a0ff02ac47d/pre-processing.rmp,pre-processing.rmp,file,,2017-10-24 17:24:26,2017-10-24 17:24:26,data-mining-ulb/data-mining-2017,read_csv,csv_file,D:\data-mining-2017\Assignment1-dataset.csv
https://github.com/jasmina94/siap/blob/d236d5ca59488ab8c7c0c8ab7d5ff06f5bccee8a/RapidMiner/nb_january/nb.rmp,https://raw.githubusercontent.com/jasmina94/siap/d236d5ca59488ab8c7c0c8ab7d5ff06f5bccee8a/RapidMiner/nb_january/nb.rmp,https://api.github.com/repos/jasmina94/siap/git/blobs/e488560f375416d2634b795a96e073bb2a4cf57b,https://github.com/jasmina94/siap/blob/d236d5ca59488ab8c7c0c8ab7d5ff06f5bccee8a/RapidMiner/nb_january/nb.rmp,RapidMiner/nb_january/nb.rmp,file,Python,2018-03-05 14:43:46,2018-04-27 16:38:30,jasmina94/siap,read_csv,csv_file,/Users/zlatan/Documents/GIT/siap/CSVs/Jun/Jun filtriran sa kolonom isLate.csv
https://github.com/jasmina94/siap/blob/d236d5ca59488ab8c7c0c8ab7d5ff06f5bccee8a/RapidMiner/nb_june/nb.rmp,https://raw.githubusercontent.com/jasmina94/siap/d236d5ca59488ab8c7c0c8ab7d5ff06f5bccee8a/RapidMiner/nb_june/nb.rmp,https://api.github.com/repos/jasmina94/siap/git/blobs/e488560f375416d2634b795a96e073bb2a4cf57b,https://github.com/jasmina94/siap/blob/d236d5ca59488ab8c7c0c8ab7d5ff06f5bccee8a/RapidMiner/nb_june/nb.rmp,RapidMiner/nb_june/nb.rmp,file,Python,2018-03-05 14:43:46,2018-04-27 16:38:30,jasmina94/siap,read_csv,csv_file,/Users/zlatan/Documents/GIT/siap/CSVs/Jun/Jun filtriran sa kolonom isLate.csv
https://github.com/allanx38/MscRMinerFiles/blob/fa96769632991998dcb0d2e466e016f83494a4e8/Arima/pred_updn_01/Gen_Data.rmp,https://raw.githubusercontent.com/allanx38/MscRMinerFiles/fa96769632991998dcb0d2e466e016f83494a4e8/Arima/pred_updn_01/Gen_Data.rmp,https://api.github.com/repos/allanx38/MscRMinerFiles/git/blobs/2b0b418c76e677a02f408f4f257af45e5d0b5996,https://github.com/allanx38/MscRMinerFiles/blob/fa96769632991998dcb0d2e466e016f83494a4e8/Arima/pred_updn_01/Gen_Data.rmp,Arima/pred_updn_01/Gen_Data.rmp,file,,2014-05-17 13:46:04,2014-06-02 14:44:42,allanx38/MscRMinerFiles,read_csv,csv_file,D:\Allan\DropBox\MSc\Dissertation\Thesis\Data\ARIMA\PredUpDn_01\ar_334_01_ANN_Dax.csv
https://github.com/andreasbotsikas/fitman/blob/f16db05e8e0fa47043e4050397175c7ab776a99d/SocialMediaEnabler/socialEnabler/rapidminer/anonymous_rapidanalytics%20repo/SentiTrain,https://raw.githubusercontent.com/andreasbotsikas/fitman/f16db05e8e0fa47043e4050397175c7ab776a99d/SocialMediaEnabler/socialEnabler/rapidminer/anonymous_rapidanalytics%20repo/SentiTrain,https://api.github.com/repos/andreasbotsikas/fitman/git/blobs/e0e34059db7a9e748701e9f790f54ffda7482f63,https://github.com/andreasbotsikas/fitman/blob/f16db05e8e0fa47043e4050397175c7ab776a99d/SocialMediaEnabler/socialEnabler/rapidminer/anonymous_rapidanalytics%20repo/SentiTrain,SocialMediaEnabler/socialEnabler/rapidminer/anonymous_rapidanalytics repo/SentiTrain,file,,2014-07-18 12:39:41,2014-07-18 09:10:39,andreasbotsikas/fitman,read_csv,csv_file,/home/user/Downloads/rapidst/SentiTrainData/trainingTextCommaTag.csv
https://github.com/bgreeneaka/opinion-miner/blob/021cdb62842955b9845a6b4e6f21f76dd09825fc/ClassificationModelProcess/ClassificationModelProcess.rmp,https://raw.githubusercontent.com/bgreeneaka/opinion-miner/021cdb62842955b9845a6b4e6f21f76dd09825fc/ClassificationModelProcess/ClassificationModelProcess.rmp,https://api.github.com/repos/bgreeneaka/opinion-miner/git/blobs/28aa1f72b26027f9e4d686be9b30153501975c8e,https://github.com/bgreeneaka/opinion-miner/blob/021cdb62842955b9845a6b4e6f21f76dd09825fc/ClassificationModelProcess/ClassificationModelProcess.rmp,ClassificationModelProcess/ClassificationModelProcess.rmp,file,Java,2015-06-25 18:15:36,2015-06-25 18:18:30,bgreeneaka/opinion-miner,read_csv,csv_file,D:\Workspace\Opinion Miner\fetchedTweets.csv
https://github.com/bgreeneaka/opinion-miner/blob/021cdb62842955b9845a6b4e6f21f76dd09825fc/ClassificationModelProcess/ClassificationModelProcess.xml,https://raw.githubusercontent.com/bgreeneaka/opinion-miner/021cdb62842955b9845a6b4e6f21f76dd09825fc/ClassificationModelProcess/ClassificationModelProcess.xml,https://api.github.com/repos/bgreeneaka/opinion-miner/git/blobs/28aa1f72b26027f9e4d686be9b30153501975c8e,https://github.com/bgreeneaka/opinion-miner/blob/021cdb62842955b9845a6b4e6f21f76dd09825fc/ClassificationModelProcess/ClassificationModelProcess.xml,ClassificationModelProcess/ClassificationModelProcess.xml,file,Java,2015-06-25 18:15:36,2015-06-25 18:18:30,bgreeneaka/opinion-miner,read_csv,csv_file,D:\Workspace\Opinion Miner\fetchedTweets.csv
https://github.com/bgreeneaka/opinion-miner/blob/021cdb62842955b9845a6b4e6f21f76dd09825fc/ModelProcess.rmp,https://raw.githubusercontent.com/bgreeneaka/opinion-miner/021cdb62842955b9845a6b4e6f21f76dd09825fc/ModelProcess.rmp,https://api.github.com/repos/bgreeneaka/opinion-miner/git/blobs/28aa1f72b26027f9e4d686be9b30153501975c8e,https://github.com/bgreeneaka/opinion-miner/blob/021cdb62842955b9845a6b4e6f21f76dd09825fc/ModelProcess.rmp,ModelProcess.rmp,file,Java,2015-06-25 18:15:36,2015-06-25 18:18:30,bgreeneaka/opinion-miner,read_csv,csv_file,D:\Workspace\Opinion Miner\fetchedTweets.csv
https://github.com/pchmelar/ddw-homework2/blob/8cd76b1025377c4595ca8b396420f7a426996296/rapidminer/simpsons_discretize_by_binning.rmp,https://raw.githubusercontent.com/pchmelar/ddw-homework2/8cd76b1025377c4595ca8b396420f7a426996296/rapidminer/simpsons_discretize_by_binning.rmp,https://api.github.com/repos/pchmelar/ddw-homework2/git/blobs/8368bd790242178580a9e4554a01ce6ba326222d,https://github.com/pchmelar/ddw-homework2/blob/8cd76b1025377c4595ca8b396420f7a426996296/rapidminer/simpsons_discretize_by_binning.rmp,rapidminer/simpsons_discretize_by_binning.rmp,file,HTML,2016-05-11 09:56:20,2016-05-11 22:36:24,pchmelar/ddw-homework2,read_csv,csv_file,/Users/filletzz/Documents/school_CVUT/Semestr10/MI-DDW/hw02/ddw-homework2/dataset/simpsons.csv
https://github.com/pchmelar/ddw-homework2/blob/8cd76b1025377c4595ca8b396420f7a426996296/rapidminer/simpsons_discretize_by_size.rmp,https://raw.githubusercontent.com/pchmelar/ddw-homework2/8cd76b1025377c4595ca8b396420f7a426996296/rapidminer/simpsons_discretize_by_size.rmp,https://api.github.com/repos/pchmelar/ddw-homework2/git/blobs/2d9c5d8c3ece7816ec901cd7ee0eea04ed7c4b98,https://github.com/pchmelar/ddw-homework2/blob/8cd76b1025377c4595ca8b396420f7a426996296/rapidminer/simpsons_discretize_by_size.rmp,rapidminer/simpsons_discretize_by_size.rmp,file,HTML,2016-05-11 09:56:20,2016-05-11 22:36:24,pchmelar/ddw-homework2,read_csv,csv_file,/Users/filletzz/Documents/school_CVUT/Semestr10/MI-DDW/hw02/ddw-homework2/dataset/simpsons.csv
https://github.com/ArtyomTrushin/fit_ddw_du2/blob/65179a848b6806e9ec9e052331cfc39951fa301b/rapidMiner/association_rules_RealM_Barca.rmp,https://raw.githubusercontent.com/ArtyomTrushin/fit_ddw_du2/65179a848b6806e9ec9e052331cfc39951fa301b/rapidMiner/association_rules_RealM_Barca.rmp,https://api.github.com/repos/ArtyomTrushin/fit_ddw_du2/git/blobs/0ce061555da4482b8dd6f58ad04debd3c637d53a,https://github.com/ArtyomTrushin/fit_ddw_du2/blob/65179a848b6806e9ec9e052331cfc39951fa301b/rapidMiner/association_rules_RealM_Barca.rmp,rapidMiner/association_rules_RealM_Barca.rmp,file,,2016-06-01 11:43:36,2016-06-01 11:43:36,ArtyomTrushin/fit_ddw_du2,read_csv,csv_file,C:\work\temp\ConsoleApplication2\data\preprocessed-data3.csv
https://github.com/Heliobteixeira/EnergyRating_PropertyValue/blob/8bbb39395c84a50463c163c05039d72be54c75dd/Modelling/Clustering.rmp,https://raw.githubusercontent.com/Heliobteixeira/EnergyRating_PropertyValue/8bbb39395c84a50463c163c05039d72be54c75dd/Modelling/Clustering.rmp,https://api.github.com/repos/Heliobteixeira/EnergyRating_PropertyValue/git/blobs/bcb03a6267368c9afdeff7083915f2a0b4b532d0,https://github.com/Heliobteixeira/EnergyRating_PropertyValue/blob/8bbb39395c84a50463c163c05039d72be54c75dd/Modelling/Clustering.rmp,Modelling/Clustering.rmp,file,HTML,2017-09-24 02:45:22,2017-09-24 02:55:41,Heliobteixeira/EnergyRating_PropertyValue,read_csv,csv_file,/Users/helioteixeira/Library/Mobile Documents/com~apple~CloudDocs/DataAnalytics/EnergyRating_PropertyValue/DataPreparation/RemaxData_IntermResults.csv
https://github.com/anisham197/DataMiningLab/blob/0019e9347a8b928c0c362ab584652e8c813fecb0/RapidMiner/importpreprocess.rmp,https://raw.githubusercontent.com/anisham197/DataMiningLab/0019e9347a8b928c0c362ab584652e8c813fecb0/RapidMiner/importpreprocess.rmp,https://api.github.com/repos/anisham197/DataMiningLab/git/blobs/1d92d46c163586f8f23c8ca11deb1c11212baa8d,https://github.com/anisham197/DataMiningLab/blob/0019e9347a8b928c0c362ab584652e8c813fecb0/RapidMiner/importpreprocess.rmp,RapidMiner/importpreprocess.rmp,file,Java,2017-10-31 01:43:09,2018-02-21 02:53:21,anisham197/DataMiningLab,read_csv,csv_file,C:\Users\Anisha Mascarenhas\Documents\DMLAB\DataMining\RapidMiner\pre.csv
https://github.com/nikhildeshmukh18/MachineLearning/blob/78e5683270e0ba954f8491a1ddcb642e3ffe7cff/Airpollution_Delhi/Code%20and%20data%20for%20classification/Knn-air%20with%20cross.rmp,https://raw.githubusercontent.com/nikhildeshmukh18/MachineLearning/78e5683270e0ba954f8491a1ddcb642e3ffe7cff/Airpollution_Delhi/Code%20and%20data%20for%20classification/Knn-air%20with%20cross.rmp,https://api.github.com/repos/nikhildeshmukh18/MachineLearning/git/blobs/29b39a4f6cbaed3a80d4de545fb66405befb81f5,https://github.com/nikhildeshmukh18/MachineLearning/blob/78e5683270e0ba954f8491a1ddcb642e3ffe7cff/Airpollution_Delhi/Code%20and%20data%20for%20classification/Knn-air%20with%20cross.rmp,Airpollution_Delhi/Code and data for classification/Knn-air with cross.rmp,file,R,2018-03-27 19:03:02,2018-03-27 19:58:28,nikhildeshmukh18/MachineLearning,read_csv,csv_file,C:\Users\nikhi\Desktop\new.csv
https://github.com/nocibambi/bme-dmp/blob/9b6097b1952ea82637ca30787ec3b52f8b2ab5ed/02.%20h%C3%A9t/gyakorlat/DAP_elso_gyakorlat_2017-02-17.rmp,https://raw.githubusercontent.com/nocibambi/bme-dmp/9b6097b1952ea82637ca30787ec3b52f8b2ab5ed/02.%20h%C3%A9t/gyakorlat/DAP_elso_gyakorlat_2017-02-17.rmp,https://api.github.com/repos/nocibambi/bme-dmp/git/blobs/f4494381895207d3c0ead3860227530694098436,https://github.com/nocibambi/bme-dmp/blob/9b6097b1952ea82637ca30787ec3b52f8b2ab5ed/02.%20h%C3%A9t/gyakorlat/DAP_elso_gyakorlat_2017-02-17.rmp,02. hét/gyakorlat/DAP_elso_gyakorlat_2017-02-17.rmp,file,Jupyter Notebook,2018-02-18 19:43:09,2018-05-03 17:48:04,nocibambi/bme-dmp,read_csv,csv_file,train.csv
https://github.com/jasmina94/siap/blob/d236d5ca59488ab8c7c0c8ab7d5ff06f5bccee8a/RapidMiner/kmeans.rmp,https://raw.githubusercontent.com/jasmina94/siap/d236d5ca59488ab8c7c0c8ab7d5ff06f5bccee8a/RapidMiner/kmeans.rmp,https://api.github.com/repos/jasmina94/siap/git/blobs/4e4a54ccc8fd71baf1dd4cbcd9d9920522900a9f,https://github.com/jasmina94/siap/blob/d236d5ca59488ab8c7c0c8ab7d5ff06f5bccee8a/RapidMiner/kmeans.rmp,RapidMiner/kmeans.rmp,file,Python,2018-03-05 14:43:46,2018-04-27 16:38:30,jasmina94/siap,read_csv,csv_file,C:\Users\Jasmina\Desktop\data\january.csv
https://github.com/jasmina94/siap/blob/d236d5ca59488ab8c7c0c8ab7d5ff06f5bccee8a/RapidMiner/pca.rmp,https://raw.githubusercontent.com/jasmina94/siap/d236d5ca59488ab8c7c0c8ab7d5ff06f5bccee8a/RapidMiner/pca.rmp,https://api.github.com/repos/jasmina94/siap/git/blobs/a520c410df3b605b37f9a7f5ff0a0b6a345744b8,https://github.com/jasmina94/siap/blob/d236d5ca59488ab8c7c0c8ab7d5ff06f5bccee8a/RapidMiner/pca.rmp,RapidMiner/pca.rmp,file,Python,2018-03-05 14:43:46,2018-04-27 16:38:30,jasmina94/siap,read_csv,csv_file,C:\Users\Jasmina\Desktop\data\january.csv
https://github.com/steffenjacobs/WeatherDataParser/blob/bfa5fd2c5f958222569a89f4217ac5ab80cd5862/Process/Dataset%20Analysis/dataset_weather_analysis.rmp,https://raw.githubusercontent.com/steffenjacobs/WeatherDataParser/bfa5fd2c5f958222569a89f4217ac5ab80cd5862/Process/Dataset%20Analysis/dataset_weather_analysis.rmp,https://api.github.com/repos/steffenjacobs/WeatherDataParser/git/blobs/71f1a50700e42bbe7f7c92bf0b49d918b54fd2bd,https://github.com/steffenjacobs/WeatherDataParser/blob/bfa5fd2c5f958222569a89f4217ac5ab80cd5862/Process/Dataset%20Analysis/dataset_weather_analysis.rmp,Process/Dataset Analysis/dataset_weather_analysis.rmp,file,Java,2018-04-19 13:40:14,2018-05-20 08:10:33,steffenjacobs/WeatherDataParser,read_csv,csv_file,C:\Temp\weatherData_preprocessed.csv
https://github.com/pietnelis/Rapidminer/blob/f842e452f5751baff83796d8e4a7372dfe4842c3/EDwD%20chapter07/manipulateFruitandVeg.xml,https://raw.githubusercontent.com/pietnelis/Rapidminer/f842e452f5751baff83796d8e4a7372dfe4842c3/EDwD%20chapter07/manipulateFruitandVeg.xml,https://api.github.com/repos/pietnelis/Rapidminer/git/blobs/7fa16bcc4112960dc5cc55019d65e8a38615c073,https://github.com/pietnelis/Rapidminer/blob/f842e452f5751baff83796d8e4a7372dfe4842c3/EDwD%20chapter07/manipulateFruitandVeg.xml,EDwD chapter07/manipulateFruitandVeg.xml,file,,2014-10-14 07:36:00,2014-10-14 07:36:00,pietnelis/Rapidminer,read_csv,csv_file,C:\exploringDataWithRapidMiner\fruitandveg.csv
https://github.com/pietnelis/Rapidminer/blob/f842e452f5751baff83796d8e4a7372dfe4842c3/EDwD%20chapter03/MovingAveragePlotter.xml,https://raw.githubusercontent.com/pietnelis/Rapidminer/f842e452f5751baff83796d8e4a7372dfe4842c3/EDwD%20chapter03/MovingAveragePlotter.xml,https://api.github.com/repos/pietnelis/Rapidminer/git/blobs/832748553e4104d20dbedb0c05f880f702959a7d,https://github.com/pietnelis/Rapidminer/blob/f842e452f5751baff83796d8e4a7372dfe4842c3/EDwD%20chapter03/MovingAveragePlotter.xml,EDwD chapter03/MovingAveragePlotter.xml,file,,2014-10-14 07:36:00,2014-10-14 07:36:00,pietnelis/Rapidminer,read_csv,csv_file,C:\exploringDataWithRapidMiner\DataToVisualize.csv
https://github.com/dice89/master-thesis/blob/57820eac12fcb816c594ae14412d74bb737a4bc4/RapidminerRepo/test_lof.rmp,https://raw.githubusercontent.com/dice89/master-thesis/57820eac12fcb816c594ae14412d74bb737a4bc4/RapidminerRepo/test_lof.rmp,https://api.github.com/repos/dice89/master-thesis/git/blobs/7ef7f2f84b26954852c63a784215cec25a31d98d,https://github.com/dice89/master-thesis/blob/57820eac12fcb816c594ae14412d74bb737a4bc4/RapidminerRepo/test_lof.rmp,RapidminerRepo/test_lof.rmp,file,Groff,2014-11-18 10:50:24,2015-04-29 22:24:48,dice89/master-thesis,read_csv,csv_file,/Users/mueller/Documents/master-thesis/oaMatcherCode/test_result.csv
https://github.com/balazsbalintm/hem-system/blob/96cd112fc98f29dd5a11f3f57dd476eb9c16aa4c/%20hem-system/hems_search,https://raw.githubusercontent.com/balazsbalintm/hem-system/96cd112fc98f29dd5a11f3f57dd476eb9c16aa4c/%20hem-system/hems_search,https://api.github.com/repos/balazsbalintm/hem-system/git/blobs/7bcb4fa2b6f711bc9e42ffb95231741023f99bef,https://github.com/balazsbalintm/hem-system/blob/96cd112fc98f29dd5a11f3f57dd476eb9c16aa4c/%20hem-system/hems_search, hem-system/hems_search,file,HTML,2015-09-06 14:30:28,2015-10-29 10:36:47,balazsbalintm/hem-system,read_csv,csv_file,C:\textminingdata\Train_rev1.csv
https://github.com/balazsbalintm/hem-system/blob/96cd112fc98f29dd5a11f3f57dd476eb9c16aa4c/%20hem-system/hrManagmentProcess,https://raw.githubusercontent.com/balazsbalintm/hem-system/96cd112fc98f29dd5a11f3f57dd476eb9c16aa4c/%20hem-system/hrManagmentProcess,https://api.github.com/repos/balazsbalintm/hem-system/git/blobs/2bc23f5b1e3ba861af2467ee1f87fc135348e4bc,https://github.com/balazsbalintm/hem-system/blob/96cd112fc98f29dd5a11f3f57dd476eb9c16aa4c/%20hem-system/hrManagmentProcess, hem-system/hrManagmentProcess,file,HTML,2015-09-06 14:30:28,2015-10-29 10:36:47,balazsbalintm/hem-system,read_csv,csv_file,C:\Users\Balint\Desktop\emp-task-output.csv
https://github.com/warreee/knowledgeandtheweb/blob/6e98e31c0b70d163c08730230134925c89360442/exercise_6/Processes/titanic_rule_xvalidation.rmp,https://raw.githubusercontent.com/warreee/knowledgeandtheweb/6e98e31c0b70d163c08730230134925c89360442/exercise_6/Processes/titanic_rule_xvalidation.rmp,https://api.github.com/repos/warreee/knowledgeandtheweb/git/blobs/e4a95eee14b9346cdc40049d158f0c54ee796135,https://github.com/warreee/knowledgeandtheweb/blob/6e98e31c0b70d163c08730230134925c89360442/exercise_6/Processes/titanic_rule_xvalidation.rmp,exercise_6/Processes/titanic_rule_xvalidation.rmp,file,TeX,2015-10-28 17:22:07,2016-01-26 21:10:20,warreee/knowledgeandtheweb,read_csv,csv_file,/Users/katrienlaenen/Documents/School/Knowledge and the Web/Exercise session 6/data/Titanic/titanic_train.csv
https://github.com/mounicasirineni/Recommender-System-using-Collaborative-filtering/blob/5a13b343f4c6d1c874ceed19193e62793ea5c565/RapidMinerProcess/itemRecomm_movieLens.rmp,https://raw.githubusercontent.com/mounicasirineni/Recommender-System-using-Collaborative-filtering/5a13b343f4c6d1c874ceed19193e62793ea5c565/RapidMinerProcess/itemRecomm_movieLens.rmp,https://api.github.com/repos/mounicasirineni/Recommender-System-using-Collaborative-filtering/git/blobs/5a4e57a55d8f21dfbd73fc0925874e337c7ab744,https://github.com/mounicasirineni/Recommender-System-using-Collaborative-filtering/blob/5a13b343f4c6d1c874ceed19193e62793ea5c565/RapidMinerProcess/itemRecomm_movieLens.rmp,RapidMinerProcess/itemRecomm_movieLens.rmp,file,,2015-12-13 07:02:26,2016-02-07 18:08:54,mounicasirineni/Recommender-System-using-Collaborative-filtering,read_csv,csv_file,C:\SEMESTER\SEMESTER - 3\Data Mining\Assignment 4\uaTrg.csv
https://github.com/Wensh/Novelty_Detection/blob/634c35743c8cb30ad2d3c0630c832f68080d1f50/RapidminerSVM/NoveltySVM.rmp,https://raw.githubusercontent.com/Wensh/Novelty_Detection/634c35743c8cb30ad2d3c0630c832f68080d1f50/RapidminerSVM/NoveltySVM.rmp,https://api.github.com/repos/Wensh/Novelty_Detection/git/blobs/748dd11d2687999af900037f20c98f79dd8b4e47,https://github.com/Wensh/Novelty_Detection/blob/634c35743c8cb30ad2d3c0630c832f68080d1f50/RapidminerSVM/NoveltySVM.rmp,RapidminerSVM/NoveltySVM.rmp,file,Python,2016-01-26 07:28:46,2016-01-26 07:31:19,Wensh/Novelty_Detection,read_csv,csv_file,/Users/wenjiezhong/Dropbox/AI/CrowdTruth/ThesisData/Tweet Machine Learning/Input/training.csv
https://github.com/tomsean/rapidminer-demo/blob/786ec8b6169d33df0b28c2909a4a4fea0b8989b5/processes/Chapter%2014/load_data.rmp,https://raw.githubusercontent.com/tomsean/rapidminer-demo/786ec8b6169d33df0b28c2909a4a4fea0b8989b5/processes/Chapter%2014/load_data.rmp,https://api.github.com/repos/tomsean/rapidminer-demo/git/blobs/a533f39c94d8a54d69a93f953a8ea5674b5ae22f,https://github.com/tomsean/rapidminer-demo/blob/786ec8b6169d33df0b28c2909a4a4fea0b8989b5/processes/Chapter%2014/load_data.rmp,processes/Chapter 14/load_data.rmp,file,,2016-03-03 09:20:45,2016-03-03 09:20:45,tomsean/rapidminer-demo,read_csv,csv_file,%{file_path}
https://github.com/tomsean/rapidminer-demo/blob/786ec8b6169d33df0b28c2909a4a4fea0b8989b5/processes/chapter-5.rmp,https://raw.githubusercontent.com/tomsean/rapidminer-demo/786ec8b6169d33df0b28c2909a4a4fea0b8989b5/processes/chapter-5.rmp,https://api.github.com/repos/tomsean/rapidminer-demo/git/blobs/9a279057f12fb1d886bf697e07121c1cd00b5db3,https://github.com/tomsean/rapidminer-demo/blob/786ec8b6169d33df0b28c2909a4a4fea0b8989b5/processes/chapter-5.rmp,processes/chapter-5.rmp,file,,2016-03-03 09:20:45,2016-03-03 09:20:45,tomsean/rapidminer-demo,read_csv,csv_file,C:\Users\Fareed\Desktop\Rapid Book\data sets\CA\CA data.txt
https://github.com/jhonnycano/poli-201601-mineria/blob/738b60e5a064bd0db0fe1164823a34c717dda628/procesorapidminer.rmp,https://raw.githubusercontent.com/jhonnycano/poli-201601-mineria/738b60e5a064bd0db0fe1164823a34c717dda628/procesorapidminer.rmp,https://api.github.com/repos/jhonnycano/poli-201601-mineria/git/blobs/fe772ba5cb56bff4ace05d0762d1fae9529550e6,https://github.com/jhonnycano/poli-201601-mineria/blob/738b60e5a064bd0db0fe1164823a34c717dda628/procesorapidminer.rmp,procesorapidminer.rmp,file,TeX,2016-04-05 05:22:48,2016-04-05 05:28:56,jhonnycano/poli-201601-mineria,read_csv,csv_file,/Users/julianolarte/OneDrive/Maestria/Minería de datos/paper/poli-201601-mineria/data/desicion-tree/vistaminable_segundo_grupo.csv
https://github.com/rs2bd/Bill-Su-Full-Portfolio/blob/04669ec217159664903db6e3c499b69c1743c85a/Business-School-Projects/Nomz%20Google%20Adword%20Campaign%20Project/Handoff/Functionality%20Text%20Analytics.rmp,https://raw.githubusercontent.com/rs2bd/Bill-Su-Full-Portfolio/04669ec217159664903db6e3c499b69c1743c85a/Business-School-Projects/Nomz%20Google%20Adword%20Campaign%20Project/Handoff/Functionality%20Text%20Analytics.rmp,https://api.github.com/repos/rs2bd/Bill-Su-Full-Portfolio/git/blobs/845b0d9907384cc40c75b84bd72397d5be079c2a,https://github.com/rs2bd/Bill-Su-Full-Portfolio/blob/04669ec217159664903db6e3c499b69c1743c85a/Business-School-Projects/Nomz%20Google%20Adword%20Campaign%20Project/Handoff/Functionality%20Text%20Analytics.rmp,Business-School-Projects/Nomz Google Adword Campaign Project/Handoff/Functionality Text Analytics.rmp,file,HTML,2016-07-20 13:52:23,2016-07-20 18:51:18,rs2bd/Bill-Su-Full-Portfolio,read_csv,csv_file,/Users/billsu/Desktop/Mturk Result Nomz.csv
https://github.com/Danielel/DataMiningProject/blob/1518a71ffc5e43c300064d1b689a4310f9c230f1/Johannes/general%20preprocessing.rmp,https://raw.githubusercontent.com/Danielel/DataMiningProject/1518a71ffc5e43c300064d1b689a4310f9c230f1/Johannes/general%20preprocessing.rmp,https://api.github.com/repos/Danielel/DataMiningProject/git/blobs/8629522092bd217ac832c679ba315478365f7396,https://github.com/Danielel/DataMiningProject/blob/1518a71ffc5e43c300064d1b689a4310f9c230f1/Johannes/general%20preprocessing.rmp,Johannes/general preprocessing.rmp,file,SQLPL,2016-09-25 14:09:01,2016-09-25 14:36:24,Danielel/DataMiningProject,read_csv,csv_file,C:\Users\Johannes\Desktop\DM Project\Census Data\USCensus1990.data.txt
https://github.com/casassg/movies-predictor-dm/blob/5f7b6a114b28de189d2729d0de61b9af41470596/rm_processes/imputation.rmp,https://raw.githubusercontent.com/casassg/movies-predictor-dm/5f7b6a114b28de189d2729d0de61b9af41470596/rm_processes/imputation.rmp,https://api.github.com/repos/casassg/movies-predictor-dm/git/blobs/33519011613d0d8855ae1d7abadd83db50382bcc,https://github.com/casassg/movies-predictor-dm/blob/5f7b6a114b28de189d2729d0de61b9af41470596/rm_processes/imputation.rmp,rm_processes/imputation.rmp,file,Python,2016-11-24 16:09:12,2016-12-11 17:39:28,casassg/movies-predictor-dm,read_csv,csv_file,/home/oscar/Documentos/md/project2/movies-predictor-dm/movie_metadata_prep.csv
https://github.com/casassg/movies-predictor-dm/blob/5f7b6a114b28de189d2729d0de61b9af41470596/rm_processes/preprocessing.rmp,https://raw.githubusercontent.com/casassg/movies-predictor-dm/5f7b6a114b28de189d2729d0de61b9af41470596/rm_processes/preprocessing.rmp,https://api.github.com/repos/casassg/movies-predictor-dm/git/blobs/c98484a9e8720b3b3708c331c50413f39593d82e,https://github.com/casassg/movies-predictor-dm/blob/5f7b6a114b28de189d2729d0de61b9af41470596/rm_processes/preprocessing.rmp,rm_processes/preprocessing.rmp,file,Python,2016-11-24 16:09:12,2016-12-11 17:39:28,casassg/movies-predictor-dm,read_csv,csv_file,/home/oscar/Documentos/md/project2/movies-predictor-dm/movie_metadata_prep.csv
https://github.com/casassg/movies-predictor-dm/blob/836f930ed4d55d10eb7f195b5e7802daf1d5428c/rm_processes/allnumerical.rmp,https://raw.githubusercontent.com/casassg/movies-predictor-dm/836f930ed4d55d10eb7f195b5e7802daf1d5428c/rm_processes/allnumerical.rmp,https://api.github.com/repos/casassg/movies-predictor-dm/git/blobs/99563f534052650d28c5ab97e79bc12f13b4648d,https://github.com/casassg/movies-predictor-dm/blob/836f930ed4d55d10eb7f195b5e7802daf1d5428c/rm_processes/allnumerical.rmp,rm_processes/allnumerical.rmp,file,Python,2016-11-24 16:09:12,2016-12-11 17:39:28,casassg/movies-predictor-dm,read_csv,csv_file,/home/casassg/Documents/Uni/QT_2016/MD/movies-predictor-dm/datasets/movie_metadata_prenumerical.csv
https://github.com/waqarm2/testProject/blob/0d4f57b4b12b0f24819f0375b950c78fc00f50a2/Rapid/AttackAnalysis.rmp,https://raw.githubusercontent.com/waqarm2/testProject/0d4f57b4b12b0f24819f0375b950c78fc00f50a2/Rapid/AttackAnalysis.rmp,https://api.github.com/repos/waqarm2/testProject/git/blobs/c9284e66cd2a810c09e8f760cf2b72831262268e,https://github.com/waqarm2/testProject/blob/0d4f57b4b12b0f24819f0375b950c78fc00f50a2/Rapid/AttackAnalysis.rmp,Rapid/AttackAnalysis.rmp,file,,2017-01-06 09:25:49,2017-01-06 09:25:49,waqarm2/testProject,read_csv,csv_file,D:\Temp Folder\attacks.csv
https://github.com/waqarm2/testProject/blob/ea928ae5bcea5a94be93c6f17341250dda4157b8/testfolder/Rapid/AttackAnalysis.rmp,https://raw.githubusercontent.com/waqarm2/testProject/ea928ae5bcea5a94be93c6f17341250dda4157b8/testfolder/Rapid/AttackAnalysis.rmp,https://api.github.com/repos/waqarm2/testProject/git/blobs/c9284e66cd2a810c09e8f760cf2b72831262268e,https://github.com/waqarm2/testProject/blob/ea928ae5bcea5a94be93c6f17341250dda4157b8/testfolder/Rapid/AttackAnalysis.rmp,testfolder/Rapid/AttackAnalysis.rmp,file,,2017-01-06 09:25:49,2017-01-06 09:25:49,waqarm2/testProject,read_csv,csv_file,D:\Temp Folder\attacks.csv
https://github.com/TodorovicNikola/HousePricesPrediction/blob/2797e06acc29ead03a2d9bb3ade985eb2ea6087f/RapidMiner%20Projects/cluster_division.rmp,https://raw.githubusercontent.com/TodorovicNikola/HousePricesPrediction/2797e06acc29ead03a2d9bb3ade985eb2ea6087f/RapidMiner%20Projects/cluster_division.rmp,https://api.github.com/repos/TodorovicNikola/HousePricesPrediction/git/blobs/0d7683a63d0b381dfb10260bc371b821c7e4d8e6,https://github.com/TodorovicNikola/HousePricesPrediction/blob/2797e06acc29ead03a2d9bb3ade985eb2ea6087f/RapidMiner%20Projects/cluster_division.rmp,RapidMiner Projects/cluster_division.rmp,file,R,2017-04-13 08:49:43,2017-04-13 08:54:22,TodorovicNikola/HousePricesPrediction,read_csv,csv_file,C:\Users\Todorovic\Desktop\SZIAP\HousePricesPrediction\CSV Files\Clusterized\Attrs with bad dist removed\sve - Copy.csv
https://github.com/9golfy/rapidminer/blob/9bfc8799f759ff856dbe6764fc0cb84e817406c9/Internet_payment_prediction.rmp,https://raw.githubusercontent.com/9golfy/rapidminer/9bfc8799f759ff856dbe6764fc0cb84e817406c9/Internet_payment_prediction.rmp,https://api.github.com/repos/9golfy/rapidminer/git/blobs/3ffbd3014fee497a8686bc895449863033b429df,https://github.com/9golfy/rapidminer/blob/9bfc8799f759ff856dbe6764fc0cb84e817406c9/Internet_payment_prediction.rmp,Internet_payment_prediction.rmp,file,,2017-05-15 16:55:06,2017-05-15 16:55:06,9golfy/rapidminer,read_csv,csv_file,E:\CS-Chula\AI-project\internet-banking-training.csv
https://github.com/sturmti/DMC17/blob/88e64908eff27ac7d50ae8c82b2c182226e93f39/Rapidminer/Process/01_Load_Data.rmp,https://raw.githubusercontent.com/sturmti/DMC17/88e64908eff27ac7d50ae8c82b2c182226e93f39/Rapidminer/Process/01_Load_Data.rmp,https://api.github.com/repos/sturmti/DMC17/git/blobs/4088b85c1c65be3148ab05b4da7faefe2830623b,https://github.com/sturmti/DMC17/blob/88e64908eff27ac7d50ae8c82b2c182226e93f39/Rapidminer/Process/01_Load_Data.rmp,Rapidminer/Process/01_Load_Data.rmp,file,R,2017-04-09 14:49:16,2017-05-21 18:33:13,sturmti/DMC17,read_csv,csv_file,C:\Users\alexb\Documents\Uni_Mannheim\01_Vorlesungen\02_FSS_2017\01_Data_Mining2\Project\DMC_2017_task\train.csv
https://github.com/gasperthegracner/psis2017/blob/8f9c74ec788eccea1bc969a2baf080ff75e33e7a/Project/Data/IntensityClustering_process.rmp,https://raw.githubusercontent.com/gasperthegracner/psis2017/8f9c74ec788eccea1bc969a2baf080ff75e33e7a/Project/Data/IntensityClustering_process.rmp,https://api.github.com/repos/gasperthegracner/psis2017/git/blobs/b1674fffc81f815cbf5b57de42573448af8eae97,https://github.com/gasperthegracner/psis2017/blob/8f9c74ec788eccea1bc969a2baf080ff75e33e7a/Project/Data/IntensityClustering_process.rmp,Project/Data/IntensityClustering_process.rmp,file,TeX,2017-03-03 07:09:47,2017-06-11 08:24:42,gasperthegracner/psis2017,read_csv,csv_file,/Users/gaspergracner/Documents/FERI_MAG/Poletni_semester/Povezljivi_sistemi_in_inteligentne_storitve/psis2017/Project/Data/summed.csv
https://github.com/smarie/java-octminer/blob/713977b03fe39eec1fdf4c634248d24297a5160b/Tests_RMRepository/IntegrationTestProcesses/tags/OctaveWithIO-1.1.0/RM-src/BaseUnitTests.rmp,https://raw.githubusercontent.com/smarie/java-octminer/713977b03fe39eec1fdf4c634248d24297a5160b/Tests_RMRepository/IntegrationTestProcesses/tags/OctaveWithIO-1.1.0/RM-src/BaseUnitTests.rmp,https://api.github.com/repos/smarie/java-octminer/git/blobs/00e8cd57e775d66be551d40e96825688783c0235,https://github.com/smarie/java-octminer/blob/713977b03fe39eec1fdf4c634248d24297a5160b/Tests_RMRepository/IntegrationTestProcesses/tags/OctaveWithIO-1.1.0/RM-src/BaseUnitTests.rmp,Tests_RMRepository/IntegrationTestProcesses/tags/OctaveWithIO-1.1.0/RM-src/BaseUnitTests.rmp,file,Java,2017-09-01 13:17:57,2017-09-01 13:23:16,smarie/java-octminer,read_csv,csv_file,D:\code\DataMining\RapidMinerRepository\6. Octave extension\OctaveWithIO\trunk\RM-test-data\Generated-data.csv
https://github.com/smarie/java-octminer/blob/713977b03fe39eec1fdf4c634248d24297a5160b/Tests_RMRepository/IntegrationTestProcesses/tags/OctaveWithIO-1.4.1/RM-src/BaseUnitTests.rmp,https://raw.githubusercontent.com/smarie/java-octminer/713977b03fe39eec1fdf4c634248d24297a5160b/Tests_RMRepository/IntegrationTestProcesses/tags/OctaveWithIO-1.4.1/RM-src/BaseUnitTests.rmp,https://api.github.com/repos/smarie/java-octminer/git/blobs/a3938f44b28a1496abea760935854a28a9b124f7,https://github.com/smarie/java-octminer/blob/713977b03fe39eec1fdf4c634248d24297a5160b/Tests_RMRepository/IntegrationTestProcesses/tags/OctaveWithIO-1.4.1/RM-src/BaseUnitTests.rmp,Tests_RMRepository/IntegrationTestProcesses/tags/OctaveWithIO-1.4.1/RM-src/BaseUnitTests.rmp,file,Java,2017-09-01 13:17:57,2017-09-01 13:23:16,smarie/java-octminer,read_csv,csv_file,D:\code\DataMining\RapidMinerRepository\6. Octave extension\OctaveWithIO\trunk\RM-test-data\Generated-data.csv
https://github.com/ThomasEA/MachineLearningAVA/blob/1789c10494cee89c9e4dea3054d502dd6b1c0b08/Rapidminer/simulate_coral.rmp,https://raw.githubusercontent.com/ThomasEA/MachineLearningAVA/1789c10494cee89c9e4dea3054d502dd6b1c0b08/Rapidminer/simulate_coral.rmp,https://api.github.com/repos/ThomasEA/MachineLearningAVA/git/blobs/07c1c473867ac3d2b7ef781adf6deddd60998593,https://github.com/ThomasEA/MachineLearningAVA/blob/1789c10494cee89c9e4dea3054d502dd6b1c0b08/Rapidminer/simulate_coral.rmp,Rapidminer/simulate_coral.rmp,file,Python,2017-09-27 09:13:32,2017-09-28 10:00:50,ThomasEA/MachineLearningAVA,read_csv,csv_file,E:\Pessoal\Uniritter\TCC2\ML_AVA\Dataset\Data Visualization\sint_coral.csv
https://github.com/ThomasEA/MachineLearningAVA/blob/1789c10494cee89c9e4dea3054d502dd6b1c0b08/Rapidminer/simulate_covariate_shift.rmp,https://raw.githubusercontent.com/ThomasEA/MachineLearningAVA/1789c10494cee89c9e4dea3054d502dd6b1c0b08/Rapidminer/simulate_covariate_shift.rmp,https://api.github.com/repos/ThomasEA/MachineLearningAVA/git/blobs/aa0ebd29eb92920b610b2171fdac840979c1a503,https://github.com/ThomasEA/MachineLearningAVA/blob/1789c10494cee89c9e4dea3054d502dd6b1c0b08/Rapidminer/simulate_covariate_shift.rmp,Rapidminer/simulate_covariate_shift.rmp,file,Python,2017-09-27 09:13:32,2017-09-28 10:00:50,ThomasEA/MachineLearningAVA,read_csv,csv_file,E:\Pessoal\Uniritter\TCC2\Teste Coral\source.csv
https://github.com/kimyad812/DataVisualization/blob/5ef0aefd3d0cd504d7459da680ee3ec5be89e142/ProcessRapidminer.rmp,https://raw.githubusercontent.com/kimyad812/DataVisualization/5ef0aefd3d0cd504d7459da680ee3ec5be89e142/ProcessRapidminer.rmp,https://api.github.com/repos/kimyad812/DataVisualization/git/blobs/d5e2289ee5bd96a21c0f87e64eea122ccb5ccdae,https://github.com/kimyad812/DataVisualization/blob/5ef0aefd3d0cd504d7459da680ee3ec5be89e142/ProcessRapidminer.rmp,ProcessRapidminer.rmp,file,,2017-10-23 10:29:38,2017-12-30 20:00:05,kimyad812/DataVisualization,read_csv,csv_file,C:\Users\Kimya\BDA\All States\Florida\TrumpClassifiedFlorida.csv
https://github.com/ihchoi1227/DataMining_Politics/blob/b9e0dd2b96d7dd118a7dad73d27f0ba0cb9361bd/Labs/process.rmp,https://raw.githubusercontent.com/ihchoi1227/DataMining_Politics/b9e0dd2b96d7dd118a7dad73d27f0ba0cb9361bd/Labs/process.rmp,https://api.github.com/repos/ihchoi1227/DataMining_Politics/git/blobs/9fd5736ec025e501aa12ea0dd34118ae5ff0d3a8,https://github.com/ihchoi1227/DataMining_Politics/blob/b9e0dd2b96d7dd118a7dad73d27f0ba0cb9361bd/Labs/process.rmp,Labs/process.rmp,file,,2018-03-15 12:21:49,2018-03-15 12:22:00,ihchoi1227/DataMining_Politics,read_csv,csv_file,C:\Users\lich3969\Downloads\iris_data.csv
https://github.com/ihchoi1227/DataMining_Politics/blob/b9e0dd2b96d7dd118a7dad73d27f0ba0cb9361bd/Labs/process2.rmp,https://raw.githubusercontent.com/ihchoi1227/DataMining_Politics/b9e0dd2b96d7dd118a7dad73d27f0ba0cb9361bd/Labs/process2.rmp,https://api.github.com/repos/ihchoi1227/DataMining_Politics/git/blobs/1fa0eff811a2c810508a4aef0f78198ce8c1ed60,https://github.com/ihchoi1227/DataMining_Politics/blob/b9e0dd2b96d7dd118a7dad73d27f0ba0cb9361bd/Labs/process2.rmp,Labs/process2.rmp,file,,2018-03-15 12:21:49,2018-03-15 12:22:00,ihchoi1227/DataMining_Politics,read_csv,csv_file,C:\Users\lich3969\Downloads\iris_data.csv
https://github.com/erdiolmezogullari/ml-forecasting-aws-spot-price/blob/f845d90845bb8f5cd013d6aa0de1a44b01b20a4c/sp_create_per.rmp,https://raw.githubusercontent.com/erdiolmezogullari/ml-forecasting-aws-spot-price/f845d90845bb8f5cd013d6aa0de1a44b01b20a4c/sp_create_per.rmp,https://api.github.com/repos/erdiolmezogullari/ml-forecasting-aws-spot-price/git/blobs/215e5a14d52ce148cc4e7bb17ee2056c58f862b5,https://github.com/erdiolmezogullari/ml-forecasting-aws-spot-price/blob/f845d90845bb8f5cd013d6aa0de1a44b01b20a4c/sp_create_per.rmp,sp_create_per.rmp,file,Shell,2018-03-19 23:39:09,2018-03-20 00:13:07,erdiolmezogullari/ml-forecasting-aws-spot-price,read_csv,csv_file,%{input}
https://github.com/mannannlegur/CTU-FIT-Bachelor/blob/83a048607c3cb50e3b0ba6305934e6fc1469fee2/VZD/cv11.rmp,https://raw.githubusercontent.com/mannannlegur/CTU-FIT-Bachelor/83a048607c3cb50e3b0ba6305934e6fc1469fee2/VZD/cv11.rmp,https://api.github.com/repos/mannannlegur/CTU-FIT-Bachelor/git/blobs/65523056fef272f7e35e1fbb81442a74524e4411,https://github.com/mannannlegur/CTU-FIT-Bachelor/blob/83a048607c3cb50e3b0ba6305934e6fc1469fee2/VZD/cv11.rmp,VZD/cv11.rmp,file,C,2017-06-18 19:20:30,2018-03-25 22:06:14,mannannlegur/CTU-FIT-Bachelor,read_csv,csv_file,/Users/mannannlegur/Documents/CTU/VZD/11. cviceni/auto-mpg.csv
https://github.com/nikhildeshmukh18/MachineLearning/blob/78e5683270e0ba954f8491a1ddcb642e3ffe7cff/Airpollution_Delhi/Code%20and%20data%20for%20classification/ANN.rmp,https://raw.githubusercontent.com/nikhildeshmukh18/MachineLearning/78e5683270e0ba954f8491a1ddcb642e3ffe7cff/Airpollution_Delhi/Code%20and%20data%20for%20classification/ANN.rmp,https://api.github.com/repos/nikhildeshmukh18/MachineLearning/git/blobs/571e00e7ed621515fc0849631f41e1501b2f3dcc,https://github.com/nikhildeshmukh18/MachineLearning/blob/78e5683270e0ba954f8491a1ddcb642e3ffe7cff/Airpollution_Delhi/Code%20and%20data%20for%20classification/ANN.rmp,Airpollution_Delhi/Code and data for classification/ANN.rmp,file,R,2018-03-27 19:03:02,2018-03-27 19:58:28,nikhildeshmukh18/MachineLearning,read_csv,csv_file,C:\Users\x16145003\Desktop\new.csv
https://github.com/nikhildeshmukh18/MachineLearning/blob/78e5683270e0ba954f8491a1ddcb642e3ffe7cff/Airpollution_Delhi/Code%20and%20data%20for%20classification/Ensemble.rmp,https://raw.githubusercontent.com/nikhildeshmukh18/MachineLearning/78e5683270e0ba954f8491a1ddcb642e3ffe7cff/Airpollution_Delhi/Code%20and%20data%20for%20classification/Ensemble.rmp,https://api.github.com/repos/nikhildeshmukh18/MachineLearning/git/blobs/5ab396c2ea9178e4c8fda96859d54fb91b203aad,https://github.com/nikhildeshmukh18/MachineLearning/blob/78e5683270e0ba954f8491a1ddcb642e3ffe7cff/Airpollution_Delhi/Code%20and%20data%20for%20classification/Ensemble.rmp,Airpollution_Delhi/Code and data for classification/Ensemble.rmp,file,R,2018-03-27 19:03:02,2018-03-27 19:58:28,nikhildeshmukh18/MachineLearning,read_csv,csv_file,C:\Users\nikhi\Desktop\new.csv
https://github.com/tanlull/test_db/blob/e351d558a0fc4cedf6643cfc73ac5df5665824a5/Rapidminer/Lab01%20Major%20recommendation.rmp,https://raw.githubusercontent.com/tanlull/test_db/e351d558a0fc4cedf6643cfc73ac5df5665824a5/Rapidminer/Lab01%20Major%20recommendation.rmp,https://api.github.com/repos/tanlull/test_db/git/blobs/d97d8c3446fc488b6f78b387d6c66facc40a391b,https://github.com/tanlull/test_db/blob/e351d558a0fc4cedf6643cfc73ac5df5665824a5/Rapidminer/Lab01%20Major%20recommendation.rmp,Rapidminer/Lab01 Major recommendation.rmp,file,,2018-02-22 07:40:59,2018-05-05 08:15:34,tanlull/test_db,read_csv,csv_file,C:\Users\tan\Desktop\student_training.csv
https://github.com/tanlull/test_db/blob/e351d558a0fc4cedf6643cfc73ac5df5665824a5/Rapidminer/Lab02%20Heart%20Attack.rmp,https://raw.githubusercontent.com/tanlull/test_db/e351d558a0fc4cedf6643cfc73ac5df5665824a5/Rapidminer/Lab02%20Heart%20Attack.rmp,https://api.github.com/repos/tanlull/test_db/git/blobs/fe8dfdfd1f75852d97c78db110d7ada8bbf9dc76,https://github.com/tanlull/test_db/blob/e351d558a0fc4cedf6643cfc73ac5df5665824a5/Rapidminer/Lab02%20Heart%20Attack.rmp,Rapidminer/Lab02 Heart Attack.rmp,file,,2018-02-22 07:40:59,2018-05-05 08:15:34,tanlull/test_db,read_csv,csv_file,C:\Users\tan\Desktop\heart_attack_training.csv
https://github.com/marcelobeckmann/trademiner/blob/80107fef1f90b449cd6c2b98a252dd5139ac207e/REPOSITORY/0_run_all_separated.rmp,https://raw.githubusercontent.com/marcelobeckmann/trademiner/80107fef1f90b449cd6c2b98a252dd5139ac207e/REPOSITORY/0_run_all_separated.rmp,https://api.github.com/repos/marcelobeckmann/trademiner/git/blobs/63bbc0e5d6265baac2da86539062546e444ef6be,https://github.com/marcelobeckmann/trademiner/blob/80107fef1f90b449cd6c2b98a252dd5139ac207e/REPOSITORY/0_run_all_separated.rmp,REPOSITORY/0_run_all_separated.rmp,file,Java,2018-03-22 07:38:27,2018-04-04 07:22:37,marcelobeckmann/trademiner,read_csv,csv_file,/home/nelson/rm/REPOSITORY/macros.csv
https://github.com/marcelobeckmann/trademiner/blob/80107fef1f90b449cd6c2b98a252dd5139ac207e/REPOSITORY/0_run_all_separated_wv.rmp,https://raw.githubusercontent.com/marcelobeckmann/trademiner/80107fef1f90b449cd6c2b98a252dd5139ac207e/REPOSITORY/0_run_all_separated_wv.rmp,https://api.github.com/repos/marcelobeckmann/trademiner/git/blobs/acbfef72d14cbafcafb35227027a01b423a8cfb1,https://github.com/marcelobeckmann/trademiner/blob/80107fef1f90b449cd6c2b98a252dd5139ac207e/REPOSITORY/0_run_all_separated_wv.rmp,REPOSITORY/0_run_all_separated_wv.rmp,file,Java,2018-03-22 07:38:27,2018-04-04 07:22:37,marcelobeckmann/trademiner,read_csv,csv_file,/home/nelson/rm/REPOSITORY/macros.csv
https://github.com/marcelobeckmann/trademiner/blob/80107fef1f90b449cd6c2b98a252dd5139ac207e/REPOSITORY/H_train.rmp,https://raw.githubusercontent.com/marcelobeckmann/trademiner/80107fef1f90b449cd6c2b98a252dd5139ac207e/REPOSITORY/H_train.rmp,https://api.github.com/repos/marcelobeckmann/trademiner/git/blobs/53497bafb11dbc0a684ed951ed5e797f3b45811a,https://github.com/marcelobeckmann/trademiner/blob/80107fef1f90b449cd6c2b98a252dd5139ac207e/REPOSITORY/H_train.rmp,REPOSITORY/H_train.rmp,file,Java,2018-03-22 07:38:27,2018-04-04 07:22:37,marcelobeckmann/trademiner,read_csv,csv_file,/home/nelson/rm/REPOSITORY/macros.csv
https://github.com/marcelobeckmann/trademiner/blob/80107fef1f90b449cd6c2b98a252dd5139ac207e/REPOSITORY/K_simulation_from_mktdata.rmp,https://raw.githubusercontent.com/marcelobeckmann/trademiner/80107fef1f90b449cd6c2b98a252dd5139ac207e/REPOSITORY/K_simulation_from_mktdata.rmp,https://api.github.com/repos/marcelobeckmann/trademiner/git/blobs/92300467527f916c6be408259d6e859d188f0b13,https://github.com/marcelobeckmann/trademiner/blob/80107fef1f90b449cd6c2b98a252dd5139ac207e/REPOSITORY/K_simulation_from_mktdata.rmp,REPOSITORY/K_simulation_from_mktdata.rmp,file,Java,2018-03-22 07:38:27,2018-04-04 07:22:37,marcelobeckmann/trademiner,read_csv,csv_file,c:/home/nelson/rm/REPOSITORY/macros.csv
https://github.com/abhinav2301/IT-FinBOT/blob/67399b542dbf26e602c6f36b444667aa3a995099/project.rmp,https://raw.githubusercontent.com/abhinav2301/IT-FinBOT/67399b542dbf26e602c6f36b444667aa3a995099/project.rmp,https://api.github.com/repos/abhinav2301/IT-FinBOT/git/blobs/337a5079957f28d40362ba834e7c697cdd8575a2,https://github.com/abhinav2301/IT-FinBOT/blob/67399b542dbf26e602c6f36b444667aa3a995099/project.rmp,project.rmp,file,Python,2018-04-10 10:47:49,2018-04-10 10:50:33,abhinav2301/IT-FinBOT,read_csv,csv_file,E:\Study\Study\DMPA\DMPA Project\DMPA project\Attributes\High.csv
https://github.com/racoutinho/DataScience/blob/48cac4ee7fc908cd1ff6a6e0920900b0edc0e8b3/Topicos-Avan%C3%A7ados-1/Projeto%20Final/final_project.rmp,https://raw.githubusercontent.com/racoutinho/DataScience/48cac4ee7fc908cd1ff6a6e0920900b0edc0e8b3/Topicos-Avan%C3%A7ados-1/Projeto%20Final/final_project.rmp,https://api.github.com/repos/racoutinho/DataScience/git/blobs/c27c9f3a163c12a0c1c3c1f8b483981c47b4af59,https://github.com/racoutinho/DataScience/blob/48cac4ee7fc908cd1ff6a6e0920900b0edc0e8b3/Topicos-Avan%C3%A7ados-1/Projeto%20Final/final_project.rmp,Topicos-Avançados-1/Projeto Final/final_project.rmp,file,R,2018-04-11 19:33:48,2018-04-12 19:26:39,racoutinho/DataScience,read_csv,csv_file,C:\Users\coutinhr\Desktop\NLP project\input.csv
https://github.com/jasmina94/siap/blob/d236d5ca59488ab8c7c0c8ab7d5ff06f5bccee8a/RapidMiner/dt.rmp,https://raw.githubusercontent.com/jasmina94/siap/d236d5ca59488ab8c7c0c8ab7d5ff06f5bccee8a/RapidMiner/dt.rmp,https://api.github.com/repos/jasmina94/siap/git/blobs/5ff1d9f6dd25ab9592888b056cd5b58121dcc0ac,https://github.com/jasmina94/siap/blob/d236d5ca59488ab8c7c0c8ab7d5ff06f5bccee8a/RapidMiner/dt.rmp,RapidMiner/dt.rmp,file,Python,2018-03-05 14:43:46,2018-04-27 16:38:30,jasmina94/siap,read_csv,csv_file,C:\Users\Jasmina\Desktop\data\january_pca.csv
https://github.com/jasmina94/siap/blob/d236d5ca59488ab8c7c0c8ab7d5ff06f5bccee8a/RapidMiner/knn_january/k-nn.rmp,https://raw.githubusercontent.com/jasmina94/siap/d236d5ca59488ab8c7c0c8ab7d5ff06f5bccee8a/RapidMiner/knn_january/k-nn.rmp,https://api.github.com/repos/jasmina94/siap/git/blobs/5abe98ea2c449d8eb341b540d8c52fc6ebd7967f,https://github.com/jasmina94/siap/blob/d236d5ca59488ab8c7c0c8ab7d5ff06f5bccee8a/RapidMiner/knn_january/k-nn.rmp,RapidMiner/knn_january/k-nn.rmp,file,Python,2018-03-05 14:43:46,2018-04-27 16:38:30,jasmina94/siap,read_csv,csv_file,/Users/zlatan/Documents/GIT/siap/CSVs/Januar/Januar filtriran sa kolonom isLate.csv
https://github.com/jasmina94/siap/blob/d236d5ca59488ab8c7c0c8ab7d5ff06f5bccee8a/RapidMiner/knn_june/k-nn.rmp,https://raw.githubusercontent.com/jasmina94/siap/d236d5ca59488ab8c7c0c8ab7d5ff06f5bccee8a/RapidMiner/knn_june/k-nn.rmp,https://api.github.com/repos/jasmina94/siap/git/blobs/5abe98ea2c449d8eb341b540d8c52fc6ebd7967f,https://github.com/jasmina94/siap/blob/d236d5ca59488ab8c7c0c8ab7d5ff06f5bccee8a/RapidMiner/knn_june/k-nn.rmp,RapidMiner/knn_june/k-nn.rmp,file,Python,2018-03-05 14:43:46,2018-04-27 16:38:30,jasmina94/siap,read_csv,csv_file,/Users/zlatan/Documents/GIT/siap/CSVs/Januar/Januar filtriran sa kolonom isLate.csv
https://github.com/ihchoi12/Exchange-Student/blob/81f3adfb4435f86f109d36238762b0474940d7cb/Data%20Mining/Labs/process.rmp,https://raw.githubusercontent.com/ihchoi12/Exchange-Student/81f3adfb4435f86f109d36238762b0474940d7cb/Data%20Mining/Labs/process.rmp,https://api.github.com/repos/ihchoi12/Exchange-Student/git/blobs/9fd5736ec025e501aa12ea0dd34118ae5ff0d3a8,https://github.com/ihchoi12/Exchange-Student/blob/81f3adfb4435f86f109d36238762b0474940d7cb/Data%20Mining/Labs/process.rmp,Data Mining/Labs/process.rmp,file,R,2018-05-07 08:53:03,2018-05-07 08:53:41,ihchoi12/Exchange-Student,read_csv,csv_file,C:\Users\lich3969\Downloads\iris_data.csv
https://github.com/ihchoi12/Exchange-Student/blob/81f3adfb4435f86f109d36238762b0474940d7cb/Data%20Mining/Labs/process2.rmp,https://raw.githubusercontent.com/ihchoi12/Exchange-Student/81f3adfb4435f86f109d36238762b0474940d7cb/Data%20Mining/Labs/process2.rmp,https://api.github.com/repos/ihchoi12/Exchange-Student/git/blobs/1fa0eff811a2c810508a4aef0f78198ce8c1ed60,https://github.com/ihchoi12/Exchange-Student/blob/81f3adfb4435f86f109d36238762b0474940d7cb/Data%20Mining/Labs/process2.rmp,Data Mining/Labs/process2.rmp,file,R,2018-05-07 08:53:03,2018-05-07 08:53:41,ihchoi12/Exchange-Student,read_csv,csv_file,C:\Users\lich3969\Downloads\iris_data.csv
https://github.com/steffenjacobs/WeatherDataParser/blob/e491da5a5c776963b72cc454fa250d514b750247/Process/associationAnalysisSpeeding/preprocessing/step1_joinPolicingDataset_with_weatherData_and_publicHolidays.rmp,https://raw.githubusercontent.com/steffenjacobs/WeatherDataParser/e491da5a5c776963b72cc454fa250d514b750247/Process/associationAnalysisSpeeding/preprocessing/step1_joinPolicingDataset_with_weatherData_and_publicHolidays.rmp,https://api.github.com/repos/steffenjacobs/WeatherDataParser/git/blobs/98ac5c1fd5a89be6544bb1426e32001f8a398e59,https://github.com/steffenjacobs/WeatherDataParser/blob/e491da5a5c776963b72cc454fa250d514b750247/Process/associationAnalysisSpeeding/preprocessing/step1_joinPolicingDataset_with_weatherData_and_publicHolidays.rmp,Process/associationAnalysisSpeeding/preprocessing/step1_joinPolicingDataset_with_weatherData_and_publicHolidays.rmp,file,Java,2018-04-19 13:40:14,2018-05-20 08:10:33,steffenjacobs/WeatherDataParser,read_csv,csv_file,C:\Temp\weatherData_preprocessed.csv
https://github.com/steffenjacobs/WeatherDataParser/blob/0bf1be34ad5426233f4d3b7493928fd38b5cd7b5/Process/predict_DUI/00_preprocessing/step0_labelOpenPolicingDataset.rmp,https://raw.githubusercontent.com/steffenjacobs/WeatherDataParser/0bf1be34ad5426233f4d3b7493928fd38b5cd7b5/Process/predict_DUI/00_preprocessing/step0_labelOpenPolicingDataset.rmp,https://api.github.com/repos/steffenjacobs/WeatherDataParser/git/blobs/23166bb65cfcd779eab3907a60c3b10d472cd13a,https://github.com/steffenjacobs/WeatherDataParser/blob/0bf1be34ad5426233f4d3b7493928fd38b5cd7b5/Process/predict_DUI/00_preprocessing/step0_labelOpenPolicingDataset.rmp,Process/predict_DUI/00_preprocessing/step0_labelOpenPolicingDataset.rmp,file,Java,2018-04-19 13:40:14,2018-05-20 08:10:33,steffenjacobs/WeatherDataParser,read_csv,csv_file,C:\Temp\data_set_modified_violations.csv
https://github.com/steffenjacobs/WeatherDataParser/blob/0bf1be34ad5426233f4d3b7493928fd38b5cd7b5/Process/predict_DUI/00_preprocessing/step1_joinPolicingDataset_with_weatherData_and_publicHolidays.rmp,https://raw.githubusercontent.com/steffenjacobs/WeatherDataParser/0bf1be34ad5426233f4d3b7493928fd38b5cd7b5/Process/predict_DUI/00_preprocessing/step1_joinPolicingDataset_with_weatherData_and_publicHolidays.rmp,https://api.github.com/repos/steffenjacobs/WeatherDataParser/git/blobs/8c6916091a6f0e68c667991972667ff83cf78a83,https://github.com/steffenjacobs/WeatherDataParser/blob/0bf1be34ad5426233f4d3b7493928fd38b5cd7b5/Process/predict_DUI/00_preprocessing/step1_joinPolicingDataset_with_weatherData_and_publicHolidays.rmp,Process/predict_DUI/00_preprocessing/step1_joinPolicingDataset_with_weatherData_and_publicHolidays.rmp,file,Java,2018-04-19 13:40:14,2018-05-20 08:10:33,steffenjacobs/WeatherDataParser,read_csv,csv_file,C:\Temp\weatherData_preprocessed.csv
https://github.com/bespam/kaggle/blob/223913fa7416f2e538685c9dc4511ad8dec739b8/rapid_test_Forest.rmp,https://raw.githubusercontent.com/bespam/kaggle/223913fa7416f2e538685c9dc4511ad8dec739b8/rapid_test_Forest.rmp,https://api.github.com/repos/bespam/kaggle/git/blobs/41cb38b0b18f09505d23c9d0f5315cc7bdbb74dd,https://github.com/bespam/kaggle/blob/223913fa7416f2e538685c9dc4511ad8dec739b8/rapid_test_Forest.rmp,rapid_test_Forest.rmp,file,Python,2014-04-01 15:40:50,2014-04-03 20:21:31,bespam/kaggle,read_csv,csv_file,C:\Dropbox\python\kaggle\titanic_2014\csv\train_data_work.csv
https://github.com/bespam/kaggle/blob/223913fa7416f2e538685c9dc4511ad8dec739b8/rapid_test_1.rmp,https://raw.githubusercontent.com/bespam/kaggle/223913fa7416f2e538685c9dc4511ad8dec739b8/rapid_test_1.rmp,https://api.github.com/repos/bespam/kaggle/git/blobs/d52cabd4db255317a2fffadfc2a0e22880881ec8,https://github.com/bespam/kaggle/blob/223913fa7416f2e538685c9dc4511ad8dec739b8/rapid_test_1.rmp,rapid_test_1.rmp,file,Python,2014-04-01 15:40:50,2014-04-03 20:21:31,bespam/kaggle,read_csv,csv_file,C:\Dropbox\python\kaggle\titanic_2014\csv\train_data_work.csv
https://github.com/bespam/kaggle/blob/223913fa7416f2e538685c9dc4511ad8dec739b8/rapid_test_SVM.rmp,https://raw.githubusercontent.com/bespam/kaggle/223913fa7416f2e538685c9dc4511ad8dec739b8/rapid_test_SVM.rmp,https://api.github.com/repos/bespam/kaggle/git/blobs/445f8eeba1545e56ca3e46900e94332b81ff2ce0,https://github.com/bespam/kaggle/blob/223913fa7416f2e538685c9dc4511ad8dec739b8/rapid_test_SVM.rmp,rapid_test_SVM.rmp,file,Python,2014-04-01 15:40:50,2014-04-03 20:21:31,bespam/kaggle,read_csv,csv_file,C:\Dropbox\python\kaggle\titanic_2014\csv\train_data_work.csv
https://github.com/bespam/kaggle/blob/223913fa7416f2e538685c9dc4511ad8dec739b8/rapid_test.rmp,https://raw.githubusercontent.com/bespam/kaggle/223913fa7416f2e538685c9dc4511ad8dec739b8/rapid_test.rmp,https://api.github.com/repos/bespam/kaggle/git/blobs/e77fca06adc899307c0f206635bbd4eff5392dd6,https://github.com/bespam/kaggle/blob/223913fa7416f2e538685c9dc4511ad8dec739b8/rapid_test.rmp,rapid_test.rmp,file,Python,2014-04-01 15:40:50,2014-04-03 20:21:31,bespam/kaggle,read_csv,csv_file,C:\Dropbox\python\kaggle\titanic_2014\csv\train_data_work.csv
https://github.com/bespam/kaggle/blob/223913fa7416f2e538685c9dc4511ad8dec739b8/rapid_test_NN.rmp,https://raw.githubusercontent.com/bespam/kaggle/223913fa7416f2e538685c9dc4511ad8dec739b8/rapid_test_NN.rmp,https://api.github.com/repos/bespam/kaggle/git/blobs/66df3cc7e2337dec006ea30fe2a1583a88200611,https://github.com/bespam/kaggle/blob/223913fa7416f2e538685c9dc4511ad8dec739b8/rapid_test_NN.rmp,rapid_test_NN.rmp,file,Python,2014-04-01 15:40:50,2014-04-03 20:21:31,bespam/kaggle,read_csv,csv_file,C:\Dropbox\python\kaggle\titanic_2014\csv\train_data_work.csv
https://github.com/bespam/kaggle/blob/223913fa7416f2e538685c9dc4511ad8dec739b8/rapid_test_Rule.rmp,https://raw.githubusercontent.com/bespam/kaggle/223913fa7416f2e538685c9dc4511ad8dec739b8/rapid_test_Rule.rmp,https://api.github.com/repos/bespam/kaggle/git/blobs/1962a024ed8088c033d87b7e8e81953c152debff,https://github.com/bespam/kaggle/blob/223913fa7416f2e538685c9dc4511ad8dec739b8/rapid_test_Rule.rmp,rapid_test_Rule.rmp,file,Python,2014-04-01 15:40:50,2014-04-03 20:21:31,bespam/kaggle,read_csv,csv_file,C:\Dropbox\python\kaggle\titanic_2014\csv\train_data_work.csv
https://github.com/vildninja/heartmining/blob/01be81844ffb2ed42910a0fdd5b04f8a46e5e9ec/heart-disease/heart-disease-c45-tree-adviced-parameters.rmp,https://raw.githubusercontent.com/vildninja/heartmining/01be81844ffb2ed42910a0fdd5b04f8a46e5e9ec/heart-disease/heart-disease-c45-tree-adviced-parameters.rmp,https://api.github.com/repos/vildninja/heartmining/git/blobs/a34398833e6aeb8e4b17b252a4a25186638e0300,https://github.com/vildninja/heartmining/blob/01be81844ffb2ed42910a0fdd5b04f8a46e5e9ec/heart-disease/heart-disease-c45-tree-adviced-parameters.rmp,heart-disease/heart-disease-c45-tree-adviced-parameters.rmp,file,Go,2014-04-02 11:19:30,2014-05-20 09:47:53,vildninja/heartmining,read_csv,csv_file,/home/niels/git/heartmining/heart-disease/cleveland-formatted.data
https://github.com/vildninja/heartmining/blob/01be81844ffb2ed42910a0fdd5b04f8a46e5e9ec/heart-disease/heart-disease-id3-tree-adviced.rmp,https://raw.githubusercontent.com/vildninja/heartmining/01be81844ffb2ed42910a0fdd5b04f8a46e5e9ec/heart-disease/heart-disease-id3-tree-adviced.rmp,https://api.github.com/repos/vildninja/heartmining/git/blobs/bb5a32bbf3dde10f6a6d527d052d87a54011b7c6,https://github.com/vildninja/heartmining/blob/01be81844ffb2ed42910a0fdd5b04f8a46e5e9ec/heart-disease/heart-disease-id3-tree-adviced.rmp,heart-disease/heart-disease-id3-tree-adviced.rmp,file,Go,2014-04-02 11:19:30,2014-05-20 09:47:53,vildninja/heartmining,read_csv,csv_file,/home/niels/git/heartmining/heart-disease/cleveland-formatted.data
https://github.com/vildninja/heartmining/blob/01be81844ffb2ed42910a0fdd5b04f8a46e5e9ec/heart-disease/heart-disease-kmedoids-forward-selection.rmp,https://raw.githubusercontent.com/vildninja/heartmining/01be81844ffb2ed42910a0fdd5b04f8a46e5e9ec/heart-disease/heart-disease-kmedoids-forward-selection.rmp,https://api.github.com/repos/vildninja/heartmining/git/blobs/a8931061c15e380abd34d628d1d5c21f5f8cd138,https://github.com/vildninja/heartmining/blob/01be81844ffb2ed42910a0fdd5b04f8a46e5e9ec/heart-disease/heart-disease-kmedoids-forward-selection.rmp,heart-disease/heart-disease-kmedoids-forward-selection.rmp,file,Go,2014-04-02 11:19:30,2014-05-20 09:47:53,vildninja/heartmining,read_csv,csv_file,/home/niels/git/heartmining/heart-disease/cleveland-formatted.data
https://github.com/vildninja/heartmining/blob/01be81844ffb2ed42910a0fdd5b04f8a46e5e9ec/heart-disease/heart-disease-c45-tree-adviced-weka.rmp,https://raw.githubusercontent.com/vildninja/heartmining/01be81844ffb2ed42910a0fdd5b04f8a46e5e9ec/heart-disease/heart-disease-c45-tree-adviced-weka.rmp,https://api.github.com/repos/vildninja/heartmining/git/blobs/29f4eb82fab984dfa158812e84f3c8a2ba52fdb6,https://github.com/vildninja/heartmining/blob/01be81844ffb2ed42910a0fdd5b04f8a46e5e9ec/heart-disease/heart-disease-c45-tree-adviced-weka.rmp,heart-disease/heart-disease-c45-tree-adviced-weka.rmp,file,Go,2014-04-02 11:19:30,2014-05-20 09:47:53,vildninja/heartmining,read_csv,csv_file,/home/niels/git/heartmining/heart-disease/cleveland-formatted.data
https://github.com/vildninja/heartmining/blob/01be81844ffb2ed42910a0fdd5b04f8a46e5e9ec/heart-disease/heart-disease-c45-tree-adviced.rmp,https://raw.githubusercontent.com/vildninja/heartmining/01be81844ffb2ed42910a0fdd5b04f8a46e5e9ec/heart-disease/heart-disease-c45-tree-adviced.rmp,https://api.github.com/repos/vildninja/heartmining/git/blobs/6a55db48a9393efbf9caa346273e363f7cb5802b,https://github.com/vildninja/heartmining/blob/01be81844ffb2ed42910a0fdd5b04f8a46e5e9ec/heart-disease/heart-disease-c45-tree-adviced.rmp,heart-disease/heart-disease-c45-tree-adviced.rmp,file,Go,2014-04-02 11:19:30,2014-05-20 09:47:53,vildninja/heartmining,read_csv,csv_file,/home/niels/git/heartmining/heart-disease/cleveland-formatted.data
https://github.com/vildninja/heartmining/blob/01be81844ffb2ed42910a0fdd5b04f8a46e5e9ec/heart-disease/heart-disease-c45-tree.rmp,https://raw.githubusercontent.com/vildninja/heartmining/01be81844ffb2ed42910a0fdd5b04f8a46e5e9ec/heart-disease/heart-disease-c45-tree.rmp,https://api.github.com/repos/vildninja/heartmining/git/blobs/c0fd6f600ec348c9925102bdaad2a5d23a21ce3a,https://github.com/vildninja/heartmining/blob/01be81844ffb2ed42910a0fdd5b04f8a46e5e9ec/heart-disease/heart-disease-c45-tree.rmp,heart-disease/heart-disease-c45-tree.rmp,file,Go,2014-04-02 11:19:30,2014-05-20 09:47:53,vildninja/heartmining,read_csv,csv_file,/home/niels/git/heartmining/heart-disease/cleveland-formatted.data
https://github.com/vildninja/heartmining/blob/01be81844ffb2ed42910a0fdd5b04f8a46e5e9ec/heart-disease/heart-disease-kmedoids.rmp,https://raw.githubusercontent.com/vildninja/heartmining/01be81844ffb2ed42910a0fdd5b04f8a46e5e9ec/heart-disease/heart-disease-kmedoids.rmp,https://api.github.com/repos/vildninja/heartmining/git/blobs/5c62e6261643381d030ff158305c13eea9988856,https://github.com/vildninja/heartmining/blob/01be81844ffb2ed42910a0fdd5b04f8a46e5e9ec/heart-disease/heart-disease-kmedoids.rmp,heart-disease/heart-disease-kmedoids.rmp,file,Go,2014-04-02 11:19:30,2014-05-20 09:47:53,vildninja/heartmining,read_csv,csv_file,/home/niels/git/heartmining/heart-disease/cleveland-formatted.data
https://github.com/allanx38/MscRMinerFiles/blob/fa96769632991998dcb0d2e466e016f83494a4e8/Arima/chp5_arima_334_ANN.rmp,https://raw.githubusercontent.com/allanx38/MscRMinerFiles/fa96769632991998dcb0d2e466e016f83494a4e8/Arima/chp5_arima_334_ANN.rmp,https://api.github.com/repos/allanx38/MscRMinerFiles/git/blobs/469bad8bbe5e05ffcca9ecb2d1ee1687af476dc6,https://github.com/allanx38/MscRMinerFiles/blob/fa96769632991998dcb0d2e466e016f83494a4e8/Arima/chp5_arima_334_ANN.rmp,Arima/chp5_arima_334_ANN.rmp,file,,2014-05-17 13:46:04,2014-06-02 14:44:42,allanx38/MscRMinerFiles,read_csv,csv_file,D:\Allan\DropBox\MSc\Dissertation\Thesis\Data\Dax_2000_d_train.csv
https://github.com/allanx38/MscRMinerFiles/blob/fa96769632991998dcb0d2e466e016f83494a4e8/Arima/chp5_arima_334_knn.rmp,https://raw.githubusercontent.com/allanx38/MscRMinerFiles/fa96769632991998dcb0d2e466e016f83494a4e8/Arima/chp5_arima_334_knn.rmp,https://api.github.com/repos/allanx38/MscRMinerFiles/git/blobs/469bad8bbe5e05ffcca9ecb2d1ee1687af476dc6,https://github.com/allanx38/MscRMinerFiles/blob/fa96769632991998dcb0d2e466e016f83494a4e8/Arima/chp5_arima_334_knn.rmp,Arima/chp5_arima_334_knn.rmp,file,,2014-05-17 13:46:04,2014-06-02 14:44:42,allanx38/MscRMinerFiles,read_csv,csv_file,D:\Allan\DropBox\MSc\Dissertation\Thesis\Data\Dax_2000_d_train.csv
https://github.com/allanx38/MscRMinerFiles/blob/fa96769632991998dcb0d2e466e016f83494a4e8/Arima2/Pred_UD/ann/chp5_hyb_ann_oz_TEST2.rmp,https://raw.githubusercontent.com/allanx38/MscRMinerFiles/fa96769632991998dcb0d2e466e016f83494a4e8/Arima2/Pred_UD/ann/chp5_hyb_ann_oz_TEST2.rmp,https://api.github.com/repos/allanx38/MscRMinerFiles/git/blobs/a958a18c547107551bc738fcc45d3321a23fc779,https://github.com/allanx38/MscRMinerFiles/blob/fa96769632991998dcb0d2e466e016f83494a4e8/Arima2/Pred_UD/ann/chp5_hyb_ann_oz_TEST2.rmp,Arima2/Pred_UD/ann/chp5_hyb_ann_oz_TEST2.rmp,file,,2014-05-17 13:46:04,2014-06-02 14:44:42,allanx38/MscRMinerFiles,read_csv,csv_file,D:\Allan\DropBox\MSc\Dissertation\Thesis\Data\Oz_2000_test.csv
https://github.com/allanx38/MscRMinerFiles/blob/fa96769632991998dcb0d2e466e016f83494a4e8/Arima2/Pred_UD/ann/chp5_hyb_ann_oz_TEST.rmp,https://raw.githubusercontent.com/allanx38/MscRMinerFiles/fa96769632991998dcb0d2e466e016f83494a4e8/Arima2/Pred_UD/ann/chp5_hyb_ann_oz_TEST.rmp,https://api.github.com/repos/allanx38/MscRMinerFiles/git/blobs/3b774171614f422c067135753835567e16d4f17c,https://github.com/allanx38/MscRMinerFiles/blob/fa96769632991998dcb0d2e466e016f83494a4e8/Arima2/Pred_UD/ann/chp5_hyb_ann_oz_TEST.rmp,Arima2/Pred_UD/ann/chp5_hyb_ann_oz_TEST.rmp,file,,2014-05-17 13:46:04,2014-06-02 14:44:42,allanx38/MscRMinerFiles,read_csv,csv_file,D:\Allan\DropBox\MSc\Dissertation\Thesis\Data\Oz_2000_train.csv
https://github.com/mozerfazer/AuthorNameDisambiguation/blob/a80e26a8bb8c1ef4939dc85a59c00cd80513a712/Inst_Disamb_Step2,https://raw.githubusercontent.com/mozerfazer/AuthorNameDisambiguation/a80e26a8bb8c1ef4939dc85a59c00cd80513a712/Inst_Disamb_Step2,https://api.github.com/repos/mozerfazer/AuthorNameDisambiguation/git/blobs/ce7d508bf04887dbaf64217c58d9871fab2aa8fe,https://github.com/mozerfazer/AuthorNameDisambiguation/blob/a80e26a8bb8c1ef4939dc85a59c00cd80513a712/Inst_Disamb_Step2,Inst_Disamb_Step2,file,Python,2014-05-18 15:12:33,2017-04-10 16:45:14,mozerfazer/AuthorNameDisambiguation,read_csv,csv_file,C:\Users\hussein\Documents\DMKM\feature_ext\project\inst.txt
https://github.com/jacobfi/bossen-maig/blob/576641a272b6b0c6a3fff10a1a12f9f274796f8c/datamining/write-regression.rmp,https://raw.githubusercontent.com/jacobfi/bossen-maig/576641a272b6b0c6a3fff10a1a12f9f274796f8c/datamining/write-regression.rmp,https://api.github.com/repos/jacobfi/bossen-maig/git/blobs/4b0331c31b89ce82e0fbaf964e3924eb045b2500,https://github.com/jacobfi/bossen-maig/blob/576641a272b6b0c6a3fff10a1a12f9f274796f8c/datamining/write-regression.rmp,datamining/write-regression.rmp,file,TeX,2014-10-28 08:05:52,2015-02-11 18:45:50,jacobfi/bossen-maig,read_csv,csv_file,C:\ITU\modern-ai\torcs\Acceleration_16-02-31.csv
https://github.com/dice89/master-thesis/blob/57820eac12fcb816c594ae14412d74bb737a4bc4/RapidminerRepo/CorrelationExperiments/correlation.rmp,https://raw.githubusercontent.com/dice89/master-thesis/57820eac12fcb816c594ae14412d74bb737a4bc4/RapidminerRepo/CorrelationExperiments/correlation.rmp,https://api.github.com/repos/dice89/master-thesis/git/blobs/c66f0f963b14a36d7b3fe92972e4c20a167912a4,https://github.com/dice89/master-thesis/blob/57820eac12fcb816c594ae14412d74bb737a4bc4/RapidminerRepo/CorrelationExperiments/correlation.rmp,RapidminerRepo/CorrelationExperiments/correlation.rmp,file,Groff,2014-11-18 10:50:24,2015-04-29 22:24:48,dice89/master-thesis,read_csv,csv_file,/Users/mueller/Documents/master-thesis/ontologymatcher/thesisexperiments/matchings/iasted-sigkdd_raw_matchings.csv
https://github.com/dice89/master-thesis/blob/57820eac12fcb816c594ae14412d74bb737a4bc4/RapidminerRepo/OutlierEvaluation/remove_corr_pre/oacode_loop_2.rmp,https://raw.githubusercontent.com/dice89/master-thesis/57820eac12fcb816c594ae14412d74bb737a4bc4/RapidminerRepo/OutlierEvaluation/remove_corr_pre/oacode_loop_2.rmp,https://api.github.com/repos/dice89/master-thesis/git/blobs/fcab6aec8eee7d4f6afa2857949402efc2d363ec,https://github.com/dice89/master-thesis/blob/57820eac12fcb816c594ae14412d74bb737a4bc4/RapidminerRepo/OutlierEvaluation/remove_corr_pre/oacode_loop_2.rmp,RapidminerRepo/OutlierEvaluation/remove_corr_pre/oacode_loop_2.rmp,file,Groff,2014-11-18 10:50:24,2015-04-29 22:24:48,dice89/master-thesis,read_csv,csv_file,/Users/mueller/Documents/master-thesis/ontologymatcher/matchings/cmt-conference_raw_matchings.csv
https://github.com/richddr/Listin-Diario-Article-Classifier/blob/0453bf526673aadbee24d6cbdd0b400520371d44/practica_1_java/procesos/bayes.rmp,https://raw.githubusercontent.com/richddr/Listin-Diario-Article-Classifier/0453bf526673aadbee24d6cbdd0b400520371d44/practica_1_java/procesos/bayes.rmp,https://api.github.com/repos/richddr/Listin-Diario-Article-Classifier/git/blobs/646cb7ff1190251a25dd08d31e78d8675eaeb1da,https://github.com/richddr/Listin-Diario-Article-Classifier/blob/0453bf526673aadbee24d6cbdd0b400520371d44/practica_1_java/procesos/bayes.rmp,practica_1_java/procesos/bayes.rmp,file,Python,2014-12-25 06:12:59,2015-01-09 04:42:11,richddr/Listin-Diario-Article-Classifier,read_csv,csv_file,C:\Users\Richard\IdeaProjects\practica_1_java\csv\listin-articulos.csv
https://github.com/Crashthatch/PatternRecogniserPublic/blob/149b20feb1f7e90b07dc2c55b6e5daeaf7073fa9/src/main/java/database/featureRelationshipSelector/RMRelationshipRanker/RMMetaModelLearner/modelLearner.rmp,https://raw.githubusercontent.com/Crashthatch/PatternRecogniserPublic/149b20feb1f7e90b07dc2c55b6e5daeaf7073fa9/src/main/java/database/featureRelationshipSelector/RMRelationshipRanker/RMMetaModelLearner/modelLearner.rmp,https://api.github.com/repos/Crashthatch/PatternRecogniserPublic/git/blobs/3dd8c442a2ffaac2eb434347990b0147413e8892,https://github.com/Crashthatch/PatternRecogniserPublic/blob/149b20feb1f7e90b07dc2c55b6e5daeaf7073fa9/src/main/java/database/featureRelationshipSelector/RMRelationshipRanker/RMMetaModelLearner/modelLearner.rmp,src/main/java/database/featureRelationshipSelector/RMRelationshipRanker/RMMetaModelLearner/modelLearner.rmp,file,Java,2015-05-25 17:05:44,2015-05-25 18:06:35,Crashthatch/PatternRecogniserPublic,read_csv,csv_file,C:\Users\Tom\workspace\PatternRecogniser\doc\relationships - added hashEquals and learnerName- no relname.csv
https://github.com/namman2/Data-Analytics-Projects/blob/fb4158dc943d0ecff0c052b9c40dbc176fb39b51/German%20Credit%20Data%20Analysis%20(UCI%20Machine%20Learning)/Files/04_Class_4.1_decision_tree_german_credit_risk.rmp,https://raw.githubusercontent.com/namman2/Data-Analytics-Projects/fb4158dc943d0ecff0c052b9c40dbc176fb39b51/German%20Credit%20Data%20Analysis%20(UCI%20Machine%20Learning)/Files/04_Class_4.1_decision_tree_german_credit_risk.rmp,https://api.github.com/repos/namman2/Data-Analytics-Projects/git/blobs/cd1171b9af9d0ee1f1a1c9c44aad20c218eb11e1,https://github.com/namman2/Data-Analytics-Projects/blob/fb4158dc943d0ecff0c052b9c40dbc176fb39b51/German%20Credit%20Data%20Analysis%20(UCI%20Machine%20Learning)/Files/04_Class_4.1_decision_tree_german_credit_risk.rmp,German Credit Data Analysis (UCI Machine Learning)/Files/04_Class_4.1_decision_tree_german_credit_risk.rmp,file,Jupyter Notebook,2015-12-24 08:22:50,2018-03-13 18:45:27,namman2/Data-Analytics-Projects,read_csv,csv_file,german-credit-value-modification.csv
https://github.com/Danielel/DataMiningProject/blob/c6197d1ba886c7c1ac7e50fa72c380cf4bdd9a37/RapidMiner/2%20Classes%20Tree.rmp,https://raw.githubusercontent.com/Danielel/DataMiningProject/c6197d1ba886c7c1ac7e50fa72c380cf4bdd9a37/RapidMiner/2%20Classes%20Tree.rmp,https://api.github.com/repos/Danielel/DataMiningProject/git/blobs/59d26ba3b1cd0122f6041127603b50ab8d454f9e,https://github.com/Danielel/DataMiningProject/blob/c6197d1ba886c7c1ac7e50fa72c380cf4bdd9a37/RapidMiner/2%20Classes%20Tree.rmp,RapidMiner/2 Classes Tree.rmp,file,SQLPL,2016-09-25 14:09:01,2016-09-25 14:36:24,Danielel/DataMiningProject,read_csv,csv_file,C:\Users\Johannes\Desktop\DM Project\Census Data\datasubset.txt
https://github.com/Danielel/DataMiningProject/blob/c6197d1ba886c7c1ac7e50fa72c380cf4bdd9a37/RapidMiner/6%20Classes%20Tree.rmp,https://raw.githubusercontent.com/Danielel/DataMiningProject/c6197d1ba886c7c1ac7e50fa72c380cf4bdd9a37/RapidMiner/6%20Classes%20Tree.rmp,https://api.github.com/repos/Danielel/DataMiningProject/git/blobs/eba33a0b1e686f8efe6877d7c3cf9ae0f90b991e,https://github.com/Danielel/DataMiningProject/blob/c6197d1ba886c7c1ac7e50fa72c380cf4bdd9a37/RapidMiner/6%20Classes%20Tree.rmp,RapidMiner/6 Classes Tree.rmp,file,SQLPL,2016-09-25 14:09:01,2016-09-25 14:36:24,Danielel/DataMiningProject,read_csv,csv_file,C:\Users\Johannes\Desktop\DM Project\Census Data\datasubset.txt
https://github.com/phlipo95/SMD/blob/0e87361ef4efa85fc45537477d19202dde596fb7/06-06.12.16/Rapidminer/Daten%20Einlesen.rmp,https://raw.githubusercontent.com/phlipo95/SMD/0e87361ef4efa85fc45537477d19202dde596fb7/06-06.12.16/Rapidminer/Daten%20Einlesen.rmp,https://api.github.com/repos/phlipo95/SMD/git/blobs/a40817565dd6821827f371704aa4b77af5980ca0,https://github.com/phlipo95/SMD/blob/0e87361ef4efa85fc45537477d19202dde596fb7/06-06.12.16/Rapidminer/Daten%20Einlesen.rmp,06-06.12.16/Rapidminer/Daten Einlesen.rmp,file,Jupyter Notebook,2016-10-28 10:30:04,2017-01-17 13:05:35,phlipo95/SMD,read_csv,csv_file,/home/maximilian/Documents/01-Physik/04-SMD/SMD/06-06.12.16/Rapidminer/background.csv
https://github.com/gfrisch/challenge_house/blob/e12225d62dac708f7650dfd957e033872ea72e7a/Transforming_data/import_data.rmp,https://raw.githubusercontent.com/gfrisch/challenge_house/e12225d62dac708f7650dfd957e033872ea72e7a/Transforming_data/import_data.rmp,https://api.github.com/repos/gfrisch/challenge_house/git/blobs/cb260f2c1737605c3342b0f4b917652930389c95,https://github.com/gfrisch/challenge_house/blob/e12225d62dac708f7650dfd957e033872ea72e7a/Transforming_data/import_data.rmp,Transforming_data/import_data.rmp,file,,2016-11-24 12:36:49,2016-11-24 12:36:49,gfrisch/challenge_house,read_csv,csv_file,/Users/frischgabriel/Desktop/sieExo/test.csv
https://github.com/casassg/movies-predictor-dm/blob/809537c38778f38d3d489d9263b06f3a73fb8be6/rm_processes/Knn-method.rmp,https://raw.githubusercontent.com/casassg/movies-predictor-dm/809537c38778f38d3d489d9263b06f3a73fb8be6/rm_processes/Knn-method.rmp,https://api.github.com/repos/casassg/movies-predictor-dm/git/blobs/dd37361b38de0957bbadef976ae6e04ea7bab60f,https://github.com/casassg/movies-predictor-dm/blob/809537c38778f38d3d489d9263b06f3a73fb8be6/rm_processes/Knn-method.rmp,rm_processes/Knn-method.rmp,file,Python,2016-11-24 16:09:12,2016-12-11 17:39:28,casassg/movies-predictor-dm,read_csv,csv_file,C:\Users\Pau\Desktop\7Q\MD\movies\movies_training.csv
https://github.com/nsethi31/MovieLens-Data-Movie-Recommender-System/blob/1e69713c890157af3b993b47dfbc3c50d67e43a3/Item%20knn.rmp,https://raw.githubusercontent.com/nsethi31/MovieLens-Data-Movie-Recommender-System/1e69713c890157af3b993b47dfbc3c50d67e43a3/Item%20knn.rmp,https://api.github.com/repos/nsethi31/MovieLens-Data-Movie-Recommender-System/git/blobs/cdd8343c3dcf296880bf4a68f080ba8f411a9b00,https://github.com/nsethi31/MovieLens-Data-Movie-Recommender-System/blob/1e69713c890157af3b993b47dfbc3c50d67e43a3/Item%20knn.rmp,Item knn.rmp,file,,2017-01-06 04:35:18,2017-01-06 04:35:18,nsethi31/MovieLens-Data-Movie-Recommender-System,read_csv,csv_file,C:\Users\Nishit\Desktop\Fall 2016\IDS 572-Data Mining for Business\Assignments\Assignment 5\uaTrg.csv
https://github.com/nsethi31/MovieLens-Data-Movie-Recommender-System/blob/1e69713c890157af3b993b47dfbc3c50d67e43a3/User%20knn.rmp,https://raw.githubusercontent.com/nsethi31/MovieLens-Data-Movie-Recommender-System/1e69713c890157af3b993b47dfbc3c50d67e43a3/User%20knn.rmp,https://api.github.com/repos/nsethi31/MovieLens-Data-Movie-Recommender-System/git/blobs/a1573f46c578d71c281a28f8a94aee1663374a05,https://github.com/nsethi31/MovieLens-Data-Movie-Recommender-System/blob/1e69713c890157af3b993b47dfbc3c50d67e43a3/User%20knn.rmp,User knn.rmp,file,,2017-01-06 04:35:18,2017-01-06 04:35:18,nsethi31/MovieLens-Data-Movie-Recommender-System,read_csv,csv_file,C:\Users\Nishit\Desktop\Fall 2016\IDS 572-Data Mining for Business\Assignments\Assignment 5\uaTrg.csv
https://github.com/nsethi31/MovieLens-Data-Movie-Recommender-System/blob/1e69713c890157af3b993b47dfbc3c50d67e43a3/User-Item%20Baseline.rmp,https://raw.githubusercontent.com/nsethi31/MovieLens-Data-Movie-Recommender-System/1e69713c890157af3b993b47dfbc3c50d67e43a3/User-Item%20Baseline.rmp,https://api.github.com/repos/nsethi31/MovieLens-Data-Movie-Recommender-System/git/blobs/2618beda8ef9ddc550f42192f0b52e2388dc0ea2,https://github.com/nsethi31/MovieLens-Data-Movie-Recommender-System/blob/1e69713c890157af3b993b47dfbc3c50d67e43a3/User-Item%20Baseline.rmp,User-Item Baseline.rmp,file,,2017-01-06 04:35:18,2017-01-06 04:35:18,nsethi31/MovieLens-Data-Movie-Recommender-System,read_csv,csv_file,C:\Users\Nishit\Desktop\Fall 2016\IDS 572-Data Mining for Business\Assignments\Assignment 5\uaTrg.csv
https://github.com/nsethi31/MovieLens-Data-Movie-Recommender-System/blob/1e69713c890157af3b993b47dfbc3c50d67e43a3/Global%20Average.rmp,https://raw.githubusercontent.com/nsethi31/MovieLens-Data-Movie-Recommender-System/1e69713c890157af3b993b47dfbc3c50d67e43a3/Global%20Average.rmp,https://api.github.com/repos/nsethi31/MovieLens-Data-Movie-Recommender-System/git/blobs/2b9e96151cbc58df935d425eb8478611b17f2c03,https://github.com/nsethi31/MovieLens-Data-Movie-Recommender-System/blob/1e69713c890157af3b993b47dfbc3c50d67e43a3/Global%20Average.rmp,Global Average.rmp,file,,2017-01-06 04:35:18,2017-01-06 04:35:18,nsethi31/MovieLens-Data-Movie-Recommender-System,read_csv,csv_file,C:\Users\Nishit\Desktop\Fall 2016\IDS 572-Data Mining for Business\Assignments\Assignment 5\uaTrg.csv
https://github.com/nsethi31/MovieLens-Data-Movie-Recommender-System/blob/1e69713c890157af3b993b47dfbc3c50d67e43a3/Optimize%20Parameter.rmp,https://raw.githubusercontent.com/nsethi31/MovieLens-Data-Movie-Recommender-System/1e69713c890157af3b993b47dfbc3c50d67e43a3/Optimize%20Parameter.rmp,https://api.github.com/repos/nsethi31/MovieLens-Data-Movie-Recommender-System/git/blobs/7475bde1d177db79acfeedfa36b8efb70b4c0d79,https://github.com/nsethi31/MovieLens-Data-Movie-Recommender-System/blob/1e69713c890157af3b993b47dfbc3c50d67e43a3/Optimize%20Parameter.rmp,Optimize Parameter.rmp,file,,2017-01-06 04:35:18,2017-01-06 04:35:18,nsethi31/MovieLens-Data-Movie-Recommender-System,read_csv,csv_file,C:\Users\Nishit\Desktop\Fall 2016\IDS 572-Data Mining for Business\Assignments\Assignment 5\uaTrg.csv
https://github.com/ProjektDataminingTHB/Eyetracking/blob/41bd6bc0e5f184add49c69c896c60d4141ffd2a0/code/Rapidminer/Exploratory%20vp_001.rmp,https://raw.githubusercontent.com/ProjektDataminingTHB/Eyetracking/41bd6bc0e5f184add49c69c896c60d4141ffd2a0/code/Rapidminer/Exploratory%20vp_001.rmp,https://api.github.com/repos/ProjektDataminingTHB/Eyetracking/git/blobs/62280e6ca55ee3d6e8d25edae5ed828ef41079ee,https://github.com/ProjektDataminingTHB/Eyetracking/blob/41bd6bc0e5f184add49c69c896c60d4141ffd2a0/code/Rapidminer/Exploratory%20vp_001.rmp,code/Rapidminer/Exploratory vp_001.rmp,file,Python,2016-12-07 13:01:47,2017-01-07 15:41:16,ProjektDataminingTHB/Eyetracking,read_csv,csv_file,C:\here\i\_Text\KI-Projekte\2016 WS - Masdarcity + NAO + HandsonBigData\Hands on Big Data\Projekt Eyetracking\data\raw\vp_001.txt
https://github.com/mfaizmzaki/mfaizmzaki.github.io/blob/23b27ba399a7823a32d9ca4279b6a8a999b24421/resources/Rapid%20Miner/UM_DS_starterKit.rmp,https://raw.githubusercontent.com/mfaizmzaki/mfaizmzaki.github.io/23b27ba399a7823a32d9ca4279b6a8a999b24421/resources/Rapid%20Miner/UM_DS_starterKit.rmp,https://api.github.com/repos/mfaizmzaki/mfaizmzaki.github.io/git/blobs/acf202533f3d9eeaf4c5c87639b401fba281a5dd,https://github.com/mfaizmzaki/mfaizmzaki.github.io/blob/23b27ba399a7823a32d9ca4279b6a8a999b24421/resources/Rapid%20Miner/UM_DS_starterKit.rmp,resources/Rapid Miner/UM_DS_starterKit.rmp,file,HTML,2017-03-25 04:00:04,2017-03-25 04:08:46,mfaizmzaki/mfaizmzaki.github.io,read_csv,csv_file,/Volumes/Extended/Downloads/mushrooms.csv
https://github.com/joe4dev/cwb-analysis/blob/891003b3aea0a87b13061e80d0df8606e4ee02c2/rq2/anova-and-whitney-tests.rmp,https://raw.githubusercontent.com/joe4dev/cwb-analysis/891003b3aea0a87b13061e80d0df8606e4ee02c2/rq2/anova-and-whitney-tests.rmp,https://api.github.com/repos/joe4dev/cwb-analysis/git/blobs/cc8ec0867f1bd426cbd48cf6967649708d69afa2,https://github.com/joe4dev/cwb-analysis/blob/891003b3aea0a87b13061e80d0df8606e4ee02c2/rq2/anova-and-whitney-tests.rmp,rq2/anova-and-whitney-tests.rmp,file,PLSQL,2017-05-15 23:24:20,2018-05-13 13:24:05,joe4dev/cwb-analysis,read_csv,csv_file,/Users/joe/Projects/CloudWorkBench/cwb-analysis/rq2/mappings.csv
https://github.com/smarie/java-octminer/blob/713977b03fe39eec1fdf4c634248d24297a5160b/Tests_RMRepository/IntegrationTestProcesses/tags/OctaveWithIO-1.1.1/RM-src/BaseUnitTests.rmp,https://raw.githubusercontent.com/smarie/java-octminer/713977b03fe39eec1fdf4c634248d24297a5160b/Tests_RMRepository/IntegrationTestProcesses/tags/OctaveWithIO-1.1.1/RM-src/BaseUnitTests.rmp,https://api.github.com/repos/smarie/java-octminer/git/blobs/68342a1be29abd3445e948f56072180e73ecd741,https://github.com/smarie/java-octminer/blob/713977b03fe39eec1fdf4c634248d24297a5160b/Tests_RMRepository/IntegrationTestProcesses/tags/OctaveWithIO-1.1.1/RM-src/BaseUnitTests.rmp,Tests_RMRepository/IntegrationTestProcesses/tags/OctaveWithIO-1.1.1/RM-src/BaseUnitTests.rmp,file,Java,2017-09-01 13:17:57,2017-09-01 13:23:16,smarie/java-octminer,read_csv,csv_file,D:\code\DataMining\RapidMinerRepository\6. Octave extension\OctaveWithIO\trunk\RM-test-data\Generated-data.csv
https://github.com/cu-sage/sage-frontend/blob/3b8b6942047228c1c3cf3a7271f08a2124db3b8d/machine_learning/RapidMiner-repo/milestones-clustering.rmp,https://raw.githubusercontent.com/cu-sage/sage-frontend/3b8b6942047228c1c3cf3a7271f08a2124db3b8d/machine_learning/RapidMiner-repo/milestones-clustering.rmp,https://api.github.com/repos/cu-sage/sage-frontend/git/blobs/3d9fbe3886c6370a7a512a74f554a6c746772744,https://github.com/cu-sage/sage-frontend/blob/3b8b6942047228c1c3cf3a7271f08a2124db3b8d/machine_learning/RapidMiner-repo/milestones-clustering.rmp,machine_learning/RapidMiner-repo/milestones-clustering.rmp,file,JavaScript,2016-09-30 16:00:21,2018-03-16 01:36:41,cu-sage/sage-frontend,read_csv,csv_file,/Users/AliSawyer/Documents/SeniorSpring/SAGE-project/sage-frontend/machine_learning/ml-output/output-k-medioids-features-with-labels-trigram.csv
https://github.com/data-mining-ulb/data-mining-2017/blob/c800ae0c4439a5ae3b8032b362aef218e7d76227/k-means.rmp,https://raw.githubusercontent.com/data-mining-ulb/data-mining-2017/c800ae0c4439a5ae3b8032b362aef218e7d76227/k-means.rmp,https://api.github.com/repos/data-mining-ulb/data-mining-2017/git/blobs/0d67afac5ff1781d2246ecc452c227684019c3fe,https://github.com/data-mining-ulb/data-mining-2017/blob/c800ae0c4439a5ae3b8032b362aef218e7d76227/k-means.rmp,k-means.rmp,file,,2017-10-24 17:24:26,2017-10-24 17:24:26,data-mining-ulb/data-mining-2017,read_csv,csv_file,D:\data-mining-2017\Assignment1-dataset.csv
https://github.com/data-mining-ulb/data-mining-2017/blob/40e480bdde3f5f90f1400a2aa2d83368c9a92a19/k-medoids.rmp,https://raw.githubusercontent.com/data-mining-ulb/data-mining-2017/40e480bdde3f5f90f1400a2aa2d83368c9a92a19/k-medoids.rmp,https://api.github.com/repos/data-mining-ulb/data-mining-2017/git/blobs/b72460da4abe9a31bda180c42e0b6a918cda95be,https://github.com/data-mining-ulb/data-mining-2017/blob/40e480bdde3f5f90f1400a2aa2d83368c9a92a19/k-medoids.rmp,k-medoids.rmp,file,,2017-10-24 17:24:26,2017-10-24 17:24:26,data-mining-ulb/data-mining-2017,read_csv,csv_file,/Users/alexey/Downloads/data-mining-2017-master 2/Assignment1-dataset.csv
https://github.com/data-mining-ulb/data-mining-2017/blob/8d10181cfa283a1273941775fede2c47d3530759/svm.rmp,https://raw.githubusercontent.com/data-mining-ulb/data-mining-2017/8d10181cfa283a1273941775fede2c47d3530759/svm.rmp,https://api.github.com/repos/data-mining-ulb/data-mining-2017/git/blobs/4e941c5be1eee028d4d2b75246b397667eafc885,https://github.com/data-mining-ulb/data-mining-2017/blob/8d10181cfa283a1273941775fede2c47d3530759/svm.rmp,svm.rmp,file,,2017-10-24 17:24:26,2017-10-24 17:24:26,data-mining-ulb/data-mining-2017,read_csv,csv_file,D:\data-mining-2017\Assignment1-dataset.csv
https://github.com/GauravChaddha1996/Data-Mining-Project/blob/76e00e8f7d18d1d2d15cd8181e51c9bdb4e23f64/solution.rmp,https://raw.githubusercontent.com/GauravChaddha1996/Data-Mining-Project/76e00e8f7d18d1d2d15cd8181e51c9bdb4e23f64/solution.rmp,https://api.github.com/repos/GauravChaddha1996/Data-Mining-Project/git/blobs/87c8a42c47d031f5210c8e8a9048a7a9995756fd,https://github.com/GauravChaddha1996/Data-Mining-Project/blob/76e00e8f7d18d1d2d15cd8181e51c9bdb4e23f64/solution.rmp,solution.rmp,file,,2017-11-25 09:24:10,2017-11-25 09:43:45,GauravChaddha1996/Data-Mining-Project,read_csv,csv_file,/home/gaurav/Downloads/zoo.csv
https://github.com/ItsSrikanth/Text-content-Mining/blob/40ce0b858c146fefb72fcc6eb4fc498051ab42eb/textcontentmining.rmp,https://raw.githubusercontent.com/ItsSrikanth/Text-content-Mining/40ce0b858c146fefb72fcc6eb4fc498051ab42eb/textcontentmining.rmp,https://api.github.com/repos/ItsSrikanth/Text-content-Mining/git/blobs/f24583bb2416101dfe2f07a898aaa2d0d399d1f4,https://github.com/ItsSrikanth/Text-content-Mining/blob/40ce0b858c146fefb72fcc6eb4fc498051ab42eb/textcontentmining.rmp,textcontentmining.rmp,file,,2018-03-11 17:13:59,2018-03-11 17:13:59,ItsSrikanth/Text-content-Mining,read_csv,csv_file,C:\Users\Srikanth Nukalapati\Desktop\dwdm project\New folder\train.csv
https://github.com/nocibambi/ds-practice/blob/bb36a486a4fbc53ae032652dc21bbf2681fc13e2/Rapidminer/Local%20Repository/processes/BME-DMP/Class_04/logistic%20regression.rmp,https://raw.githubusercontent.com/nocibambi/ds-practice/bb36a486a4fbc53ae032652dc21bbf2681fc13e2/Rapidminer/Local%20Repository/processes/BME-DMP/Class_04/logistic%20regression.rmp,https://api.github.com/repos/nocibambi/ds-practice/git/blobs/2f92463dff0c760d5a368f4ce8459cb4e39fea0a,https://github.com/nocibambi/ds-practice/blob/bb36a486a4fbc53ae032652dc21bbf2681fc13e2/Rapidminer/Local%20Repository/processes/BME-DMP/Class_04/logistic%20regression.rmp,Rapidminer/Local Repository/processes/BME-DMP/Class_04/logistic regression.rmp,file,Matlab,2018-02-06 15:36:10,2018-05-05 09:02:25,nocibambi/ds-practice,read_csv,csv_file,C:\Users\noa\Dropbox\Learn\bme-dmp\3. hét\gyakorlat\training.csv
https://github.com/wooyol/concepts-and-practice-with-rapidminer/blob/75f1f61d121c0f30a0f05e4dd72b94b180672fda/ch04.1%20german%20credit.rmp,https://raw.githubusercontent.com/wooyol/concepts-and-practice-with-rapidminer/75f1f61d121c0f30a0f05e4dd72b94b180672fda/ch04.1%20german%20credit.rmp,https://api.github.com/repos/wooyol/concepts-and-practice-with-rapidminer/git/blobs/b4e00b255a7994263a3d9a1014bb1988f64c20ab,https://github.com/wooyol/concepts-and-practice-with-rapidminer/blob/75f1f61d121c0f30a0f05e4dd72b94b180672fda/ch04.1%20german%20credit.rmp,ch04.1 german credit.rmp,file,,2018-03-19 11:20:24,2018-03-19 16:57:22,wooyol/concepts-and-practice-with-rapidminer,read_csv,csv_file,/Users/altamira/Projects/rapid.Prj/concepts-and-practice-with-rapidminer/04_Class_4.1_german-credit-value-modification.csv
https://github.com/erdiolmezogullari/ml-forecasting-aws-spot-price/blob/f845d90845bb8f5cd013d6aa0de1a44b01b20a4c/sp.rmp,https://raw.githubusercontent.com/erdiolmezogullari/ml-forecasting-aws-spot-price/f845d90845bb8f5cd013d6aa0de1a44b01b20a4c/sp.rmp,https://api.github.com/repos/erdiolmezogullari/ml-forecasting-aws-spot-price/git/blobs/9a4f9d9a528ae13f1d5d823e85bd4386b9b3a746,https://github.com/erdiolmezogullari/ml-forecasting-aws-spot-price/blob/f845d90845bb8f5cd013d6aa0de1a44b01b20a4c/sp.rmp,sp.rmp,file,Shell,2018-03-19 23:39:09,2018-03-20 00:13:07,erdiolmezogullari/ml-forecasting-aws-spot-price,read_csv,csv_file,/home/erdi/dm/spot_data/history/2015/03/csv_date/2015-03-02.csv
https://github.com/erdiolmezogullari/ml-forecasting-aws-spot-price/blob/f845d90845bb8f5cd013d6aa0de1a44b01b20a4c/sp_create_model.rmp,https://raw.githubusercontent.com/erdiolmezogullari/ml-forecasting-aws-spot-price/f845d90845bb8f5cd013d6aa0de1a44b01b20a4c/sp_create_model.rmp,https://api.github.com/repos/erdiolmezogullari/ml-forecasting-aws-spot-price/git/blobs/61d7f2c8d35dff3283dd8a8b8200828d1f977e4a,https://github.com/erdiolmezogullari/ml-forecasting-aws-spot-price/blob/f845d90845bb8f5cd013d6aa0de1a44b01b20a4c/sp_create_model.rmp,sp_create_model.rmp,file,Shell,2018-03-19 23:39:09,2018-03-20 00:13:07,erdiolmezogullari/ml-forecasting-aws-spot-price,read_csv,csv_file,%{input}
https://github.com/marcelobeckmann/trademiner/blob/80107fef1f90b449cd6c2b98a252dd5139ac207e/REPOSITORY/I_test_separated.rmp,https://raw.githubusercontent.com/marcelobeckmann/trademiner/80107fef1f90b449cd6c2b98a252dd5139ac207e/REPOSITORY/I_test_separated.rmp,https://api.github.com/repos/marcelobeckmann/trademiner/git/blobs/7b7d47e8f6581e2b2e23b9cf3ebd78770967787c,https://github.com/marcelobeckmann/trademiner/blob/80107fef1f90b449cd6c2b98a252dd5139ac207e/REPOSITORY/I_test_separated.rmp,REPOSITORY/I_test_separated.rmp,file,Java,2018-03-22 07:38:27,2018-04-04 07:22:37,marcelobeckmann/trademiner,read_csv,csv_file,/home/nelson/rm/REPOSITORY/macros.csv
https://github.com/marcelobeckmann/trademiner/blob/80107fef1f90b449cd6c2b98a252dd5139ac207e/REPOSITORY/I_test_separated_compute_metrics.rmp,https://raw.githubusercontent.com/marcelobeckmann/trademiner/80107fef1f90b449cd6c2b98a252dd5139ac207e/REPOSITORY/I_test_separated_compute_metrics.rmp,https://api.github.com/repos/marcelobeckmann/trademiner/git/blobs/e579fcdebb194d8b693eba74730eccf4cf9abb7e,https://github.com/marcelobeckmann/trademiner/blob/80107fef1f90b449cd6c2b98a252dd5139ac207e/REPOSITORY/I_test_separated_compute_metrics.rmp,REPOSITORY/I_test_separated_compute_metrics.rmp,file,Java,2018-03-22 07:38:27,2018-04-04 07:22:37,marcelobeckmann/trademiner,read_csv,csv_file,/home/nelson/rm/REPOSITORY/macros.csv
https://github.com/marcelobeckmann/trademiner/blob/80107fef1f90b449cd6c2b98a252dd5139ac207e/REPOSITORY/webcrawler/A_obtain_news__rss_reader.rmp,https://raw.githubusercontent.com/marcelobeckmann/trademiner/80107fef1f90b449cd6c2b98a252dd5139ac207e/REPOSITORY/webcrawler/A_obtain_news__rss_reader.rmp,https://api.github.com/repos/marcelobeckmann/trademiner/git/blobs/3cb899d70cab7bed2b5a7120df9474170e212f62,https://github.com/marcelobeckmann/trademiner/blob/80107fef1f90b449cd6c2b98a252dd5139ac207e/REPOSITORY/webcrawler/A_obtain_news__rss_reader.rmp,REPOSITORY/webcrawler/A_obtain_news__rss_reader.rmp,file,Java,2018-03-22 07:38:27,2018-04-04 07:22:37,marcelobeckmann/trademiner,read_csv,csv_file,/home/nelson/rm/REPOSITORY/macros.csv
https://github.com/marcelobeckmann/trademiner/blob/80107fef1f90b449cd6c2b98a252dd5139ac207e/REPOSITORY/webcrawler/B_obtain_quotes.rmp,https://raw.githubusercontent.com/marcelobeckmann/trademiner/80107fef1f90b449cd6c2b98a252dd5139ac207e/REPOSITORY/webcrawler/B_obtain_quotes.rmp,https://api.github.com/repos/marcelobeckmann/trademiner/git/blobs/0e1c7c2ffe5aa88002d0822b373bb7e38ce92e77,https://github.com/marcelobeckmann/trademiner/blob/80107fef1f90b449cd6c2b98a252dd5139ac207e/REPOSITORY/webcrawler/B_obtain_quotes.rmp,REPOSITORY/webcrawler/B_obtain_quotes.rmp,file,Java,2018-03-22 07:38:27,2018-04-04 07:22:37,marcelobeckmann/trademiner,read_csv,csv_file,/home/nelson/rm/REPOSITORY/macros.csv
https://github.com/allanx38/MscRMinerFiles/blob/fa96769632991998dcb0d2e466e016f83494a4e8/Arima/Pred_UpDn_01/ANN/chp5_arima_ANN_CAC_ud.rmp,https://raw.githubusercontent.com/allanx38/MscRMinerFiles/fa96769632991998dcb0d2e466e016f83494a4e8/Arima/Pred_UpDn_01/ANN/chp5_arima_ANN_CAC_ud.rmp,https://api.github.com/repos/allanx38/MscRMinerFiles/git/blobs/63b7cbcc5ef3b183432cece9151dda84b8cc3a5a,https://github.com/allanx38/MscRMinerFiles/blob/fa96769632991998dcb0d2e466e016f83494a4e8/Arima/Pred_UpDn_01/ANN/chp5_arima_ANN_CAC_ud.rmp,Arima/Pred_UpDn_01/ANN/chp5_arima_ANN_CAC_ud.rmp,file,,2014-05-17 13:46:04,2014-06-02 14:44:42,allanx38/MscRMinerFiles,read_csv,csv_file,D:\Allan\DropBox\MSc\Dissertation\Thesis\Data\CAC_2000_d.csv
https://github.com/allanx38/MscRMinerFiles/blob/fa96769632991998dcb0d2e466e016f83494a4e8/Arima/Pred_UpDn_01/ANN/chp5_arima_ANN_Dax_ud.rmp,https://raw.githubusercontent.com/allanx38/MscRMinerFiles/fa96769632991998dcb0d2e466e016f83494a4e8/Arima/Pred_UpDn_01/ANN/chp5_arima_ANN_Dax_ud.rmp,https://api.github.com/repos/allanx38/MscRMinerFiles/git/blobs/24049d5d67eb57ee4ce8d37e82c7875b4f3802e5,https://github.com/allanx38/MscRMinerFiles/blob/fa96769632991998dcb0d2e466e016f83494a4e8/Arima/Pred_UpDn_01/ANN/chp5_arima_ANN_Dax_ud.rmp,Arima/Pred_UpDn_01/ANN/chp5_arima_ANN_Dax_ud.rmp,file,,2014-05-17 13:46:04,2014-06-02 14:44:42,allanx38/MscRMinerFiles,read_csv,csv_file,D:\Allan\DropBox\MSc\Dissertation\Thesis\Data\Dax_2000_d.csv
https://github.com/allanx38/MscRMinerFiles/blob/fa96769632991998dcb0d2e466e016f83494a4e8/Arima/Pred_UpDn_01/ANN/chp5_arima_ANN_Dow_ud.rmp,https://raw.githubusercontent.com/allanx38/MscRMinerFiles/fa96769632991998dcb0d2e466e016f83494a4e8/Arima/Pred_UpDn_01/ANN/chp5_arima_ANN_Dow_ud.rmp,https://api.github.com/repos/allanx38/MscRMinerFiles/git/blobs/2dcdd4f82d3bffc18d3a033fa84ca8440831e37d,https://github.com/allanx38/MscRMinerFiles/blob/fa96769632991998dcb0d2e466e016f83494a4e8/Arima/Pred_UpDn_01/ANN/chp5_arima_ANN_Dow_ud.rmp,Arima/Pred_UpDn_01/ANN/chp5_arima_ANN_Dow_ud.rmp,file,,2014-05-17 13:46:04,2014-06-02 14:44:42,allanx38/MscRMinerFiles,read_csv,csv_file,D:\Allan\DropBox\MSc\Dissertation\Thesis\Data\Dow_2000_d.csv
https://github.com/allanx38/MscRMinerFiles/blob/fa96769632991998dcb0d2e466e016f83494a4e8/Arima/Pred_UpDn_01/ANN/chp5_arima_ANN_FTSE_ud.rmp,https://raw.githubusercontent.com/allanx38/MscRMinerFiles/fa96769632991998dcb0d2e466e016f83494a4e8/Arima/Pred_UpDn_01/ANN/chp5_arima_ANN_FTSE_ud.rmp,https://api.github.com/repos/allanx38/MscRMinerFiles/git/blobs/73162da17a96b9e29e6911cec55a9c5abceedf99,https://github.com/allanx38/MscRMinerFiles/blob/fa96769632991998dcb0d2e466e016f83494a4e8/Arima/Pred_UpDn_01/ANN/chp5_arima_ANN_FTSE_ud.rmp,Arima/Pred_UpDn_01/ANN/chp5_arima_ANN_FTSE_ud.rmp,file,,2014-05-17 13:46:04,2014-06-02 14:44:42,allanx38/MscRMinerFiles,read_csv,csv_file,D:\Allan\DropBox\MSc\Dissertation\Thesis\Data\F100_2000_d.csv
https://github.com/allanx38/MscRMinerFiles/blob/fa96769632991998dcb0d2e466e016f83494a4e8/Arima/Pred_UpDn_01/ANN/chp5_arima_ANN_N225_ud.rmp,https://raw.githubusercontent.com/allanx38/MscRMinerFiles/fa96769632991998dcb0d2e466e016f83494a4e8/Arima/Pred_UpDn_01/ANN/chp5_arima_ANN_N225_ud.rmp,https://api.github.com/repos/allanx38/MscRMinerFiles/git/blobs/a455315c8670981384fabb5eebbce6c7d8102d6a,https://github.com/allanx38/MscRMinerFiles/blob/fa96769632991998dcb0d2e466e016f83494a4e8/Arima/Pred_UpDn_01/ANN/chp5_arima_ANN_N225_ud.rmp,Arima/Pred_UpDn_01/ANN/chp5_arima_ANN_N225_ud.rmp,file,,2014-05-17 13:46:04,2014-06-02 14:44:42,allanx38/MscRMinerFiles,read_csv,csv_file,D:\Allan\DropBox\MSc\Dissertation\Thesis\Data\N225_2000_d.csv
https://github.com/allanx38/MscRMinerFiles/blob/fa96769632991998dcb0d2e466e016f83494a4e8/Arima/Pred_UpDn_01/ANN/chp5_arima_ANN_Oz_ud.rmp,https://raw.githubusercontent.com/allanx38/MscRMinerFiles/fa96769632991998dcb0d2e466e016f83494a4e8/Arima/Pred_UpDn_01/ANN/chp5_arima_ANN_Oz_ud.rmp,https://api.github.com/repos/allanx38/MscRMinerFiles/git/blobs/8b3081741fb46d488e37c185dd1d0e53086dccc5,https://github.com/allanx38/MscRMinerFiles/blob/fa96769632991998dcb0d2e466e016f83494a4e8/Arima/Pred_UpDn_01/ANN/chp5_arima_ANN_Oz_ud.rmp,Arima/Pred_UpDn_01/ANN/chp5_arima_ANN_Oz_ud.rmp,file,,2014-05-17 13:46:04,2014-06-02 14:44:42,allanx38/MscRMinerFiles,read_csv,csv_file,D:\Allan\DropBox\MSc\Dissertation\Thesis\Data\Oz_2000.csv
https://github.com/allanx38/MscRMinerFiles/blob/fa96769632991998dcb0d2e466e016f83494a4e8/Arima/Pred_UpDn_01/Reg/chp5_arima_Reg_CAC_ud.rmp,https://raw.githubusercontent.com/allanx38/MscRMinerFiles/fa96769632991998dcb0d2e466e016f83494a4e8/Arima/Pred_UpDn_01/Reg/chp5_arima_Reg_CAC_ud.rmp,https://api.github.com/repos/allanx38/MscRMinerFiles/git/blobs/32f0db1e83ef624b9e8f48fd820c32d25d1e5ac7,https://github.com/allanx38/MscRMinerFiles/blob/fa96769632991998dcb0d2e466e016f83494a4e8/Arima/Pred_UpDn_01/Reg/chp5_arima_Reg_CAC_ud.rmp,Arima/Pred_UpDn_01/Reg/chp5_arima_Reg_CAC_ud.rmp,file,,2014-05-17 13:46:04,2014-06-02 14:44:42,allanx38/MscRMinerFiles,read_csv,csv_file,D:\Allan\DropBox\MSc\Dissertation\Thesis\Data\CAC_2000_d.csv
https://github.com/allanx38/MscRMinerFiles/blob/fa96769632991998dcb0d2e466e016f83494a4e8/Arima/Pred_UpDn_01/Reg/chp5_arima_Reg_Dax_ud.rmp,https://raw.githubusercontent.com/allanx38/MscRMinerFiles/fa96769632991998dcb0d2e466e016f83494a4e8/Arima/Pred_UpDn_01/Reg/chp5_arima_Reg_Dax_ud.rmp,https://api.github.com/repos/allanx38/MscRMinerFiles/git/blobs/90185470f88da92df5ec91f5d060e0a5b634bf9b,https://github.com/allanx38/MscRMinerFiles/blob/fa96769632991998dcb0d2e466e016f83494a4e8/Arima/Pred_UpDn_01/Reg/chp5_arima_Reg_Dax_ud.rmp,Arima/Pred_UpDn_01/Reg/chp5_arima_Reg_Dax_ud.rmp,file,,2014-05-17 13:46:04,2014-06-02 14:44:42,allanx38/MscRMinerFiles,read_csv,csv_file,D:\Allan\DropBox\MSc\Dissertation\Thesis\Data\Dax_2000_d.csv
https://github.com/allanx38/MscRMinerFiles/blob/fa96769632991998dcb0d2e466e016f83494a4e8/Arima/Pred_UpDn_01/Reg/chp5_arima_Reg_Dow_ud.rmp,https://raw.githubusercontent.com/allanx38/MscRMinerFiles/fa96769632991998dcb0d2e466e016f83494a4e8/Arima/Pred_UpDn_01/Reg/chp5_arima_Reg_Dow_ud.rmp,https://api.github.com/repos/allanx38/MscRMinerFiles/git/blobs/27628386c901987380c39da85e876c0a47a97e85,https://github.com/allanx38/MscRMinerFiles/blob/fa96769632991998dcb0d2e466e016f83494a4e8/Arima/Pred_UpDn_01/Reg/chp5_arima_Reg_Dow_ud.rmp,Arima/Pred_UpDn_01/Reg/chp5_arima_Reg_Dow_ud.rmp,file,,2014-05-17 13:46:04,2014-06-02 14:44:42,allanx38/MscRMinerFiles,read_csv,csv_file,D:\Allan\DropBox\MSc\Dissertation\Thesis\Data\Dow_2000_d.csv
https://github.com/allanx38/MscRMinerFiles/blob/fa96769632991998dcb0d2e466e016f83494a4e8/Arima/Pred_UpDn_01/Reg/chp5_arima_Reg_FTSE_ud.rmp,https://raw.githubusercontent.com/allanx38/MscRMinerFiles/fa96769632991998dcb0d2e466e016f83494a4e8/Arima/Pred_UpDn_01/Reg/chp5_arima_Reg_FTSE_ud.rmp,https://api.github.com/repos/allanx38/MscRMinerFiles/git/blobs/35ff4c3a8f5651acab665c43dedc85e7bfbd0076,https://github.com/allanx38/MscRMinerFiles/blob/fa96769632991998dcb0d2e466e016f83494a4e8/Arima/Pred_UpDn_01/Reg/chp5_arima_Reg_FTSE_ud.rmp,Arima/Pred_UpDn_01/Reg/chp5_arima_Reg_FTSE_ud.rmp,file,,2014-05-17 13:46:04,2014-06-02 14:44:42,allanx38/MscRMinerFiles,read_csv,csv_file,D:\Allan\DropBox\MSc\Dissertation\Thesis\Data\F100_2000_d.csv
https://github.com/allanx38/MscRMinerFiles/blob/fa96769632991998dcb0d2e466e016f83494a4e8/Arima/Pred_UpDn_01/Reg/chp5_arima_Reg_Nik_ud.rmp,https://raw.githubusercontent.com/allanx38/MscRMinerFiles/fa96769632991998dcb0d2e466e016f83494a4e8/Arima/Pred_UpDn_01/Reg/chp5_arima_Reg_Nik_ud.rmp,https://api.github.com/repos/allanx38/MscRMinerFiles/git/blobs/a14dcaf154a7fca8d439b57636159a90e396af75,https://github.com/allanx38/MscRMinerFiles/blob/fa96769632991998dcb0d2e466e016f83494a4e8/Arima/Pred_UpDn_01/Reg/chp5_arima_Reg_Nik_ud.rmp,Arima/Pred_UpDn_01/Reg/chp5_arima_Reg_Nik_ud.rmp,file,,2014-05-17 13:46:04,2014-06-02 14:44:42,allanx38/MscRMinerFiles,read_csv,csv_file,D:\Allan\DropBox\MSc\Dissertation\Thesis\Data\N225_2000_d.csv
https://github.com/allanx38/MscRMinerFiles/blob/fa96769632991998dcb0d2e466e016f83494a4e8/Arima/Pred_UpDn_01/Reg/chp5_arima_Reg_Oz_ud.rmp,https://raw.githubusercontent.com/allanx38/MscRMinerFiles/fa96769632991998dcb0d2e466e016f83494a4e8/Arima/Pred_UpDn_01/Reg/chp5_arima_Reg_Oz_ud.rmp,https://api.github.com/repos/allanx38/MscRMinerFiles/git/blobs/76f4348d2248802676c5a3571dff176843e11940,https://github.com/allanx38/MscRMinerFiles/blob/fa96769632991998dcb0d2e466e016f83494a4e8/Arima/Pred_UpDn_01/Reg/chp5_arima_Reg_Oz_ud.rmp,Arima/Pred_UpDn_01/Reg/chp5_arima_Reg_Oz_ud.rmp,file,,2014-05-17 13:46:04,2014-06-02 14:44:42,allanx38/MscRMinerFiles,read_csv,csv_file,D:\Allan\DropBox\MSc\Dissertation\Thesis\Data\Oz_2000.csv
https://github.com/allanx38/MscRMinerFiles/blob/fa96769632991998dcb0d2e466e016f83494a4e8/Arima/Pred_UpDn_01/knn/chp5_arima_knn_CAC_ud.rmp,https://raw.githubusercontent.com/allanx38/MscRMinerFiles/fa96769632991998dcb0d2e466e016f83494a4e8/Arima/Pred_UpDn_01/knn/chp5_arima_knn_CAC_ud.rmp,https://api.github.com/repos/allanx38/MscRMinerFiles/git/blobs/b11f5d98f9deb8843a4fbe46834a981a603729f8,https://github.com/allanx38/MscRMinerFiles/blob/fa96769632991998dcb0d2e466e016f83494a4e8/Arima/Pred_UpDn_01/knn/chp5_arima_knn_CAC_ud.rmp,Arima/Pred_UpDn_01/knn/chp5_arima_knn_CAC_ud.rmp,file,,2014-05-17 13:46:04,2014-06-02 14:44:42,allanx38/MscRMinerFiles,read_csv,csv_file,D:\Allan\DropBox\MSc\Dissertation\Thesis\Data\CAC_2000_d.csv
https://github.com/allanx38/MscRMinerFiles/blob/fa96769632991998dcb0d2e466e016f83494a4e8/Arima/Pred_UpDn_01/knn/chp5_arima_knn_Dax_ud.rmp,https://raw.githubusercontent.com/allanx38/MscRMinerFiles/fa96769632991998dcb0d2e466e016f83494a4e8/Arima/Pred_UpDn_01/knn/chp5_arima_knn_Dax_ud.rmp,https://api.github.com/repos/allanx38/MscRMinerFiles/git/blobs/3250315f56fe7e685da0a51c8dae72bc4aa0e48b,https://github.com/allanx38/MscRMinerFiles/blob/fa96769632991998dcb0d2e466e016f83494a4e8/Arima/Pred_UpDn_01/knn/chp5_arima_knn_Dax_ud.rmp,Arima/Pred_UpDn_01/knn/chp5_arima_knn_Dax_ud.rmp,file,,2014-05-17 13:46:04,2014-06-02 14:44:42,allanx38/MscRMinerFiles,read_csv,csv_file,D:\Allan\DropBox\MSc\Dissertation\Thesis\Data\Dax_2000_d.csv
https://github.com/allanx38/MscRMinerFiles/blob/fa96769632991998dcb0d2e466e016f83494a4e8/Arima/Pred_UpDn_01/knn/chp5_arima_knn_Dow_ud.rmp,https://raw.githubusercontent.com/allanx38/MscRMinerFiles/fa96769632991998dcb0d2e466e016f83494a4e8/Arima/Pred_UpDn_01/knn/chp5_arima_knn_Dow_ud.rmp,https://api.github.com/repos/allanx38/MscRMinerFiles/git/blobs/cc354e2fac610157e5c419013f98e00146b66866,https://github.com/allanx38/MscRMinerFiles/blob/fa96769632991998dcb0d2e466e016f83494a4e8/Arima/Pred_UpDn_01/knn/chp5_arima_knn_Dow_ud.rmp,Arima/Pred_UpDn_01/knn/chp5_arima_knn_Dow_ud.rmp,file,,2014-05-17 13:46:04,2014-06-02 14:44:42,allanx38/MscRMinerFiles,read_csv,csv_file,D:\Allan\DropBox\MSc\Dissertation\Thesis\Data\Dow_2000_d.csv
https://github.com/allanx38/MscRMinerFiles/blob/fa96769632991998dcb0d2e466e016f83494a4e8/Arima/Pred_UpDn_01/knn/chp5_arima_knn_FTSE_ud.rmp,https://raw.githubusercontent.com/allanx38/MscRMinerFiles/fa96769632991998dcb0d2e466e016f83494a4e8/Arima/Pred_UpDn_01/knn/chp5_arima_knn_FTSE_ud.rmp,https://api.github.com/repos/allanx38/MscRMinerFiles/git/blobs/3561b1426e45a9a7f11a5c5d53a001ed93bee624,https://github.com/allanx38/MscRMinerFiles/blob/fa96769632991998dcb0d2e466e016f83494a4e8/Arima/Pred_UpDn_01/knn/chp5_arima_knn_FTSE_ud.rmp,Arima/Pred_UpDn_01/knn/chp5_arima_knn_FTSE_ud.rmp,file,,2014-05-17 13:46:04,2014-06-02 14:44:42,allanx38/MscRMinerFiles,read_csv,csv_file,D:\Allan\DropBox\MSc\Dissertation\Thesis\Data\F100_2000_d.csv
https://github.com/allanx38/MscRMinerFiles/blob/fa96769632991998dcb0d2e466e016f83494a4e8/Arima/Pred_UpDn_01/knn/chp5_arima_knn_Nik_ud.rmp,https://raw.githubusercontent.com/allanx38/MscRMinerFiles/fa96769632991998dcb0d2e466e016f83494a4e8/Arima/Pred_UpDn_01/knn/chp5_arima_knn_Nik_ud.rmp,https://api.github.com/repos/allanx38/MscRMinerFiles/git/blobs/e65d92c7cc6bf7a2f4dd345fa38460727287f588,https://github.com/allanx38/MscRMinerFiles/blob/fa96769632991998dcb0d2e466e016f83494a4e8/Arima/Pred_UpDn_01/knn/chp5_arima_knn_Nik_ud.rmp,Arima/Pred_UpDn_01/knn/chp5_arima_knn_Nik_ud.rmp,file,,2014-05-17 13:46:04,2014-06-02 14:44:42,allanx38/MscRMinerFiles,read_csv,csv_file,D:\Allan\DropBox\MSc\Dissertation\Thesis\Data\N225_2000_d.csv
https://github.com/allanx38/MscRMinerFiles/blob/fa96769632991998dcb0d2e466e016f83494a4e8/Arima/Pred_UpDn_Categorical/SVM/chp5_arima_SVM_F100_ud_Cat.rmp,https://raw.githubusercontent.com/allanx38/MscRMinerFiles/fa96769632991998dcb0d2e466e016f83494a4e8/Arima/Pred_UpDn_Categorical/SVM/chp5_arima_SVM_F100_ud_Cat.rmp,https://api.github.com/repos/allanx38/MscRMinerFiles/git/blobs/45a284dbbdabaf4267ed357ce4bfce528bc0d14e,https://github.com/allanx38/MscRMinerFiles/blob/fa96769632991998dcb0d2e466e016f83494a4e8/Arima/Pred_UpDn_Categorical/SVM/chp5_arima_SVM_F100_ud_Cat.rmp,Arima/Pred_UpDn_Categorical/SVM/chp5_arima_SVM_F100_ud_Cat.rmp,file,,2014-05-17 13:46:04,2014-06-02 14:44:42,allanx38/MscRMinerFiles,read_csv,csv_file,D:\Allan\DropBox\MSc\Dissertation\Thesis\Data\F100_2000_d_updn.csv
https://github.com/allanx38/MscRMinerFiles/blob/fa96769632991998dcb0d2e466e016f83494a4e8/Arima/Pred_UpDn_Categorical/SVM/chp5_arima_SVM_N225_ud_Cat.rmp,https://raw.githubusercontent.com/allanx38/MscRMinerFiles/fa96769632991998dcb0d2e466e016f83494a4e8/Arima/Pred_UpDn_Categorical/SVM/chp5_arima_SVM_N225_ud_Cat.rmp,https://api.github.com/repos/allanx38/MscRMinerFiles/git/blobs/f266f0b376bd4a67447275832c399c23c8a20d73,https://github.com/allanx38/MscRMinerFiles/blob/fa96769632991998dcb0d2e466e016f83494a4e8/Arima/Pred_UpDn_Categorical/SVM/chp5_arima_SVM_N225_ud_Cat.rmp,Arima/Pred_UpDn_Categorical/SVM/chp5_arima_SVM_N225_ud_Cat.rmp,file,,2014-05-17 13:46:04,2014-06-02 14:44:42,allanx38/MscRMinerFiles,read_csv,csv_file,D:\Allan\DropBox\MSc\Dissertation\Thesis\Data\N225_2000_d.csv
https://github.com/allanx38/MscRMinerFiles/blob/fa96769632991998dcb0d2e466e016f83494a4e8/Arima/Pred_UpDn_01/knn/chp5_arima_knn_Oz_ud.rmp,https://raw.githubusercontent.com/allanx38/MscRMinerFiles/fa96769632991998dcb0d2e466e016f83494a4e8/Arima/Pred_UpDn_01/knn/chp5_arima_knn_Oz_ud.rmp,https://api.github.com/repos/allanx38/MscRMinerFiles/git/blobs/6b35d9d01980e5d7c871536a8cffa2471f757c40,https://github.com/allanx38/MscRMinerFiles/blob/fa96769632991998dcb0d2e466e016f83494a4e8/Arima/Pred_UpDn_01/knn/chp5_arima_knn_Oz_ud.rmp,Arima/Pred_UpDn_01/knn/chp5_arima_knn_Oz_ud.rmp,file,,2014-05-17 13:46:04,2014-06-02 14:44:42,allanx38/MscRMinerFiles,read_csv,csv_file,D:\Allan\DropBox\MSc\Dissertation\Thesis\Data\Oz_2000.csv
https://github.com/allanx38/MscRMinerFiles/blob/fa96769632991998dcb0d2e466e016f83494a4e8/Arima/Pred_UpDn_Categorical/chp5_arima_knn_Dow_ud_Cat.rmp,https://raw.githubusercontent.com/allanx38/MscRMinerFiles/fa96769632991998dcb0d2e466e016f83494a4e8/Arima/Pred_UpDn_Categorical/chp5_arima_knn_Dow_ud_Cat.rmp,https://api.github.com/repos/allanx38/MscRMinerFiles/git/blobs/aa487e6ec1fe04c665528c94af4c60d47e9f7c28,https://github.com/allanx38/MscRMinerFiles/blob/fa96769632991998dcb0d2e466e016f83494a4e8/Arima/Pred_UpDn_Categorical/chp5_arima_knn_Dow_ud_Cat.rmp,Arima/Pred_UpDn_Categorical/chp5_arima_knn_Dow_ud_Cat.rmp,file,,2014-05-17 13:46:04,2014-06-02 14:44:42,allanx38/MscRMinerFiles,read_csv,csv_file,D:\Allan\DropBox\MSc\Dissertation\Thesis\Data\Dow_2000_d.csv
https://github.com/allanx38/MscRMinerFiles/blob/fa96769632991998dcb0d2e466e016f83494a4e8/Arima/Pred_UpDn_Categorical/ANN/chp5_arima_ann_CAC_ud_Cat.rmp,https://raw.githubusercontent.com/allanx38/MscRMinerFiles/fa96769632991998dcb0d2e466e016f83494a4e8/Arima/Pred_UpDn_Categorical/ANN/chp5_arima_ann_CAC_ud_Cat.rmp,https://api.github.com/repos/allanx38/MscRMinerFiles/git/blobs/fc4164cb3330b36e4ea5303a574876153c28bfe1,https://github.com/allanx38/MscRMinerFiles/blob/fa96769632991998dcb0d2e466e016f83494a4e8/Arima/Pred_UpDn_Categorical/ANN/chp5_arima_ann_CAC_ud_Cat.rmp,Arima/Pred_UpDn_Categorical/ANN/chp5_arima_ann_CAC_ud_Cat.rmp,file,,2014-05-17 13:46:04,2014-06-02 14:44:42,allanx38/MscRMinerFiles,read_csv,csv_file,D:\Allan\DropBox\MSc\Dissertation\Thesis\Data\CAC_2000_d.csv
https://github.com/allanx38/MscRMinerFiles/blob/fa96769632991998dcb0d2e466e016f83494a4e8/Arima/Pred_UpDn_Categorical/SVM/chp5_arima_SVM_Dax_ud_Cat.rmp,https://raw.githubusercontent.com/allanx38/MscRMinerFiles/fa96769632991998dcb0d2e466e016f83494a4e8/Arima/Pred_UpDn_Categorical/SVM/chp5_arima_SVM_Dax_ud_Cat.rmp,https://api.github.com/repos/allanx38/MscRMinerFiles/git/blobs/38024f120dd217d9dbce934d92f47a36568a3fac,https://github.com/allanx38/MscRMinerFiles/blob/fa96769632991998dcb0d2e466e016f83494a4e8/Arima/Pred_UpDn_Categorical/SVM/chp5_arima_SVM_Dax_ud_Cat.rmp,Arima/Pred_UpDn_Categorical/SVM/chp5_arima_SVM_Dax_ud_Cat.rmp,file,,2014-05-17 13:46:04,2014-06-02 14:44:42,allanx38/MscRMinerFiles,read_csv,csv_file,D:\Allan\DropBox\MSc\Dissertation\Thesis\Data\Dax_2000_updn.csv
https://github.com/allanx38/MscRMinerFiles/blob/fa96769632991998dcb0d2e466e016f83494a4e8/Arima/Pred_UpDn_Categorical/SVM/chp5_arima_SVM_Dow_ud_Cat.rmp,https://raw.githubusercontent.com/allanx38/MscRMinerFiles/fa96769632991998dcb0d2e466e016f83494a4e8/Arima/Pred_UpDn_Categorical/SVM/chp5_arima_SVM_Dow_ud_Cat.rmp,https://api.github.com/repos/allanx38/MscRMinerFiles/git/blobs/5d0b654f574402c40dc74a73539c7e6a036ac2ec,https://github.com/allanx38/MscRMinerFiles/blob/fa96769632991998dcb0d2e466e016f83494a4e8/Arima/Pred_UpDn_Categorical/SVM/chp5_arima_SVM_Dow_ud_Cat.rmp,Arima/Pred_UpDn_Categorical/SVM/chp5_arima_SVM_Dow_ud_Cat.rmp,file,,2014-05-17 13:46:04,2014-06-02 14:44:42,allanx38/MscRMinerFiles,read_csv,csv_file,D:\Allan\DropBox\MSc\Dissertation\Thesis\Data\Dow_2000_d.csv
https://github.com/allanx38/MscRMinerFiles/blob/fa96769632991998dcb0d2e466e016f83494a4e8/Arima/Pred_UpDn_Categorical/SVM/chp5_arima_SVM_Oz_ud_Cat_2.rmp,https://raw.githubusercontent.com/allanx38/MscRMinerFiles/fa96769632991998dcb0d2e466e016f83494a4e8/Arima/Pred_UpDn_Categorical/SVM/chp5_arima_SVM_Oz_ud_Cat_2.rmp,https://api.github.com/repos/allanx38/MscRMinerFiles/git/blobs/8402867c1b4cde05741a0a985c7c04defd5b8f12,https://github.com/allanx38/MscRMinerFiles/blob/fa96769632991998dcb0d2e466e016f83494a4e8/Arima/Pred_UpDn_Categorical/SVM/chp5_arima_SVM_Oz_ud_Cat_2.rmp,Arima/Pred_UpDn_Categorical/SVM/chp5_arima_SVM_Oz_ud_Cat_2.rmp,file,,2014-05-17 13:46:04,2014-06-02 14:44:42,allanx38/MscRMinerFiles,read_csv,csv_file,D:\Allan\DropBox\MSc\Dissertation\Thesis\Data\Oz_2000_updn.csv
https://github.com/allanx38/MscRMinerFiles/blob/fa96769632991998dcb0d2e466e016f83494a4e8/Arima/Pred_UpDn_Categorical/SVM/chp5_arima_SVM_Oz_ud_Cat.rmp,https://raw.githubusercontent.com/allanx38/MscRMinerFiles/fa96769632991998dcb0d2e466e016f83494a4e8/Arima/Pred_UpDn_Categorical/SVM/chp5_arima_SVM_Oz_ud_Cat.rmp,https://api.github.com/repos/allanx38/MscRMinerFiles/git/blobs/81b91cdfa4879ba0e79d690ba216919817ec0a70,https://github.com/allanx38/MscRMinerFiles/blob/fa96769632991998dcb0d2e466e016f83494a4e8/Arima/Pred_UpDn_Categorical/SVM/chp5_arima_SVM_Oz_ud_Cat.rmp,Arima/Pred_UpDn_Categorical/SVM/chp5_arima_SVM_Oz_ud_Cat.rmp,file,,2014-05-17 13:46:04,2014-06-02 14:44:42,allanx38/MscRMinerFiles,read_csv,csv_file,D:\Allan\DropBox\MSc\Dissertation\Thesis\Data\Oz_2000_updn.csv
https://github.com/allanx38/MscRMinerFiles/blob/fa96769632991998dcb0d2e466e016f83494a4e8/Arima/Pred_UpDn_Categorical/knn/chp5_arima_knn_CAC_ud_Cat.rmp,https://raw.githubusercontent.com/allanx38/MscRMinerFiles/fa96769632991998dcb0d2e466e016f83494a4e8/Arima/Pred_UpDn_Categorical/knn/chp5_arima_knn_CAC_ud_Cat.rmp,https://api.github.com/repos/allanx38/MscRMinerFiles/git/blobs/7231aba8eb5659060b11147d6cbb6d4a67ccb7bb,https://github.com/allanx38/MscRMinerFiles/blob/fa96769632991998dcb0d2e466e016f83494a4e8/Arima/Pred_UpDn_Categorical/knn/chp5_arima_knn_CAC_ud_Cat.rmp,Arima/Pred_UpDn_Categorical/knn/chp5_arima_knn_CAC_ud_Cat.rmp,file,,2014-05-17 13:46:04,2014-06-02 14:44:42,allanx38/MscRMinerFiles,read_csv,csv_file,D:\Allan\DropBox\MSc\Dissertation\Thesis\Data\CAC_2000_d.csv
https://github.com/allanx38/MscRMinerFiles/blob/fa96769632991998dcb0d2e466e016f83494a4e8/Arima/Pred_UpDn_Categorical/knn/chp5_arima_knn_Dax_ud_Cat.rmp,https://raw.githubusercontent.com/allanx38/MscRMinerFiles/fa96769632991998dcb0d2e466e016f83494a4e8/Arima/Pred_UpDn_Categorical/knn/chp5_arima_knn_Dax_ud_Cat.rmp,https://api.github.com/repos/allanx38/MscRMinerFiles/git/blobs/03d5003c85947943f1ea197c10b07c3597348f16,https://github.com/allanx38/MscRMinerFiles/blob/fa96769632991998dcb0d2e466e016f83494a4e8/Arima/Pred_UpDn_Categorical/knn/chp5_arima_knn_Dax_ud_Cat.rmp,Arima/Pred_UpDn_Categorical/knn/chp5_arima_knn_Dax_ud_Cat.rmp,file,,2014-05-17 13:46:04,2014-06-02 14:44:42,allanx38/MscRMinerFiles,read_csv,csv_file,D:\Allan\DropBox\MSc\Dissertation\Thesis\Data\Dax_2000_d.csv
https://github.com/allanx38/MscRMinerFiles/blob/fa96769632991998dcb0d2e466e016f83494a4e8/Arima/Pred_UpDn_Categorical/ANN/chp5_arima_ann_Dax_ud_Cat.rmp,https://raw.githubusercontent.com/allanx38/MscRMinerFiles/fa96769632991998dcb0d2e466e016f83494a4e8/Arima/Pred_UpDn_Categorical/ANN/chp5_arima_ann_Dax_ud_Cat.rmp,https://api.github.com/repos/allanx38/MscRMinerFiles/git/blobs/5078da43811b0b2a8cf179af24fa735c69a8c97d,https://github.com/allanx38/MscRMinerFiles/blob/fa96769632991998dcb0d2e466e016f83494a4e8/Arima/Pred_UpDn_Categorical/ANN/chp5_arima_ann_Dax_ud_Cat.rmp,Arima/Pred_UpDn_Categorical/ANN/chp5_arima_ann_Dax_ud_Cat.rmp,file,,2014-05-17 13:46:04,2014-06-02 14:44:42,allanx38/MscRMinerFiles,read_csv,csv_file,D:\Allan\DropBox\MSc\Dissertation\Thesis\Data\Dax_2000_d.csv
https://github.com/allanx38/MscRMinerFiles/blob/fa96769632991998dcb0d2e466e016f83494a4e8/Arima/Pred_UpDn_Categorical/ANN/chp5_arima_ann_Dax_ud_Cat_2.rmp,https://raw.githubusercontent.com/allanx38/MscRMinerFiles/fa96769632991998dcb0d2e466e016f83494a4e8/Arima/Pred_UpDn_Categorical/ANN/chp5_arima_ann_Dax_ud_Cat_2.rmp,https://api.github.com/repos/allanx38/MscRMinerFiles/git/blobs/047ef4bd395eeeb496331e192049968538ec7588,https://github.com/allanx38/MscRMinerFiles/blob/fa96769632991998dcb0d2e466e016f83494a4e8/Arima/Pred_UpDn_Categorical/ANN/chp5_arima_ann_Dax_ud_Cat_2.rmp,Arima/Pred_UpDn_Categorical/ANN/chp5_arima_ann_Dax_ud_Cat_2.rmp,file,,2014-05-17 13:46:04,2014-06-02 14:44:42,allanx38/MscRMinerFiles,read_csv,csv_file,D:\Allan\DropBox\MSc\Dissertation\Thesis\Data\Dax_2000_d.csv
https://github.com/allanx38/MscRMinerFiles/blob/fa96769632991998dcb0d2e466e016f83494a4e8/Arima/Pred_UpDn_Categorical/ANN/chp5_arima_ann_Dow_ud_Cat.rmp,https://raw.githubusercontent.com/allanx38/MscRMinerFiles/fa96769632991998dcb0d2e466e016f83494a4e8/Arima/Pred_UpDn_Categorical/ANN/chp5_arima_ann_Dow_ud_Cat.rmp,https://api.github.com/repos/allanx38/MscRMinerFiles/git/blobs/5ac0d50b7b95d6d81231038c209738c9f70640bc,https://github.com/allanx38/MscRMinerFiles/blob/fa96769632991998dcb0d2e466e016f83494a4e8/Arima/Pred_UpDn_Categorical/ANN/chp5_arima_ann_Dow_ud_Cat.rmp,Arima/Pred_UpDn_Categorical/ANN/chp5_arima_ann_Dow_ud_Cat.rmp,file,,2014-05-17 13:46:04,2014-06-02 14:44:42,allanx38/MscRMinerFiles,read_csv,csv_file,D:\Allan\DropBox\MSc\Dissertation\Thesis\Data\Dow_2000_d.csv
https://github.com/allanx38/MscRMinerFiles/blob/fa96769632991998dcb0d2e466e016f83494a4e8/Arima/Pred_UpDn_Categorical/ANN/chp5_arima_ann_FTSE_ud_Cat.rmp,https://raw.githubusercontent.com/allanx38/MscRMinerFiles/fa96769632991998dcb0d2e466e016f83494a4e8/Arima/Pred_UpDn_Categorical/ANN/chp5_arima_ann_FTSE_ud_Cat.rmp,https://api.github.com/repos/allanx38/MscRMinerFiles/git/blobs/1f163c2715b28a637eba8221f070a913c4f1a625,https://github.com/allanx38/MscRMinerFiles/blob/fa96769632991998dcb0d2e466e016f83494a4e8/Arima/Pred_UpDn_Categorical/ANN/chp5_arima_ann_FTSE_ud_Cat.rmp,Arima/Pred_UpDn_Categorical/ANN/chp5_arima_ann_FTSE_ud_Cat.rmp,file,,2014-05-17 13:46:04,2014-06-02 14:44:42,allanx38/MscRMinerFiles,read_csv,csv_file,D:\Allan\DropBox\MSc\Dissertation\Thesis\Data\F100_2000_d.csv
https://github.com/allanx38/MscRMinerFiles/blob/fa96769632991998dcb0d2e466e016f83494a4e8/Arima/Pred_UpDn_Categorical/ANN/chp5_arima_ann_Nik_ud_Cat.rmp,https://raw.githubusercontent.com/allanx38/MscRMinerFiles/fa96769632991998dcb0d2e466e016f83494a4e8/Arima/Pred_UpDn_Categorical/ANN/chp5_arima_ann_Nik_ud_Cat.rmp,https://api.github.com/repos/allanx38/MscRMinerFiles/git/blobs/f69dfe1738f0e73ee8966b6295ceb16d24402489,https://github.com/allanx38/MscRMinerFiles/blob/fa96769632991998dcb0d2e466e016f83494a4e8/Arima/Pred_UpDn_Categorical/ANN/chp5_arima_ann_Nik_ud_Cat.rmp,Arima/Pred_UpDn_Categorical/ANN/chp5_arima_ann_Nik_ud_Cat.rmp,file,,2014-05-17 13:46:04,2014-06-02 14:44:42,allanx38/MscRMinerFiles,read_csv,csv_file,D:\Allan\DropBox\MSc\Dissertation\Thesis\Data\N225_2000_d.csv
https://github.com/allanx38/MscRMinerFiles/blob/fa96769632991998dcb0d2e466e016f83494a4e8/Arima/Pred_UpDn_Categorical/ANN/chp5_arima_ann_Oz_ud_Cat.rmp,https://raw.githubusercontent.com/allanx38/MscRMinerFiles/fa96769632991998dcb0d2e466e016f83494a4e8/Arima/Pred_UpDn_Categorical/ANN/chp5_arima_ann_Oz_ud_Cat.rmp,https://api.github.com/repos/allanx38/MscRMinerFiles/git/blobs/4ac49404c69ab315f2f856446f75d2a10866db0b,https://github.com/allanx38/MscRMinerFiles/blob/fa96769632991998dcb0d2e466e016f83494a4e8/Arima/Pred_UpDn_Categorical/ANN/chp5_arima_ann_Oz_ud_Cat.rmp,Arima/Pred_UpDn_Categorical/ANN/chp5_arima_ann_Oz_ud_Cat.rmp,file,,2014-05-17 13:46:04,2014-06-02 14:44:42,allanx38/MscRMinerFiles,read_csv,csv_file,D:\Allan\DropBox\MSc\Dissertation\Thesis\Data\Oz_2000.csv
https://github.com/allanx38/MscRMinerFiles/blob/fa96769632991998dcb0d2e466e016f83494a4e8/Arima/Pred_UpDn_Categorical/ANN/tt/chp5_arima_ann_Dax_ud_Cat_tt.rmp,https://raw.githubusercontent.com/allanx38/MscRMinerFiles/fa96769632991998dcb0d2e466e016f83494a4e8/Arima/Pred_UpDn_Categorical/ANN/tt/chp5_arima_ann_Dax_ud_Cat_tt.rmp,https://api.github.com/repos/allanx38/MscRMinerFiles/git/blobs/2ec30b25e7112ab9f7db766e62487efd901f810e,https://github.com/allanx38/MscRMinerFiles/blob/fa96769632991998dcb0d2e466e016f83494a4e8/Arima/Pred_UpDn_Categorical/ANN/tt/chp5_arima_ann_Dax_ud_Cat_tt.rmp,Arima/Pred_UpDn_Categorical/ANN/tt/chp5_arima_ann_Dax_ud_Cat_tt.rmp,file,,2014-05-17 13:46:04,2014-06-02 14:44:42,allanx38/MscRMinerFiles,read_csv,csv_file,D:\Allan\DropBox\MSc\Dissertation\Thesis\Data\Dax_2000_d_train.csv
https://github.com/allanx38/MscRMinerFiles/blob/fa96769632991998dcb0d2e466e016f83494a4e8/Arima/Predict%20Close%20Price/pred_close_ar_ann/chp5_arima_ann_CAC.rmp,https://raw.githubusercontent.com/allanx38/MscRMinerFiles/fa96769632991998dcb0d2e466e016f83494a4e8/Arima/Predict%20Close%20Price/pred_close_ar_ann/chp5_arima_ann_CAC.rmp,https://api.github.com/repos/allanx38/MscRMinerFiles/git/blobs/3402449c58292173c49cae6deb923accda4c2d51,https://github.com/allanx38/MscRMinerFiles/blob/fa96769632991998dcb0d2e466e016f83494a4e8/Arima/Predict%20Close%20Price/pred_close_ar_ann/chp5_arima_ann_CAC.rmp,Arima/Predict Close Price/pred_close_ar_ann/chp5_arima_ann_CAC.rmp,file,,2014-05-17 13:46:04,2014-06-02 14:44:42,allanx38/MscRMinerFiles,read_csv,csv_file,D:\Allan\DropBox\MSc\Dissertation\Thesis\Data\CAC_2000_d.csv
https://github.com/allanx38/MscRMinerFiles/blob/fa96769632991998dcb0d2e466e016f83494a4e8/Arima/Predict%20Close%20Price/pred_close_ar_ann/chp5_arima_ann_DAX.rmp,https://raw.githubusercontent.com/allanx38/MscRMinerFiles/fa96769632991998dcb0d2e466e016f83494a4e8/Arima/Predict%20Close%20Price/pred_close_ar_ann/chp5_arima_ann_DAX.rmp,https://api.github.com/repos/allanx38/MscRMinerFiles/git/blobs/1f7da6a1e9eaecf728388798361260d131497ace,https://github.com/allanx38/MscRMinerFiles/blob/fa96769632991998dcb0d2e466e016f83494a4e8/Arima/Predict%20Close%20Price/pred_close_ar_ann/chp5_arima_ann_DAX.rmp,Arima/Predict Close Price/pred_close_ar_ann/chp5_arima_ann_DAX.rmp,file,,2014-05-17 13:46:04,2014-06-02 14:44:42,allanx38/MscRMinerFiles,read_csv,csv_file,D:\Allan\DropBox\MSc\Dissertation\Thesis\Data\Dax_2000_d.csv
https://github.com/allanx38/MscRMinerFiles/blob/fa96769632991998dcb0d2e466e016f83494a4e8/Arima/Predict%20Close%20Price/pred_close_ar_ann/chp5_arima_ann_DOW.rmp,https://raw.githubusercontent.com/allanx38/MscRMinerFiles/fa96769632991998dcb0d2e466e016f83494a4e8/Arima/Predict%20Close%20Price/pred_close_ar_ann/chp5_arima_ann_DOW.rmp,https://api.github.com/repos/allanx38/MscRMinerFiles/git/blobs/ee6fceff880cd9399967539ab593e96d83b587a4,https://github.com/allanx38/MscRMinerFiles/blob/fa96769632991998dcb0d2e466e016f83494a4e8/Arima/Predict%20Close%20Price/pred_close_ar_ann/chp5_arima_ann_DOW.rmp,Arima/Predict Close Price/pred_close_ar_ann/chp5_arima_ann_DOW.rmp,file,,2014-05-17 13:46:04,2014-06-02 14:44:42,allanx38/MscRMinerFiles,read_csv,csv_file,D:\Allan\DropBox\MSc\Dissertation\Thesis\Data\Dow_2000_d.csv
https://github.com/allanx38/MscRMinerFiles/blob/fa96769632991998dcb0d2e466e016f83494a4e8/Arima/Predict%20Close%20Price/pred_close_ar_ann/chp5_arima_ann_F100.rmp,https://raw.githubusercontent.com/allanx38/MscRMinerFiles/fa96769632991998dcb0d2e466e016f83494a4e8/Arima/Predict%20Close%20Price/pred_close_ar_ann/chp5_arima_ann_F100.rmp,https://api.github.com/repos/allanx38/MscRMinerFiles/git/blobs/38921c776bbe2a7ca5f79649f94791db0d52cb65,https://github.com/allanx38/MscRMinerFiles/blob/fa96769632991998dcb0d2e466e016f83494a4e8/Arima/Predict%20Close%20Price/pred_close_ar_ann/chp5_arima_ann_F100.rmp,Arima/Predict Close Price/pred_close_ar_ann/chp5_arima_ann_F100.rmp,file,,2014-05-17 13:46:04,2014-06-02 14:44:42,allanx38/MscRMinerFiles,read_csv,csv_file,D:\Allan\DropBox\MSc\Dissertation\Thesis\Data\F100_2000_d.csv
https://github.com/allanx38/MscRMinerFiles/blob/fa96769632991998dcb0d2e466e016f83494a4e8/Arima/Predict%20Close%20Price/pred_close_ar_ann/chp5_arima_ann_NIK.rmp,https://raw.githubusercontent.com/allanx38/MscRMinerFiles/fa96769632991998dcb0d2e466e016f83494a4e8/Arima/Predict%20Close%20Price/pred_close_ar_ann/chp5_arima_ann_NIK.rmp,https://api.github.com/repos/allanx38/MscRMinerFiles/git/blobs/cc16e4b89009db7ab984bfad09f829fcdba3aa25,https://github.com/allanx38/MscRMinerFiles/blob/fa96769632991998dcb0d2e466e016f83494a4e8/Arima/Predict%20Close%20Price/pred_close_ar_ann/chp5_arima_ann_NIK.rmp,Arima/Predict Close Price/pred_close_ar_ann/chp5_arima_ann_NIK.rmp,file,,2014-05-17 13:46:04,2014-06-02 14:44:42,allanx38/MscRMinerFiles,read_csv,csv_file,D:\Allan\DropBox\MSc\Dissertation\Thesis\Data\N225_2000_d.csv
https://github.com/allanx38/MscRMinerFiles/blob/fa96769632991998dcb0d2e466e016f83494a4e8/Arima/Predict%20Close%20Price/pred_close_ar_ann/chp5_arima_ann_Oz.rmp,https://raw.githubusercontent.com/allanx38/MscRMinerFiles/fa96769632991998dcb0d2e466e016f83494a4e8/Arima/Predict%20Close%20Price/pred_close_ar_ann/chp5_arima_ann_Oz.rmp,https://api.github.com/repos/allanx38/MscRMinerFiles/git/blobs/7dd4799c707961a5dbbe76684148a127e127b47f,https://github.com/allanx38/MscRMinerFiles/blob/fa96769632991998dcb0d2e466e016f83494a4e8/Arima/Predict%20Close%20Price/pred_close_ar_ann/chp5_arima_ann_Oz.rmp,Arima/Predict Close Price/pred_close_ar_ann/chp5_arima_ann_Oz.rmp,file,,2014-05-17 13:46:04,2014-06-02 14:44:42,allanx38/MscRMinerFiles,read_csv,csv_file,D:\Allan\DropBox\MSc\Dissertation\Thesis\Data\Oz_2000.csv
https://github.com/allanx38/MscRMinerFiles/blob/fa96769632991998dcb0d2e466e016f83494a4e8/Arima/Predict%20Close%20Price/pred_close_ar_knn/chp5_arima_knn_CAC.rmp,https://raw.githubusercontent.com/allanx38/MscRMinerFiles/fa96769632991998dcb0d2e466e016f83494a4e8/Arima/Predict%20Close%20Price/pred_close_ar_knn/chp5_arima_knn_CAC.rmp,https://api.github.com/repos/allanx38/MscRMinerFiles/git/blobs/976e36f0d778f35c41ac7fb9b1a5818a4f42551a,https://github.com/allanx38/MscRMinerFiles/blob/fa96769632991998dcb0d2e466e016f83494a4e8/Arima/Predict%20Close%20Price/pred_close_ar_knn/chp5_arima_knn_CAC.rmp,Arima/Predict Close Price/pred_close_ar_knn/chp5_arima_knn_CAC.rmp,file,,2014-05-17 13:46:04,2014-06-02 14:44:42,allanx38/MscRMinerFiles,read_csv,csv_file,D:\Allan\DropBox\MSc\Dissertation\Thesis\Data\CAC_2000_d.csv
https://github.com/allanx38/MscRMinerFiles/blob/fa96769632991998dcb0d2e466e016f83494a4e8/Arima/Predict%20Close%20Price/pred_close_ar_knn/chp5_arima_knn_Dax.rmp,https://raw.githubusercontent.com/allanx38/MscRMinerFiles/fa96769632991998dcb0d2e466e016f83494a4e8/Arima/Predict%20Close%20Price/pred_close_ar_knn/chp5_arima_knn_Dax.rmp,https://api.github.com/repos/allanx38/MscRMinerFiles/git/blobs/be62de21994518a16ff87567a69db40d30450f0e,https://github.com/allanx38/MscRMinerFiles/blob/fa96769632991998dcb0d2e466e016f83494a4e8/Arima/Predict%20Close%20Price/pred_close_ar_knn/chp5_arima_knn_Dax.rmp,Arima/Predict Close Price/pred_close_ar_knn/chp5_arima_knn_Dax.rmp,file,,2014-05-17 13:46:04,2014-06-02 14:44:42,allanx38/MscRMinerFiles,read_csv,csv_file,D:\Allan\DropBox\MSc\Dissertation\Thesis\Data\Dax_2000_d.csv
https://github.com/allanx38/MscRMinerFiles/blob/fa96769632991998dcb0d2e466e016f83494a4e8/Arima/Predict%20Close%20Price/pred_close_ar_knn/chp5_arima_knn_Dow.rmp,https://raw.githubusercontent.com/allanx38/MscRMinerFiles/fa96769632991998dcb0d2e466e016f83494a4e8/Arima/Predict%20Close%20Price/pred_close_ar_knn/chp5_arima_knn_Dow.rmp,https://api.github.com/repos/allanx38/MscRMinerFiles/git/blobs/4212c805b0b1fc5752093cdc54e4ecc475e0b33e,https://github.com/allanx38/MscRMinerFiles/blob/fa96769632991998dcb0d2e466e016f83494a4e8/Arima/Predict%20Close%20Price/pred_close_ar_knn/chp5_arima_knn_Dow.rmp,Arima/Predict Close Price/pred_close_ar_knn/chp5_arima_knn_Dow.rmp,file,,2014-05-17 13:46:04,2014-06-02 14:44:42,allanx38/MscRMinerFiles,read_csv,csv_file,D:\Allan\DropBox\MSc\Dissertation\Thesis\Data\Dow_2000_d.csv
https://github.com/allanx38/MscRMinerFiles/blob/fa96769632991998dcb0d2e466e016f83494a4e8/Arima/Predict%20Close%20Price/pred_close_ar_knn/chp5_arima_knn_FTSE.rmp,https://raw.githubusercontent.com/allanx38/MscRMinerFiles/fa96769632991998dcb0d2e466e016f83494a4e8/Arima/Predict%20Close%20Price/pred_close_ar_knn/chp5_arima_knn_FTSE.rmp,https://api.github.com/repos/allanx38/MscRMinerFiles/git/blobs/3fb8b49752b1c2b1ba2e4021b85017bb6a30a78f,https://github.com/allanx38/MscRMinerFiles/blob/fa96769632991998dcb0d2e466e016f83494a4e8/Arima/Predict%20Close%20Price/pred_close_ar_knn/chp5_arima_knn_FTSE.rmp,Arima/Predict Close Price/pred_close_ar_knn/chp5_arima_knn_FTSE.rmp,file,,2014-05-17 13:46:04,2014-06-02 14:44:42,allanx38/MscRMinerFiles,read_csv,csv_file,D:\Allan\DropBox\MSc\Dissertation\Thesis\Data\F100_2000_d.csv
https://github.com/allanx38/MscRMinerFiles/blob/fa96769632991998dcb0d2e466e016f83494a4e8/Arima/Predict%20Close%20Price/pred_close_ar_knn/chp5_arima_knn_Nik.rmp,https://raw.githubusercontent.com/allanx38/MscRMinerFiles/fa96769632991998dcb0d2e466e016f83494a4e8/Arima/Predict%20Close%20Price/pred_close_ar_knn/chp5_arima_knn_Nik.rmp,https://api.github.com/repos/allanx38/MscRMinerFiles/git/blobs/570444c7a18d57dd77492bc36da35d60bd831dd1,https://github.com/allanx38/MscRMinerFiles/blob/fa96769632991998dcb0d2e466e016f83494a4e8/Arima/Predict%20Close%20Price/pred_close_ar_knn/chp5_arima_knn_Nik.rmp,Arima/Predict Close Price/pred_close_ar_knn/chp5_arima_knn_Nik.rmp,file,,2014-05-17 13:46:04,2014-06-02 14:44:42,allanx38/MscRMinerFiles,read_csv,csv_file,D:\Allan\DropBox\MSc\Dissertation\Thesis\Data\N225_2000_d.csv
https://github.com/allanx38/MscRMinerFiles/blob/fa96769632991998dcb0d2e466e016f83494a4e8/Arima/Predict%20Close%20Price/pred_close_ar_knn/chp5_arima_knn_Oz.rmp,https://raw.githubusercontent.com/allanx38/MscRMinerFiles/fa96769632991998dcb0d2e466e016f83494a4e8/Arima/Predict%20Close%20Price/pred_close_ar_knn/chp5_arima_knn_Oz.rmp,https://api.github.com/repos/allanx38/MscRMinerFiles/git/blobs/d7062ceb7860c13773a099b20f23d9785ae2688b,https://github.com/allanx38/MscRMinerFiles/blob/fa96769632991998dcb0d2e466e016f83494a4e8/Arima/Predict%20Close%20Price/pred_close_ar_knn/chp5_arima_knn_Oz.rmp,Arima/Predict Close Price/pred_close_ar_knn/chp5_arima_knn_Oz.rmp,file,,2014-05-17 13:46:04,2014-06-02 14:44:42,allanx38/MscRMinerFiles,read_csv,csv_file,D:\Allan\DropBox\MSc\Dissertation\Thesis\Data\Oz_2000.csv
https://github.com/allanx38/MscRMinerFiles/blob/fa96769632991998dcb0d2e466e016f83494a4e8/Arima/Pred_UpDn_Categorical/knn/chp5_arima_knn_Dow_ud_Cat.rmp,https://raw.githubusercontent.com/allanx38/MscRMinerFiles/fa96769632991998dcb0d2e466e016f83494a4e8/Arima/Pred_UpDn_Categorical/knn/chp5_arima_knn_Dow_ud_Cat.rmp,https://api.github.com/repos/allanx38/MscRMinerFiles/git/blobs/91baf4c4d775e4bed0ca6bb132a758eabc5d2add,https://github.com/allanx38/MscRMinerFiles/blob/fa96769632991998dcb0d2e466e016f83494a4e8/Arima/Pred_UpDn_Categorical/knn/chp5_arima_knn_Dow_ud_Cat.rmp,Arima/Pred_UpDn_Categorical/knn/chp5_arima_knn_Dow_ud_Cat.rmp,file,,2014-05-17 13:46:04,2014-06-02 14:44:42,allanx38/MscRMinerFiles,read_csv,csv_file,D:\Allan\DropBox\MSc\Dissertation\Thesis\Data\Dow_2000_d.csv
https://github.com/allanx38/MscRMinerFiles/blob/fa96769632991998dcb0d2e466e016f83494a4e8/Arima/Pred_UpDn_Categorical/knn/chp5_arima_knn_F100_ud_Cat.rmp,https://raw.githubusercontent.com/allanx38/MscRMinerFiles/fa96769632991998dcb0d2e466e016f83494a4e8/Arima/Pred_UpDn_Categorical/knn/chp5_arima_knn_F100_ud_Cat.rmp,https://api.github.com/repos/allanx38/MscRMinerFiles/git/blobs/895f3018e4e27f5bb58be25dbf269be110cb7f0c,https://github.com/allanx38/MscRMinerFiles/blob/fa96769632991998dcb0d2e466e016f83494a4e8/Arima/Pred_UpDn_Categorical/knn/chp5_arima_knn_F100_ud_Cat.rmp,Arima/Pred_UpDn_Categorical/knn/chp5_arima_knn_F100_ud_Cat.rmp,file,,2014-05-17 13:46:04,2014-06-02 14:44:42,allanx38/MscRMinerFiles,read_csv,csv_file,D:\Allan\DropBox\MSc\Dissertation\Thesis\Data\F100_2000_d.csv
https://github.com/allanx38/MscRMinerFiles/blob/fa96769632991998dcb0d2e466e016f83494a4e8/Arima/Pred_UpDn_Categorical/knn/chp5_arima_knn_Nik_ud_Cat.rmp,https://raw.githubusercontent.com/allanx38/MscRMinerFiles/fa96769632991998dcb0d2e466e016f83494a4e8/Arima/Pred_UpDn_Categorical/knn/chp5_arima_knn_Nik_ud_Cat.rmp,https://api.github.com/repos/allanx38/MscRMinerFiles/git/blobs/79d08aebb2c5a468b7c43a2caac007c06851efe4,https://github.com/allanx38/MscRMinerFiles/blob/fa96769632991998dcb0d2e466e016f83494a4e8/Arima/Pred_UpDn_Categorical/knn/chp5_arima_knn_Nik_ud_Cat.rmp,Arima/Pred_UpDn_Categorical/knn/chp5_arima_knn_Nik_ud_Cat.rmp,file,,2014-05-17 13:46:04,2014-06-02 14:44:42,allanx38/MscRMinerFiles,read_csv,csv_file,D:\Allan\DropBox\MSc\Dissertation\Thesis\Data\N225_2000_d.csv
https://github.com/allanx38/MscRMinerFiles/blob/fa96769632991998dcb0d2e466e016f83494a4e8/Arima/Pred_UpDn_Categorical/knn/chp5_arima_knn_Oz_ud_Cat.rmp,https://raw.githubusercontent.com/allanx38/MscRMinerFiles/fa96769632991998dcb0d2e466e016f83494a4e8/Arima/Pred_UpDn_Categorical/knn/chp5_arima_knn_Oz_ud_Cat.rmp,https://api.github.com/repos/allanx38/MscRMinerFiles/git/blobs/87707e98aed2757b50f856b5d5c17af4fdc1245e,https://github.com/allanx38/MscRMinerFiles/blob/fa96769632991998dcb0d2e466e016f83494a4e8/Arima/Pred_UpDn_Categorical/knn/chp5_arima_knn_Oz_ud_Cat.rmp,Arima/Pred_UpDn_Categorical/knn/chp5_arima_knn_Oz_ud_Cat.rmp,file,,2014-05-17 13:46:04,2014-06-02 14:44:42,allanx38/MscRMinerFiles,read_csv,csv_file,D:\Allan\DropBox\MSc\Dissertation\Thesis\Data\Oz_2000.csv
https://github.com/allanx38/MscRMinerFiles/blob/fa96769632991998dcb0d2e466e016f83494a4e8/Arima/lect5-ARIMA-Cosine.rmp,https://raw.githubusercontent.com/allanx38/MscRMinerFiles/fa96769632991998dcb0d2e466e016f83494a4e8/Arima/lect5-ARIMA-Cosine.rmp,https://api.github.com/repos/allanx38/MscRMinerFiles/git/blobs/ca6b0cd1561db9356c815a2d5009b02ab090adc6,https://github.com/allanx38/MscRMinerFiles/blob/fa96769632991998dcb0d2e466e016f83494a4e8/Arima/lect5-ARIMA-Cosine.rmp,Arima/lect5-ARIMA-Cosine.rmp,file,,2014-05-17 13:46:04,2014-06-02 14:44:42,allanx38/MscRMinerFiles,read_csv,csv_file,D:\Allan\DropBox\MSc\Dissertation\Thesis\Data\Dax_2000_updn.csv
https://github.com/allanx38/MscRMinerFiles/blob/fa96769632991998dcb0d2e466e016f83494a4e8/Arima/pred_updn_01/chp5_arima_SVM_Oz_ud.rmp,https://raw.githubusercontent.com/allanx38/MscRMinerFiles/fa96769632991998dcb0d2e466e016f83494a4e8/Arima/pred_updn_01/chp5_arima_SVM_Oz_ud.rmp,https://api.github.com/repos/allanx38/MscRMinerFiles/git/blobs/f172e61e14f3c25566bd4d3f65550fee8164c92b,https://github.com/allanx38/MscRMinerFiles/blob/fa96769632991998dcb0d2e466e016f83494a4e8/Arima/pred_updn_01/chp5_arima_SVM_Oz_ud.rmp,Arima/pred_updn_01/chp5_arima_SVM_Oz_ud.rmp,file,,2014-05-17 13:46:04,2014-06-02 14:44:42,allanx38/MscRMinerFiles,read_csv,csv_file,D:\Allan\DropBox\MSc\Dissertation\Thesis\Data\Oz_2000.csv
https://github.com/dice89/master-thesis/blob/57820eac12fcb816c594ae14412d74bb737a4bc4/RapidminerRepo/oacode_lof_new.rmp,https://raw.githubusercontent.com/dice89/master-thesis/57820eac12fcb816c594ae14412d74bb737a4bc4/RapidminerRepo/oacode_lof_new.rmp,https://api.github.com/repos/dice89/master-thesis/git/blobs/e389367c4bda20b203ec6a4650a0aa558b9aa0ed,https://github.com/dice89/master-thesis/blob/57820eac12fcb816c594ae14412d74bb737a4bc4/RapidminerRepo/oacode_lof_new.rmp,RapidminerRepo/oacode_lof_new.rmp,file,Groff,2014-11-18 10:50:24,2015-04-29 22:24:48,dice89/master-thesis,read_csv,csv_file,/Users/mueller/Documents/master-thesis/ontologymatcher/matchings/cmt-conference_raw_matchings.csv
https://github.com/dice89/master-thesis/blob/57820eac12fcb816c594ae14412d74bb737a4bc4/RapidminerRepo/oacode_loop.rmp,https://raw.githubusercontent.com/dice89/master-thesis/57820eac12fcb816c594ae14412d74bb737a4bc4/RapidminerRepo/oacode_loop.rmp,https://api.github.com/repos/dice89/master-thesis/git/blobs/9ec6a3bfcd19eff600103c9d17a3969c1abbef21,https://github.com/dice89/master-thesis/blob/57820eac12fcb816c594ae14412d74bb737a4bc4/RapidminerRepo/oacode_loop.rmp,RapidminerRepo/oacode_loop.rmp,file,Groff,2014-11-18 10:50:24,2015-04-29 22:24:48,dice89/master-thesis,read_csv,csv_file,/Users/mueller/Documents/master-thesis/ontologymatcher/matchings/confOf-edas_raw_matchings.csv
https://github.com/dice89/master-thesis/blob/57820eac12fcb816c594ae14412d74bb737a4bc4/RapidminerRepo/oacode_loop_2_test.rmp,https://raw.githubusercontent.com/dice89/master-thesis/57820eac12fcb816c594ae14412d74bb737a4bc4/RapidminerRepo/oacode_loop_2_test.rmp,https://api.github.com/repos/dice89/master-thesis/git/blobs/dcb1a30a63359e00a949a30cedfebe579773849d,https://github.com/dice89/master-thesis/blob/57820eac12fcb816c594ae14412d74bb737a4bc4/RapidminerRepo/oacode_loop_2_test.rmp,RapidminerRepo/oacode_loop_2_test.rmp,file,Groff,2014-11-18 10:50:24,2015-04-29 22:24:48,dice89/master-thesis,read_csv,csv_file,/Users/mueller/Documents/master-thesis/ontologymatcher/matchings/cmt-conference_raw_matchings.csv
https://github.com/dice89/master-thesis/blob/57820eac12fcb816c594ae14412d74bb737a4bc4/RapidminerRepo/oacode_loop_2.rmp,https://raw.githubusercontent.com/dice89/master-thesis/57820eac12fcb816c594ae14412d74bb737a4bc4/RapidminerRepo/oacode_loop_2.rmp,https://api.github.com/repos/dice89/master-thesis/git/blobs/f911686792e566437978fc03cfa60ee2f67cbb76,https://github.com/dice89/master-thesis/blob/57820eac12fcb816c594ae14412d74bb737a4bc4/RapidminerRepo/oacode_loop_2.rmp,RapidminerRepo/oacode_loop_2.rmp,file,Groff,2014-11-18 10:50:24,2015-04-29 22:24:48,dice89/master-thesis,read_csv,csv_file,/Users/mueller/Documents/master-thesis/ontologymatcher/matchings/cmt-conference_raw_matchings.csv
https://github.com/dice89/master-thesis/blob/57820eac12fcb816c594ae14412d74bb737a4bc4/RapidminerRepo/oacode_loci.rmp,https://raw.githubusercontent.com/dice89/master-thesis/57820eac12fcb816c594ae14412d74bb737a4bc4/RapidminerRepo/oacode_loci.rmp,https://api.github.com/repos/dice89/master-thesis/git/blobs/3186d32946f7722a0209dadbf8e09d2960f6b89f,https://github.com/dice89/master-thesis/blob/57820eac12fcb816c594ae14412d74bb737a4bc4/RapidminerRepo/oacode_loci.rmp,RapidminerRepo/oacode_loci.rmp,file,Groff,2014-11-18 10:50:24,2015-04-29 22:24:48,dice89/master-thesis,read_csv,csv_file,/Users/mueller/Documents/master-thesis/ontologymatcher/matchings/confOf-edas_raw_matchings.csv
https://github.com/richddr/Listin-Diario-Article-Classifier/blob/0453bf526673aadbee24d6cbdd0b400520371d44/practica_1_java/procesos/svm.rmp,https://raw.githubusercontent.com/richddr/Listin-Diario-Article-Classifier/0453bf526673aadbee24d6cbdd0b400520371d44/practica_1_java/procesos/svm.rmp,https://api.github.com/repos/richddr/Listin-Diario-Article-Classifier/git/blobs/87230a51da0574bf7b61550b7ad4e521dac1d74a,https://github.com/richddr/Listin-Diario-Article-Classifier/blob/0453bf526673aadbee24d6cbdd0b400520371d44/practica_1_java/procesos/svm.rmp,practica_1_java/procesos/svm.rmp,file,Python,2014-12-25 06:12:59,2015-01-09 04:42:11,richddr/Listin-Diario-Article-Classifier,read_csv,csv_file,C:\Users\Richard\IdeaProjects\practica_1_java\csv\listin-articulos-test.csv
https://github.com/mounicasirineni/Recommender-System-using-Collaborative-filtering/blob/5a13b343f4c6d1c874ceed19193e62793ea5c565/RapidMinerProcess/itemRecomm_movieLens_model.rmp,https://raw.githubusercontent.com/mounicasirineni/Recommender-System-using-Collaborative-filtering/5a13b343f4c6d1c874ceed19193e62793ea5c565/RapidMinerProcess/itemRecomm_movieLens_model.rmp,https://api.github.com/repos/mounicasirineni/Recommender-System-using-Collaborative-filtering/git/blobs/81052807ed34894e87762cff6e19771100cf1214,https://github.com/mounicasirineni/Recommender-System-using-Collaborative-filtering/blob/5a13b343f4c6d1c874ceed19193e62793ea5c565/RapidMinerProcess/itemRecomm_movieLens_model.rmp,RapidMinerProcess/itemRecomm_movieLens_model.rmp,file,,2015-12-13 07:02:26,2016-02-07 18:08:54,mounicasirineni/Recommender-System-using-Collaborative-filtering,read_csv,csv_file,C:\SEMESTER\SEMESTER - 3\Data Mining\Assignment 4\uaTrg.csv
https://github.com/TodorovicNikola/HousePricesPrediction/blob/e6faeb3c1b6bebc1b9a1441dd94a6ff4ce40c868/RapidMiner%20Projects/klasterizovanje_test.rmp,https://raw.githubusercontent.com/TodorovicNikola/HousePricesPrediction/e6faeb3c1b6bebc1b9a1441dd94a6ff4ce40c868/RapidMiner%20Projects/klasterizovanje_test.rmp,https://api.github.com/repos/TodorovicNikola/HousePricesPrediction/git/blobs/ca7fa17adfc08a2e97f5ca44eae3c8029da06bc4,https://github.com/TodorovicNikola/HousePricesPrediction/blob/e6faeb3c1b6bebc1b9a1441dd94a6ff4ce40c868/RapidMiner%20Projects/klasterizovanje_test.rmp,RapidMiner Projects/klasterizovanje_test.rmp,file,R,2017-04-13 08:49:43,2017-04-13 08:54:22,TodorovicNikola/HousePricesPrediction,read_csv,csv_file,"C:\Users\ntodo\Desktop\SzIiAP\csvovi za testiranje\csvovi za testiranje\izuzeta obelezja, outlieri i remod\train.csv"
https://github.com/mahendrapadi/Mahendra-Padi_Projects/blob/3da51a56f0e61df002593b591aee2e51e023d5f3/Data%20Mining%20Cup_2015/Rapidminer%20processes/predictions/known.rmp,https://raw.githubusercontent.com/mahendrapadi/Mahendra-Padi_Projects/3da51a56f0e61df002593b591aee2e51e023d5f3/Data%20Mining%20Cup_2015/Rapidminer%20processes/predictions/known.rmp,https://api.github.com/repos/mahendrapadi/Mahendra-Padi_Projects/git/blobs/09b3a32982a1541f0364d2e98fde250d0508bae2,https://github.com/mahendrapadi/Mahendra-Padi_Projects/blob/3da51a56f0e61df002593b591aee2e51e023d5f3/Data%20Mining%20Cup_2015/Rapidminer%20processes/predictions/known.rmp,Data Mining Cup_2015/Rapidminer processes/predictions/known.rmp,file,Python,2018-02-26 14:17:37,2018-02-26 14:23:21,mahendrapadi/Mahendra-Padi_Projects,read_csv,csv_file,/Users/ariera/Dropbox/ariera/UniMannheim/Data Mining II/FSS2016/99. Project/week3/all_features_splited/dm2_train_sample_known_customer.csv
https://github.com/mahendrapadi/Mahendra-Padi_Projects/blob/3da51a56f0e61df002593b591aee2e51e023d5f3/Data%20Mining%20Cup_2015/Rapidminer%20processes/predictions/new.rmp,https://raw.githubusercontent.com/mahendrapadi/Mahendra-Padi_Projects/3da51a56f0e61df002593b591aee2e51e023d5f3/Data%20Mining%20Cup_2015/Rapidminer%20processes/predictions/new.rmp,https://api.github.com/repos/mahendrapadi/Mahendra-Padi_Projects/git/blobs/c5b540c53d3f2438f23ff929f3ea6cb886bc523b,https://github.com/mahendrapadi/Mahendra-Padi_Projects/blob/3da51a56f0e61df002593b591aee2e51e023d5f3/Data%20Mining%20Cup_2015/Rapidminer%20processes/predictions/new.rmp,Data Mining Cup_2015/Rapidminer processes/predictions/new.rmp,file,Python,2018-02-26 14:17:37,2018-02-26 14:23:21,mahendrapadi/Mahendra-Padi_Projects,read_csv,csv_file,/Users/ariera/Dropbox/ariera/UniMannheim/Data Mining II/FSS2016/99. Project/week3/all_features_splited/dm2_train_sample_new_customer.csv
https://github.com/nocibambi/ds-practice/blob/bb36a486a4fbc53ae032652dc21bbf2681fc13e2/Rapidminer/Local%20Repository/processes/BME-DMP/HW_2/hw2_1.rmp,https://raw.githubusercontent.com/nocibambi/ds-practice/bb36a486a4fbc53ae032652dc21bbf2681fc13e2/Rapidminer/Local%20Repository/processes/BME-DMP/HW_2/hw2_1.rmp,https://api.github.com/repos/nocibambi/ds-practice/git/blobs/dd59d633773d9e75b1d9cf3a37412d5b5d6c254e,https://github.com/nocibambi/ds-practice/blob/bb36a486a4fbc53ae032652dc21bbf2681fc13e2/Rapidminer/Local%20Repository/processes/BME-DMP/HW_2/hw2_1.rmp,Rapidminer/Local Repository/processes/BME-DMP/HW_2/hw2_1.rmp,file,Matlab,2018-02-06 15:36:10,2018-05-05 09:02:25,nocibambi/ds-practice,read_csv,csv_file,C:\Users\noa\Dropbox\Learn\bme-dmp\3. hét\gyakorlat\training.csv
https://github.com/mannannlegur/CTU-FIT-Bachelor/blob/83a048607c3cb50e3b0ba6305934e6fc1469fee2/VZD/cv10.rmp,https://raw.githubusercontent.com/mannannlegur/CTU-FIT-Bachelor/83a048607c3cb50e3b0ba6305934e6fc1469fee2/VZD/cv10.rmp,https://api.github.com/repos/mannannlegur/CTU-FIT-Bachelor/git/blobs/5fafdfd35426fed39047f374f367b4b825a6fed0,https://github.com/mannannlegur/CTU-FIT-Bachelor/blob/83a048607c3cb50e3b0ba6305934e6fc1469fee2/VZD/cv10.rmp,VZD/cv10.rmp,file,C,2017-06-18 19:20:30,2018-03-25 22:06:14,mannannlegur/CTU-FIT-Bachelor,read_csv,csv_file,/Users/mannannlegur/Documents/CTU/VZD/10. cviceni/wine.data
https://github.com/falkenber9/TXPower_Prediction/blob/2fb8fda12c2f994e2c5764f62e3f2c35cee31695/rm_processes/Ridge.rmp,https://raw.githubusercontent.com/falkenber9/TXPower_Prediction/2fb8fda12c2f994e2c5764f62e3f2c35cee31695/rm_processes/Ridge.rmp,https://api.github.com/repos/falkenber9/TXPower_Prediction/git/blobs/19aa4037d9c666a12d71eb96c03aaecd022655fe,https://github.com/falkenber9/TXPower_Prediction/blob/2fb8fda12c2f994e2c5764f62e3f2c35cee31695/rm_processes/Ridge.rmp,rm_processes/Ridge.rmp,file,C++,2018-03-27 11:59:59,2018-03-27 12:13:12,falkenber9/TXPower_Prediction,read_csv,csv_file,/home/piatkows/svn/TXPOWER/TXPower_Data/selected/Dortmund_Hamm_all.csv
https://github.com/Hector-hedb12/flu_tracker/blob/77ac5ebcbcee79695dc752dc8dcf61b861601365/utility/rapid-miner/processes/dataset_builder.rmp,https://raw.githubusercontent.com/Hector-hedb12/flu_tracker/77ac5ebcbcee79695dc752dc8dcf61b861601365/utility/rapid-miner/processes/dataset_builder.rmp,https://api.github.com/repos/Hector-hedb12/flu_tracker/git/blobs/a5b73ae6c67dea45eb2a197f0a2e57f3582e6fc6,https://github.com/Hector-hedb12/flu_tracker/blob/77ac5ebcbcee79695dc752dc8dcf61b861601365/utility/rapid-miner/processes/dataset_builder.rmp,utility/rapid-miner/processes/dataset_builder.rmp,file,Python,2018-02-20 17:38:04,2018-04-10 03:27:53,Hector-hedb12/flu_tracker,read_csv,csv_file,/home/hector/Documents/Documentos_Canada/Carleton/Winter2018/COMP5204/project/flu_tracker/flu_tracker/classifiers/dataset/AwarenessVsInfection2009TweetIDs.csv
https://github.com/marcelobeckmann/trademiner/blob/80107fef1f90b449cd6c2b98a252dd5139ac207e/REPOSITORY/FG_text_vectorization_att_reduction_train.rmp,https://raw.githubusercontent.com/marcelobeckmann/trademiner/80107fef1f90b449cd6c2b98a252dd5139ac207e/REPOSITORY/FG_text_vectorization_att_reduction_train.rmp,https://api.github.com/repos/marcelobeckmann/trademiner/git/blobs/e367dd082a382a5fc4b6984faeacf56d50f7e675,https://github.com/marcelobeckmann/trademiner/blob/80107fef1f90b449cd6c2b98a252dd5139ac207e/REPOSITORY/FG_text_vectorization_att_reduction_train.rmp,REPOSITORY/FG_text_vectorization_att_reduction_train.rmp,file,Java,2018-03-22 07:38:27,2018-04-04 07:22:37,marcelobeckmann/trademiner,read_csv,csv_file,/home/nelson/rm/REPOSITORY/macros.csv
https://github.com/marcelobeckmann/trademiner/blob/80107fef1f90b449cd6c2b98a252dd5139ac207e/REPOSITORY/FG_text_vectorization_att_reduction_train_wv.rmp,https://raw.githubusercontent.com/marcelobeckmann/trademiner/80107fef1f90b449cd6c2b98a252dd5139ac207e/REPOSITORY/FG_text_vectorization_att_reduction_train_wv.rmp,https://api.github.com/repos/marcelobeckmann/trademiner/git/blobs/45d669cced1a9ca73a697dac2c07dd486ce080f7,https://github.com/marcelobeckmann/trademiner/blob/80107fef1f90b449cd6c2b98a252dd5139ac207e/REPOSITORY/FG_text_vectorization_att_reduction_train_wv.rmp,REPOSITORY/FG_text_vectorization_att_reduction_train_wv.rmp,file,Java,2018-03-22 07:38:27,2018-04-04 07:22:37,marcelobeckmann/trademiner,read_csv,csv_file,/home/nelson/rm/REPOSITORY/macros.csv
https://github.com/marcelobeckmann/trademiner/blob/80107fef1f90b449cd6c2b98a252dd5139ac207e/REPOSITORY/H_train_opt_param_svm_weight.rmp,https://raw.githubusercontent.com/marcelobeckmann/trademiner/80107fef1f90b449cd6c2b98a252dd5139ac207e/REPOSITORY/H_train_opt_param_svm_weight.rmp,https://api.github.com/repos/marcelobeckmann/trademiner/git/blobs/56aab59b42c606fc51bb7b05b32a4fbc75f96c71,https://github.com/marcelobeckmann/trademiner/blob/80107fef1f90b449cd6c2b98a252dd5139ac207e/REPOSITORY/H_train_opt_param_svm_weight.rmp,REPOSITORY/H_train_opt_param_svm_weight.rmp,file,Java,2018-03-22 07:38:27,2018-04-04 07:22:37,marcelobeckmann/trademiner,read_csv,csv_file,/home/nelson/rm/REPOSITORY/macros.csv
https://github.com/marcelobeckmann/trademiner/blob/80107fef1f90b449cd6c2b98a252dd5139ac207e/REPOSITORY/I_test.rmp,https://raw.githubusercontent.com/marcelobeckmann/trademiner/80107fef1f90b449cd6c2b98a252dd5139ac207e/REPOSITORY/I_test.rmp,https://api.github.com/repos/marcelobeckmann/trademiner/git/blobs/748d731f479f4ac72b50a3894f6fa017468d3091,https://github.com/marcelobeckmann/trademiner/blob/80107fef1f90b449cd6c2b98a252dd5139ac207e/REPOSITORY/I_test.rmp,REPOSITORY/I_test.rmp,file,Java,2018-03-22 07:38:27,2018-04-04 07:22:37,marcelobeckmann/trademiner,read_csv,csv_file,/home/nelson/rm/REPOSITORY/macros.csv
https://github.com/marcelobeckmann/trademiner/blob/80107fef1f90b449cd6c2b98a252dd5139ac207e/REPOSITORY/I_test_separated_compute_metrics_agg.rmp,https://raw.githubusercontent.com/marcelobeckmann/trademiner/80107fef1f90b449cd6c2b98a252dd5139ac207e/REPOSITORY/I_test_separated_compute_metrics_agg.rmp,https://api.github.com/repos/marcelobeckmann/trademiner/git/blobs/06b6f99e666f81eb202e034919ddde34a9311afd,https://github.com/marcelobeckmann/trademiner/blob/80107fef1f90b449cd6c2b98a252dd5139ac207e/REPOSITORY/I_test_separated_compute_metrics_agg.rmp,REPOSITORY/I_test_separated_compute_metrics_agg.rmp,file,Java,2018-03-22 07:38:27,2018-04-04 07:22:37,marcelobeckmann/trademiner,read_csv,csv_file,/home/nelson/rm/REPOSITORY/macros.csv
https://github.com/marcelobeckmann/trademiner/blob/80107fef1f90b449cd6c2b98a252dd5139ac207e/REPOSITORY/K_simulation_from_prediction.rmp,https://raw.githubusercontent.com/marcelobeckmann/trademiner/80107fef1f90b449cd6c2b98a252dd5139ac207e/REPOSITORY/K_simulation_from_prediction.rmp,https://api.github.com/repos/marcelobeckmann/trademiner/git/blobs/996845147ce96408d4d038f1d458e86be7f1cb3d,https://github.com/marcelobeckmann/trademiner/blob/80107fef1f90b449cd6c2b98a252dd5139ac207e/REPOSITORY/K_simulation_from_prediction.rmp,REPOSITORY/K_simulation_from_prediction.rmp,file,Java,2018-03-22 07:38:27,2018-04-04 07:22:37,marcelobeckmann/trademiner,read_csv,csv_file,c:/home/nelson/rm/REPOSITORY/macros.csv
https://github.com/marcelobeckmann/trademiner/blob/80107fef1f90b449cd6c2b98a252dd5139ac207e/REPOSITORY/K_simulation_from_prediction_acc.rmp,https://raw.githubusercontent.com/marcelobeckmann/trademiner/80107fef1f90b449cd6c2b98a252dd5139ac207e/REPOSITORY/K_simulation_from_prediction_acc.rmp,https://api.github.com/repos/marcelobeckmann/trademiner/git/blobs/5858fbb616d763ba879ac0fb35e02fbefaca4127,https://github.com/marcelobeckmann/trademiner/blob/80107fef1f90b449cd6c2b98a252dd5139ac207e/REPOSITORY/K_simulation_from_prediction_acc.rmp,REPOSITORY/K_simulation_from_prediction_acc.rmp,file,Java,2018-03-22 07:38:27,2018-04-04 07:22:37,marcelobeckmann/trademiner,read_csv,csv_file,c:/home/nelson/rm/REPOSITORY/macros.csv
https://github.com/marcelobeckmann/trademiner/blob/80107fef1f90b449cd6c2b98a252dd5139ac207e/REPOSITORY/K_simulation_from_random.rmp,https://raw.githubusercontent.com/marcelobeckmann/trademiner/80107fef1f90b449cd6c2b98a252dd5139ac207e/REPOSITORY/K_simulation_from_random.rmp,https://api.github.com/repos/marcelobeckmann/trademiner/git/blobs/6cdc8041a8e581d3037ebd5d78907f1c5afc8e8a,https://github.com/marcelobeckmann/trademiner/blob/80107fef1f90b449cd6c2b98a252dd5139ac207e/REPOSITORY/K_simulation_from_random.rmp,REPOSITORY/K_simulation_from_random.rmp,file,Java,2018-03-22 07:38:27,2018-04-04 07:22:37,marcelobeckmann/trademiner,read_csv,csv_file,c:/home/nelson/rm/REPOSITORY/macros.csv
https://github.com/lriverawong/personalized-medicine-data-analysis/blob/042c816427ec64e450356bd317cc07af605cc0cb/Prediction_WithStacking.rmp,https://raw.githubusercontent.com/lriverawong/personalized-medicine-data-analysis/042c816427ec64e450356bd317cc07af605cc0cb/Prediction_WithStacking.rmp,https://api.github.com/repos/lriverawong/personalized-medicine-data-analysis/git/blobs/b829a1b8cbd55be5a6f3cb9283e7270b5508262e,https://github.com/lriverawong/personalized-medicine-data-analysis/blob/042c816427ec64e450356bd317cc07af605cc0cb/Prediction_WithStacking.rmp,Prediction_WithStacking.rmp,file,Jupyter Notebook,2018-01-26 15:21:33,2018-04-06 12:01:23,lriverawong/personalized-medicine-data-analysis,read_csv,csv_file,C:\Users\Lena Krause\OneDrive\Documents\Academics_2017_2018\cisc490\data\training_text
https://github.com/nocibambi/bme-dmp/blob/9b6097b1952ea82637ca30787ec3b52f8b2ab5ed/03.%20h%C3%A9t/gyakorlat/dap2018_credit_scoring.rmp,https://raw.githubusercontent.com/nocibambi/bme-dmp/9b6097b1952ea82637ca30787ec3b52f8b2ab5ed/03.%20h%C3%A9t/gyakorlat/dap2018_credit_scoring.rmp,https://api.github.com/repos/nocibambi/bme-dmp/git/blobs/16f1da6916697aa71b656fd65b21c39e5750edba,https://github.com/nocibambi/bme-dmp/blob/9b6097b1952ea82637ca30787ec3b52f8b2ab5ed/03.%20h%C3%A9t/gyakorlat/dap2018_credit_scoring.rmp,03. hét/gyakorlat/dap2018_credit_scoring.rmp,file,Jupyter Notebook,2018-02-18 19:43:09,2018-05-03 17:48:04,nocibambi/bme-dmp,read_csv,csv_file,C:\Users\István\Google Drive\Dmlab-Egyetem-Oktatás\Dmlab-TMIT-DAP-stash2018\gyakorlatok anyagai\2. gyakorlat - 2018-02-20\training.csv
https://github.com/steffenjacobs/WeatherDataParser/blob/bfa5fd2c5f958222569a89f4217ac5ab80cd5862/Process/Dataset%20Analysis/dataset_crime_analysis.rmp,https://raw.githubusercontent.com/steffenjacobs/WeatherDataParser/bfa5fd2c5f958222569a89f4217ac5ab80cd5862/Process/Dataset%20Analysis/dataset_crime_analysis.rmp,https://api.github.com/repos/steffenjacobs/WeatherDataParser/git/blobs/b052781f77d006ec9559b1110f34d8e6bd41e4d0,https://github.com/steffenjacobs/WeatherDataParser/blob/bfa5fd2c5f958222569a89f4217ac5ab80cd5862/Process/Dataset%20Analysis/dataset_crime_analysis.rmp,Process/Dataset Analysis/dataset_crime_analysis.rmp,file,Java,2018-04-19 13:40:14,2018-05-20 08:10:33,steffenjacobs/WeatherDataParser,read_csv,csv_file,C:\Temp\data_set_original.csv
https://github.com/allanx38/MscRMinerFiles/blob/fa96769632991998dcb0d2e466e016f83494a4e8/Arima/Pred_UpDn_Categorical/SVM/chp5_arima_SVM_Dow2_ud_Cat.rmp,https://raw.githubusercontent.com/allanx38/MscRMinerFiles/fa96769632991998dcb0d2e466e016f83494a4e8/Arima/Pred_UpDn_Categorical/SVM/chp5_arima_SVM_Dow2_ud_Cat.rmp,https://api.github.com/repos/allanx38/MscRMinerFiles/git/blobs/a58b6e263f05ebd6124b5ed9544fbe2083990eeb,https://github.com/allanx38/MscRMinerFiles/blob/fa96769632991998dcb0d2e466e016f83494a4e8/Arima/Pred_UpDn_Categorical/SVM/chp5_arima_SVM_Dow2_ud_Cat.rmp,Arima/Pred_UpDn_Categorical/SVM/chp5_arima_SVM_Dow2_ud_Cat.rmp,file,,2014-05-17 13:46:04,2014-06-02 14:44:42,allanx38/MscRMinerFiles,read_csv,csv_file,D:\Allan\DropBox\MSc\Dissertation\Thesis\Data\Dow_2000_d_updn.csv
https://github.com/allanx38/MscRMinerFiles/blob/fa96769632991998dcb0d2e466e016f83494a4e8/Arima/Pred_UpDn_Categorical/SVM/chp5_arima_SVM_CAC_ud_Cat.rmp,https://raw.githubusercontent.com/allanx38/MscRMinerFiles/fa96769632991998dcb0d2e466e016f83494a4e8/Arima/Pred_UpDn_Categorical/SVM/chp5_arima_SVM_CAC_ud_Cat.rmp,https://api.github.com/repos/allanx38/MscRMinerFiles/git/blobs/8ed52d6c4ec40799c40129146d8c4dc8d898384c,https://github.com/allanx38/MscRMinerFiles/blob/fa96769632991998dcb0d2e466e016f83494a4e8/Arima/Pred_UpDn_Categorical/SVM/chp5_arima_SVM_CAC_ud_Cat.rmp,Arima/Pred_UpDn_Categorical/SVM/chp5_arima_SVM_CAC_ud_Cat.rmp,file,,2014-05-17 13:46:04,2014-06-02 14:44:42,allanx38/MscRMinerFiles,read_csv,csv_file,D:\Allan\DropBox\MSc\Dissertation\Thesis\Data\CAC_2000_d.csv
https://github.com/allanx38/MscRMinerFiles/blob/fa96769632991998dcb0d2e466e016f83494a4e8/Arima/Pred_UpDn_Categorical/Reg/chp5_arima_Reg_Dax_ud_Cat.rmp,https://raw.githubusercontent.com/allanx38/MscRMinerFiles/fa96769632991998dcb0d2e466e016f83494a4e8/Arima/Pred_UpDn_Categorical/Reg/chp5_arima_Reg_Dax_ud_Cat.rmp,https://api.github.com/repos/allanx38/MscRMinerFiles/git/blobs/2d786f4dd8cbc7e882ce4fac1c293d192169f84c,https://github.com/allanx38/MscRMinerFiles/blob/fa96769632991998dcb0d2e466e016f83494a4e8/Arima/Pred_UpDn_Categorical/Reg/chp5_arima_Reg_Dax_ud_Cat.rmp,Arima/Pred_UpDn_Categorical/Reg/chp5_arima_Reg_Dax_ud_Cat.rmp,file,,2014-05-17 13:46:04,2014-06-02 14:44:42,allanx38/MscRMinerFiles,read_csv,csv_file,D:\Allan\DropBox\MSc\Dissertation\Thesis\Data\Dax_2000_updn.csv
https://github.com/allanx38/MscRMinerFiles/blob/fa96769632991998dcb0d2e466e016f83494a4e8/Arima2/Pred_Close/ann/chp5_hyb_cl_ann_ftse.rmp,https://raw.githubusercontent.com/allanx38/MscRMinerFiles/fa96769632991998dcb0d2e466e016f83494a4e8/Arima2/Pred_Close/ann/chp5_hyb_cl_ann_ftse.rmp,https://api.github.com/repos/allanx38/MscRMinerFiles/git/blobs/5772c56fd95174fcd80d302e00ac9f299aec8a1b,https://github.com/allanx38/MscRMinerFiles/blob/fa96769632991998dcb0d2e466e016f83494a4e8/Arima2/Pred_Close/ann/chp5_hyb_cl_ann_ftse.rmp,Arima2/Pred_Close/ann/chp5_hyb_cl_ann_ftse.rmp,file,,2014-05-17 13:46:04,2014-06-02 14:44:42,allanx38/MscRMinerFiles,read_csv,csv_file,D:\Allan\DropBox\MSc\Dissertation\Thesis\Data\F100_2000_d_train.csv
https://github.com/allanx38/MscRMinerFiles/blob/fa96769632991998dcb0d2e466e016f83494a4e8/Arima2/Pred_Close/ann/chp5_hyb_cl_ann_nik.rmp,https://raw.githubusercontent.com/allanx38/MscRMinerFiles/fa96769632991998dcb0d2e466e016f83494a4e8/Arima2/Pred_Close/ann/chp5_hyb_cl_ann_nik.rmp,https://api.github.com/repos/allanx38/MscRMinerFiles/git/blobs/bc943e10d7f280771a357d09622012508c3df3c6,https://github.com/allanx38/MscRMinerFiles/blob/fa96769632991998dcb0d2e466e016f83494a4e8/Arima2/Pred_Close/ann/chp5_hyb_cl_ann_nik.rmp,Arima2/Pred_Close/ann/chp5_hyb_cl_ann_nik.rmp,file,,2014-05-17 13:46:04,2014-06-02 14:44:42,allanx38/MscRMinerFiles,read_csv,csv_file,D:\Allan\DropBox\MSc\Dissertation\Thesis\Data\N225_2000_d_train.csv
https://github.com/allanx38/MscRMinerFiles/blob/fa96769632991998dcb0d2e466e016f83494a4e8/Arima2/Pred_Close/ann/chp5_hyb_cl_ann_oz.rmp,https://raw.githubusercontent.com/allanx38/MscRMinerFiles/fa96769632991998dcb0d2e466e016f83494a4e8/Arima2/Pred_Close/ann/chp5_hyb_cl_ann_oz.rmp,https://api.github.com/repos/allanx38/MscRMinerFiles/git/blobs/78c6925512370d273879971b6a46bbecc217a44f,https://github.com/allanx38/MscRMinerFiles/blob/fa96769632991998dcb0d2e466e016f83494a4e8/Arima2/Pred_Close/ann/chp5_hyb_cl_ann_oz.rmp,Arima2/Pred_Close/ann/chp5_hyb_cl_ann_oz.rmp,file,,2014-05-17 13:46:04,2014-06-02 14:44:42,allanx38/MscRMinerFiles,read_csv,csv_file,D:\Allan\DropBox\MSc\Dissertation\Thesis\Data\Oz_2000_train.csv
https://github.com/allanx38/MscRMinerFiles/blob/fa96769632991998dcb0d2e466e016f83494a4e8/Arima2/Pred_Close/ann/chp5_hyb_cl_ann_dow.rmp,https://raw.githubusercontent.com/allanx38/MscRMinerFiles/fa96769632991998dcb0d2e466e016f83494a4e8/Arima2/Pred_Close/ann/chp5_hyb_cl_ann_dow.rmp,https://api.github.com/repos/allanx38/MscRMinerFiles/git/blobs/95197aa57d254cc127f54ad43bc04bbc318896b8,https://github.com/allanx38/MscRMinerFiles/blob/fa96769632991998dcb0d2e466e016f83494a4e8/Arima2/Pred_Close/ann/chp5_hyb_cl_ann_dow.rmp,Arima2/Pred_Close/ann/chp5_hyb_cl_ann_dow.rmp,file,,2014-05-17 13:46:04,2014-06-02 14:44:42,allanx38/MscRMinerFiles,read_csv,csv_file,D:\Allan\DropBox\MSc\Dissertation\Thesis\Data\Dow_2000_d_train.csv
https://github.com/allanx38/MscRMinerFiles/blob/fa96769632991998dcb0d2e466e016f83494a4e8/Arima/chp5_arima_1_write.rmp,https://raw.githubusercontent.com/allanx38/MscRMinerFiles/fa96769632991998dcb0d2e466e016f83494a4e8/Arima/chp5_arima_1_write.rmp,https://api.github.com/repos/allanx38/MscRMinerFiles/git/blobs/dfce01bc023ca1e831eaf667acf0086a24eb38ed,https://github.com/allanx38/MscRMinerFiles/blob/fa96769632991998dcb0d2e466e016f83494a4e8/Arima/chp5_arima_1_write.rmp,Arima/chp5_arima_1_write.rmp,file,,2014-05-17 13:46:04,2014-06-02 14:44:42,allanx38/MscRMinerFiles,read_csv,csv_file,D:\Allan\DropBox\MSc\Dissertation\Thesis\Data\Dax_2000_d_train.csv
https://github.com/allanx38/MscRMinerFiles/blob/fa96769632991998dcb0d2e466e016f83494a4e8/Arima/chp5_arima_334.rmp,https://raw.githubusercontent.com/allanx38/MscRMinerFiles/fa96769632991998dcb0d2e466e016f83494a4e8/Arima/chp5_arima_334.rmp,https://api.github.com/repos/allanx38/MscRMinerFiles/git/blobs/4debe4ada224f297fb4258c85dffa65746168bbe,https://github.com/allanx38/MscRMinerFiles/blob/fa96769632991998dcb0d2e466e016f83494a4e8/Arima/chp5_arima_334.rmp,Arima/chp5_arima_334.rmp,file,,2014-05-17 13:46:04,2014-06-02 14:44:42,allanx38/MscRMinerFiles,read_csv,csv_file,D:\Allan\DropBox\MSc\Dissertation\Thesis\Data\Dax_2000_d_train.csv
https://github.com/dice89/master-thesis/blob/57820eac12fcb816c594ae14412d74bb737a4bc4/RapidminerRepo/OutlierEvaluation/oacode_cblof_unweighted_regular_db_scan.rmp,https://raw.githubusercontent.com/dice89/master-thesis/57820eac12fcb816c594ae14412d74bb737a4bc4/RapidminerRepo/OutlierEvaluation/oacode_cblof_unweighted_regular_db_scan.rmp,https://api.github.com/repos/dice89/master-thesis/git/blobs/da2b79ab5692a96630de68d6c9cd7533b751991f,https://github.com/dice89/master-thesis/blob/57820eac12fcb816c594ae14412d74bb737a4bc4/RapidminerRepo/OutlierEvaluation/oacode_cblof_unweighted_regular_db_scan.rmp,RapidminerRepo/OutlierEvaluation/oacode_cblof_unweighted_regular_db_scan.rmp,file,Groff,2014-11-18 10:50:24,2015-04-29 22:24:48,dice89/master-thesis,read_csv,csv_file,/Users/mueller/Documents/master-thesis/ontologymatcher/matchings/cmt-conference_raw_matchings.csv
https://github.com/dice89/master-thesis/blob/57820eac12fcb816c594ae14412d74bb737a4bc4/RapidminerRepo/OutlierEvaluation/oacode_lof.rmp,https://raw.githubusercontent.com/dice89/master-thesis/57820eac12fcb816c594ae14412d74bb737a4bc4/RapidminerRepo/OutlierEvaluation/oacode_lof.rmp,https://api.github.com/repos/dice89/master-thesis/git/blobs/e6d3405a83327a2d7049be544fec68ecfd825394,https://github.com/dice89/master-thesis/blob/57820eac12fcb816c594ae14412d74bb737a4bc4/RapidminerRepo/OutlierEvaluation/oacode_lof.rmp,RapidminerRepo/OutlierEvaluation/oacode_lof.rmp,file,Groff,2014-11-18 10:50:24,2015-04-29 22:24:48,dice89/master-thesis,read_csv,csv_file,/Users/mueller/Documents/master-thesis/ontologymatcher/matchings/cmt-conference_raw_matchings.csv
https://github.com/dice89/master-thesis/blob/57820eac12fcb816c594ae14412d74bb737a4bc4/RapidminerRepo/OutlierEvaluationV2/non_separated/pre_pro_pca_f/oacode_cblof_unweighted_regular_db_scan.rmp,https://raw.githubusercontent.com/dice89/master-thesis/57820eac12fcb816c594ae14412d74bb737a4bc4/RapidminerRepo/OutlierEvaluationV2/non_separated/pre_pro_pca_f/oacode_cblof_unweighted_regular_db_scan.rmp,https://api.github.com/repos/dice89/master-thesis/git/blobs/c01eb65fc9be6a812772800234f165211703019f,https://github.com/dice89/master-thesis/blob/57820eac12fcb816c594ae14412d74bb737a4bc4/RapidminerRepo/OutlierEvaluationV2/non_separated/pre_pro_pca_f/oacode_cblof_unweighted_regular_db_scan.rmp,RapidminerRepo/OutlierEvaluationV2/non_separated/pre_pro_pca_f/oacode_cblof_unweighted_regular_db_scan.rmp,file,Groff,2014-11-18 10:50:24,2015-04-29 22:24:48,dice89/master-thesis,read_csv,csv_file,/Users/mueller/Documents/master-thesis/ontologymatcher/matchings/conference/matchings/cmt-conference_raw_matchings.csv
https://github.com/dice89/master-thesis/blob/57820eac12fcb816c594ae14412d74bb737a4bc4/RapidminerRepo/OutlierEvaluation/remove_corr_pre/oacode_lof_regular.rmp,https://raw.githubusercontent.com/dice89/master-thesis/57820eac12fcb816c594ae14412d74bb737a4bc4/RapidminerRepo/OutlierEvaluation/remove_corr_pre/oacode_lof_regular.rmp,https://api.github.com/repos/dice89/master-thesis/git/blobs/68d34efe8d81e9b9aa64727405012c2810bf810e,https://github.com/dice89/master-thesis/blob/57820eac12fcb816c594ae14412d74bb737a4bc4/RapidminerRepo/OutlierEvaluation/remove_corr_pre/oacode_lof_regular.rmp,RapidminerRepo/OutlierEvaluation/remove_corr_pre/oacode_lof_regular.rmp,file,Groff,2014-11-18 10:50:24,2015-04-29 22:24:48,dice89/master-thesis,read_csv,csv_file,/Users/mueller/Documents/master-thesis/ontologymatcher/matchings/cmt-conference_raw_matchings.csv
https://github.com/dice89/master-thesis/blob/57820eac12fcb816c594ae14412d74bb737a4bc4/RapidminerRepo/OutlierEvaluation/oacode_lof_regular.rmp,https://raw.githubusercontent.com/dice89/master-thesis/57820eac12fcb816c594ae14412d74bb737a4bc4/RapidminerRepo/OutlierEvaluation/oacode_lof_regular.rmp,https://api.github.com/repos/dice89/master-thesis/git/blobs/00687738ddaacf09ebd559958c56a48537e2bdd5,https://github.com/dice89/master-thesis/blob/57820eac12fcb816c594ae14412d74bb737a4bc4/RapidminerRepo/OutlierEvaluation/oacode_lof_regular.rmp,RapidminerRepo/OutlierEvaluation/oacode_lof_regular.rmp,file,Groff,2014-11-18 10:50:24,2015-04-29 22:24:48,dice89/master-thesis,read_csv,csv_file,/Users/mueller/Documents/master-thesis/ontologymatcher/matchings/cmt-conference_raw_matchings.csv
https://github.com/dice89/master-thesis/blob/57820eac12fcb816c594ae14412d74bb737a4bc4/RapidminerRepo/OutlierEvaluation/remove_corr_pre/oacode_lof.rmp,https://raw.githubusercontent.com/dice89/master-thesis/57820eac12fcb816c594ae14412d74bb737a4bc4/RapidminerRepo/OutlierEvaluation/remove_corr_pre/oacode_lof.rmp,https://api.github.com/repos/dice89/master-thesis/git/blobs/a86e0d913a8d9b1dfc144a8f7854086be707f007,https://github.com/dice89/master-thesis/blob/57820eac12fcb816c594ae14412d74bb737a4bc4/RapidminerRepo/OutlierEvaluation/remove_corr_pre/oacode_lof.rmp,RapidminerRepo/OutlierEvaluation/remove_corr_pre/oacode_lof.rmp,file,Groff,2014-11-18 10:50:24,2015-04-29 22:24:48,dice89/master-thesis,read_csv,csv_file,/Users/mueller/Documents/master-thesis/ontologymatcher/matchings/cmt-conference_raw_matchings.csv
https://github.com/dice89/master-thesis/blob/57820eac12fcb816c594ae14412d74bb737a4bc4/RapidminerRepo/oacode_lof.rmp,https://raw.githubusercontent.com/dice89/master-thesis/57820eac12fcb816c594ae14412d74bb737a4bc4/RapidminerRepo/oacode_lof.rmp,https://api.github.com/repos/dice89/master-thesis/git/blobs/ff369cde97050c125111f7868a985f368c9025b8,https://github.com/dice89/master-thesis/blob/57820eac12fcb816c594ae14412d74bb737a4bc4/RapidminerRepo/oacode_lof.rmp,RapidminerRepo/oacode_lof.rmp,file,Groff,2014-11-18 10:50:24,2015-04-29 22:24:48,dice89/master-thesis,read_csv,csv_file,/Users/mueller/Documents/master-thesis/ontologymatcher/matchings/cmt-conference_raw_matchings.csv
https://github.com/dwslab/COMMAND/blob/78decd1da14b8721240e469d5de597c9223d8e69/anomaly_detection/non_separated/pre_pro_pca_f/oacode_cblof_unweighted_regular_db_scan.rmp,https://raw.githubusercontent.com/dwslab/COMMAND/78decd1da14b8721240e469d5de597c9223d8e69/anomaly_detection/non_separated/pre_pro_pca_f/oacode_cblof_unweighted_regular_db_scan.rmp,https://api.github.com/repos/dwslab/COMMAND/git/blobs/c01eb65fc9be6a812772800234f165211703019f,https://github.com/dwslab/COMMAND/blob/78decd1da14b8721240e469d5de597c9223d8e69/anomaly_detection/non_separated/pre_pro_pca_f/oacode_cblof_unweighted_regular_db_scan.rmp,anomaly_detection/non_separated/pre_pro_pca_f/oacode_cblof_unweighted_regular_db_scan.rmp,file,Scala,2015-04-23 08:35:11,2018-03-14 16:38:24,dwslab/COMMAND,read_csv,csv_file,/Users/mueller/Documents/master-thesis/ontologymatcher/matchings/conference/matchings/cmt-conference_raw_matchings.csv
https://github.com/namman2/Data-Analytics-Projects/blob/fb4158dc943d0ecff0c052b9c40dbc176fb39b51/Text%20Mining%20and%20Topic%20Modeling%20Analysis%20of%20Job%20Postings%20on%20LinkedIn/Files/text_mining_assignment_6.rmp,https://raw.githubusercontent.com/namman2/Data-Analytics-Projects/fb4158dc943d0ecff0c052b9c40dbc176fb39b51/Text%20Mining%20and%20Topic%20Modeling%20Analysis%20of%20Job%20Postings%20on%20LinkedIn/Files/text_mining_assignment_6.rmp,https://api.github.com/repos/namman2/Data-Analytics-Projects/git/blobs/8624c300544d6776929252ff12ea72d3f8221246,https://github.com/namman2/Data-Analytics-Projects/blob/fb4158dc943d0ecff0c052b9c40dbc176fb39b51/Text%20Mining%20and%20Topic%20Modeling%20Analysis%20of%20Job%20Postings%20on%20LinkedIn/Files/text_mining_assignment_6.rmp,Text Mining and Topic Modeling Analysis of Job Postings on LinkedIn/Files/text_mining_assignment_6.rmp,file,Jupyter Notebook,2015-12-24 08:22:50,2018-03-13 18:45:27,namman2/Data-Analytics-Projects,read_csv,csv_file,C:\Users\Chiku\Desktop\1. Industrial Engineering\Data Mining\Assignments\Assignment 6\Supporting Files\jobsDataAll.txt
https://github.com/jpmml/jpmml-evaluator/blob/f3d4af3e1cac0522e4bfc4cefc244bbb8d177d01/pmml-rapidminer/src/test/resources/RapidMiner/ClassificationTest.rmp,https://raw.githubusercontent.com/jpmml/jpmml-evaluator/f3d4af3e1cac0522e4bfc4cefc244bbb8d177d01/pmml-rapidminer/src/test/resources/RapidMiner/ClassificationTest.rmp,https://api.github.com/repos/jpmml/jpmml-evaluator/git/blobs/121d0147454e956605238195780493abc917b7c1,https://github.com/jpmml/jpmml-evaluator/blob/f3d4af3e1cac0522e4bfc4cefc244bbb8d177d01/pmml-rapidminer/src/test/resources/RapidMiner/ClassificationTest.rmp,pmml-rapidminer/src/test/resources/RapidMiner/ClassificationTest.rmp,file,Java,2014-02-25 21:07:42,2018-05-18 15:45:49,jpmml/jpmml-evaluator,read_csv,csv_file,/home/vfed/Workspace/jpmml-evaluator/pmml-rapidminer/src/test/resources/csv/Iris.csv
https://github.com/ThomasEA/MachineLearningAVA/blob/60e29924a712001837da5a9508530ee73d663af9/Rapidminer/ml_default.rmp,https://raw.githubusercontent.com/ThomasEA/MachineLearningAVA/60e29924a712001837da5a9508530ee73d663af9/Rapidminer/ml_default.rmp,https://api.github.com/repos/ThomasEA/MachineLearningAVA/git/blobs/8a36899941ca1af4f2ad27b6c26a653a57174157,https://github.com/ThomasEA/MachineLearningAVA/blob/60e29924a712001837da5a9508530ee73d663af9/Rapidminer/ml_default.rmp,Rapidminer/ml_default.rmp,file,Python,2017-09-27 09:13:32,2017-09-28 10:00:50,ThomasEA/MachineLearningAVA,read_csv,csv_file,E:\Pessoal\Uniritter\TCC2\ML_AVA\Dataset\dataset_m3_m6.csv
https://github.com/martinCzakanski/SSIED-DrivenData-PumpItUp/blob/657826d08a2ff09bf7e94f547d7b7dc01a3ac917/ProcessGradientBoostedTrees.rmp,https://raw.githubusercontent.com/martinCzakanski/SSIED-DrivenData-PumpItUp/657826d08a2ff09bf7e94f547d7b7dc01a3ac917/ProcessGradientBoostedTrees.rmp,https://api.github.com/repos/martinCzakanski/SSIED-DrivenData-PumpItUp/git/blobs/1d617f2344ed4d16248f4a92b0c12969b2b419d4,https://github.com/martinCzakanski/SSIED-DrivenData-PumpItUp/blob/657826d08a2ff09bf7e94f547d7b7dc01a3ac917/ProcessGradientBoostedTrees.rmp,ProcessGradientBoostedTrees.rmp,file,,2017-12-11 22:03:22,2017-12-11 22:03:22,martinCzakanski/SSIED-DrivenData-PumpItUp,read_csv,csv_file,result.csv
https://github.com/falkenber9/TXPower_Prediction/blob/2fb8fda12c2f994e2c5764f62e3f2c35cee31695/rm_processes/RF.rmp,https://raw.githubusercontent.com/falkenber9/TXPower_Prediction/2fb8fda12c2f994e2c5764f62e3f2c35cee31695/rm_processes/RF.rmp,https://api.github.com/repos/falkenber9/TXPower_Prediction/git/blobs/71f60e8ca3b70031f099b42ff5640c85b3199539,https://github.com/falkenber9/TXPower_Prediction/blob/2fb8fda12c2f994e2c5764f62e3f2c35cee31695/rm_processes/RF.rmp,rm_processes/RF.rmp,file,C++,2018-03-27 11:59:59,2018-03-27 12:13:12,falkenber9/TXPower_Prediction,read_csv,csv_file,/home/piatkows/svn/TXPOWER/TXPower_Data/selected/Dortmund_Hamm_all.csv
https://github.com/marcelobeckmann/trademiner/blob/80107fef1f90b449cd6c2b98a252dd5139ac207e/REPOSITORY/H_train_opt_param_svm.rmp,https://raw.githubusercontent.com/marcelobeckmann/trademiner/80107fef1f90b449cd6c2b98a252dd5139ac207e/REPOSITORY/H_train_opt_param_svm.rmp,https://api.github.com/repos/marcelobeckmann/trademiner/git/blobs/d51cfa3f54bf9183a02d1a47b26b9f6107b0c31d,https://github.com/marcelobeckmann/trademiner/blob/80107fef1f90b449cd6c2b98a252dd5139ac207e/REPOSITORY/H_train_opt_param_svm.rmp,REPOSITORY/H_train_opt_param_svm.rmp,file,Java,2018-03-22 07:38:27,2018-04-04 07:22:37,marcelobeckmann/trademiner,read_csv,csv_file,/home/nelson/rm/REPOSITORY/macros.csv
https://github.com/marcelobeckmann/trademiner/blob/80107fef1f90b449cd6c2b98a252dd5139ac207e/REPOSITORY/I_test_separated_compute_metrics_agg_opt.rmp,https://raw.githubusercontent.com/marcelobeckmann/trademiner/80107fef1f90b449cd6c2b98a252dd5139ac207e/REPOSITORY/I_test_separated_compute_metrics_agg_opt.rmp,https://api.github.com/repos/marcelobeckmann/trademiner/git/blobs/e40939b3c7a46c2768f5d5934885f04230680d41,https://github.com/marcelobeckmann/trademiner/blob/80107fef1f90b449cd6c2b98a252dd5139ac207e/REPOSITORY/I_test_separated_compute_metrics_agg_opt.rmp,REPOSITORY/I_test_separated_compute_metrics_agg_opt.rmp,file,Java,2018-03-22 07:38:27,2018-04-04 07:22:37,marcelobeckmann/trademiner,read_csv,csv_file,/home/nelson/rm/REPOSITORY/macros.csv
https://github.com/marcelobeckmann/trademiner/blob/80107fef1f90b449cd6c2b98a252dd5139ac207e/REPOSITORY/I_test_separated_compute_metrics_agg_opt_2.rmp,https://raw.githubusercontent.com/marcelobeckmann/trademiner/80107fef1f90b449cd6c2b98a252dd5139ac207e/REPOSITORY/I_test_separated_compute_metrics_agg_opt_2.rmp,https://api.github.com/repos/marcelobeckmann/trademiner/git/blobs/8eb46ef37f2d1cd7b8b5781bf209d323e2c2a978,https://github.com/marcelobeckmann/trademiner/blob/80107fef1f90b449cd6c2b98a252dd5139ac207e/REPOSITORY/I_test_separated_compute_metrics_agg_opt_2.rmp,REPOSITORY/I_test_separated_compute_metrics_agg_opt_2.rmp,file,Java,2018-03-22 07:38:27,2018-04-04 07:22:37,marcelobeckmann/trademiner,read_csv,csv_file,/home/nelson/rm/REPOSITORY/macros.csv
https://github.com/marcelobeckmann/trademiner/blob/80107fef1f90b449cd6c2b98a252dd5139ac207e/REPOSITORY/K_simulation_from_random_acc.rmp,https://raw.githubusercontent.com/marcelobeckmann/trademiner/80107fef1f90b449cd6c2b98a252dd5139ac207e/REPOSITORY/K_simulation_from_random_acc.rmp,https://api.github.com/repos/marcelobeckmann/trademiner/git/blobs/8d3387bbb167dc808b1595c5137b83f68e349b1f,https://github.com/marcelobeckmann/trademiner/blob/80107fef1f90b449cd6c2b98a252dd5139ac207e/REPOSITORY/K_simulation_from_random_acc.rmp,REPOSITORY/K_simulation_from_random_acc.rmp,file,Java,2018-03-22 07:38:27,2018-04-04 07:22:37,marcelobeckmann/trademiner,read_csv,csv_file,c:/home/nelson/rm/REPOSITORY/macros.csv
https://github.com/nocibambi/bme-dmp/blob/9b6097b1952ea82637ca30787ec3b52f8b2ab5ed/08.%20h%C3%A9t/RM%20Beadand%C3%B3/Novoszath_Andras_4.HW.rmp,https://raw.githubusercontent.com/nocibambi/bme-dmp/9b6097b1952ea82637ca30787ec3b52f8b2ab5ed/08.%20h%C3%A9t/RM%20Beadand%C3%B3/Novoszath_Andras_4.HW.rmp,https://api.github.com/repos/nocibambi/bme-dmp/git/blobs/5d0d49585f9c82c94f647f1cd01d363da9d41fe3,https://github.com/nocibambi/bme-dmp/blob/9b6097b1952ea82637ca30787ec3b52f8b2ab5ed/08.%20h%C3%A9t/RM%20Beadand%C3%B3/Novoszath_Andras_4.HW.rmp,08. hét/RM Beadandó/Novoszath_Andras_4.HW.rmp,file,Jupyter Notebook,2018-02-18 19:43:09,2018-05-03 17:48:04,nocibambi/bme-dmp,read_csv,csv_file,C:\Users\noa\Dropbox\Learn\bme-dmp\8. hét\RM Beadandó\telco_samp_w_churn.csv
https://github.com/allanx38/MscRMinerFiles/blob/fa96769632991998dcb0d2e466e016f83494a4e8/Arima/Pred_UpDn_01/knn/pred_ud_knn_DAX_trtest.rmp,https://raw.githubusercontent.com/allanx38/MscRMinerFiles/fa96769632991998dcb0d2e466e016f83494a4e8/Arima/Pred_UpDn_01/knn/pred_ud_knn_DAX_trtest.rmp,https://api.github.com/repos/allanx38/MscRMinerFiles/git/blobs/cd7a45bc2d324f28c67001726697745248382045,https://github.com/allanx38/MscRMinerFiles/blob/fa96769632991998dcb0d2e466e016f83494a4e8/Arima/Pred_UpDn_01/knn/pred_ud_knn_DAX_trtest.rmp,Arima/Pred_UpDn_01/knn/pred_ud_knn_DAX_trtest.rmp,file,,2014-05-17 13:46:04,2014-06-02 14:44:42,allanx38/MscRMinerFiles,read_csv,csv_file,D:\Allan\DropBox\MSc\Dissertation\Thesis\Data\Dax_2000_d.csv
https://github.com/allanx38/MscRMinerFiles/blob/fa96769632991998dcb0d2e466e016f83494a4e8/Arima/Predict%20Close%20Price/pred_close_ar_ann%20-%20train_test/chp5_arima_ann_CAC.rmp,https://raw.githubusercontent.com/allanx38/MscRMinerFiles/fa96769632991998dcb0d2e466e016f83494a4e8/Arima/Predict%20Close%20Price/pred_close_ar_ann%20-%20train_test/chp5_arima_ann_CAC.rmp,https://api.github.com/repos/allanx38/MscRMinerFiles/git/blobs/3f8ac5b0f83688f773eb29d25d6d5caf1ed37f95,https://github.com/allanx38/MscRMinerFiles/blob/fa96769632991998dcb0d2e466e016f83494a4e8/Arima/Predict%20Close%20Price/pred_close_ar_ann%20-%20train_test/chp5_arima_ann_CAC.rmp,Arima/Predict Close Price/pred_close_ar_ann - train_test/chp5_arima_ann_CAC.rmp,file,,2014-05-17 13:46:04,2014-06-02 14:44:42,allanx38/MscRMinerFiles,read_csv,csv_file,D:\Allan\DropBox\MSc\Dissertation\Thesis\Data\CAC_2000_d.csv
https://github.com/allanx38/MscRMinerFiles/blob/fa96769632991998dcb0d2e466e016f83494a4e8/Arima/Predict%20Close%20Price/pred_close_ar_ann%20-%20train_test/chp5_arima_ann_DAX.rmp,https://raw.githubusercontent.com/allanx38/MscRMinerFiles/fa96769632991998dcb0d2e466e016f83494a4e8/Arima/Predict%20Close%20Price/pred_close_ar_ann%20-%20train_test/chp5_arima_ann_DAX.rmp,https://api.github.com/repos/allanx38/MscRMinerFiles/git/blobs/a9557b71abbf2187cec3d803637bcc9b8d87800e,https://github.com/allanx38/MscRMinerFiles/blob/fa96769632991998dcb0d2e466e016f83494a4e8/Arima/Predict%20Close%20Price/pred_close_ar_ann%20-%20train_test/chp5_arima_ann_DAX.rmp,Arima/Predict Close Price/pred_close_ar_ann - train_test/chp5_arima_ann_DAX.rmp,file,,2014-05-17 13:46:04,2014-06-02 14:44:42,allanx38/MscRMinerFiles,read_csv,csv_file,D:\Allan\DropBox\MSc\Dissertation\Thesis\Data\Dax_2000_d.csv
https://github.com/allanx38/MscRMinerFiles/blob/fa96769632991998dcb0d2e466e016f83494a4e8/Arima/Predict%20Close%20Price/pred_close_ar_ann%20-%20train_test/chp5_arima_ann_DOW.rmp,https://raw.githubusercontent.com/allanx38/MscRMinerFiles/fa96769632991998dcb0d2e466e016f83494a4e8/Arima/Predict%20Close%20Price/pred_close_ar_ann%20-%20train_test/chp5_arima_ann_DOW.rmp,https://api.github.com/repos/allanx38/MscRMinerFiles/git/blobs/70c2f792ad7efbe3a1ecc55d5c38198b73604f3f,https://github.com/allanx38/MscRMinerFiles/blob/fa96769632991998dcb0d2e466e016f83494a4e8/Arima/Predict%20Close%20Price/pred_close_ar_ann%20-%20train_test/chp5_arima_ann_DOW.rmp,Arima/Predict Close Price/pred_close_ar_ann - train_test/chp5_arima_ann_DOW.rmp,file,,2014-05-17 13:46:04,2014-06-02 14:44:42,allanx38/MscRMinerFiles,read_csv,csv_file,D:\Allan\DropBox\MSc\Dissertation\Thesis\Data\Dow_2000_d.csv
https://github.com/allanx38/MscRMinerFiles/blob/fa96769632991998dcb0d2e466e016f83494a4e8/Arima/Predict%20Close%20Price/pred_close_ar_ann%20-%20train_test/chp5_arima_ann_F100.rmp,https://raw.githubusercontent.com/allanx38/MscRMinerFiles/fa96769632991998dcb0d2e466e016f83494a4e8/Arima/Predict%20Close%20Price/pred_close_ar_ann%20-%20train_test/chp5_arima_ann_F100.rmp,https://api.github.com/repos/allanx38/MscRMinerFiles/git/blobs/326ca3051b98548a4c9ef210f1bf9082f0de0139,https://github.com/allanx38/MscRMinerFiles/blob/fa96769632991998dcb0d2e466e016f83494a4e8/Arima/Predict%20Close%20Price/pred_close_ar_ann%20-%20train_test/chp5_arima_ann_F100.rmp,Arima/Predict Close Price/pred_close_ar_ann - train_test/chp5_arima_ann_F100.rmp,file,,2014-05-17 13:46:04,2014-06-02 14:44:42,allanx38/MscRMinerFiles,read_csv,csv_file,D:\Allan\DropBox\MSc\Dissertation\Thesis\Data\F100_2000_d.csv
https://github.com/allanx38/MscRMinerFiles/blob/fa96769632991998dcb0d2e466e016f83494a4e8/Arima/Predict%20Close%20Price/pred_close_ar_ann%20-%20train_test/chp5_arima_ann_NIK.rmp,https://raw.githubusercontent.com/allanx38/MscRMinerFiles/fa96769632991998dcb0d2e466e016f83494a4e8/Arima/Predict%20Close%20Price/pred_close_ar_ann%20-%20train_test/chp5_arima_ann_NIK.rmp,https://api.github.com/repos/allanx38/MscRMinerFiles/git/blobs/db6c1ad354fb7b76a20d32ff3a8b453e8a4ad3ee,https://github.com/allanx38/MscRMinerFiles/blob/fa96769632991998dcb0d2e466e016f83494a4e8/Arima/Predict%20Close%20Price/pred_close_ar_ann%20-%20train_test/chp5_arima_ann_NIK.rmp,Arima/Predict Close Price/pred_close_ar_ann - train_test/chp5_arima_ann_NIK.rmp,file,,2014-05-17 13:46:04,2014-06-02 14:44:42,allanx38/MscRMinerFiles,read_csv,csv_file,D:\Allan\DropBox\MSc\Dissertation\Thesis\Data\N225_2000_d.csv
https://github.com/allanx38/MscRMinerFiles/blob/fa96769632991998dcb0d2e466e016f83494a4e8/Arima/Predict%20Close%20Price/pred_close_ar_ann%20-%20train_test/chp5_arima_ann_Oz.rmp,https://raw.githubusercontent.com/allanx38/MscRMinerFiles/fa96769632991998dcb0d2e466e016f83494a4e8/Arima/Predict%20Close%20Price/pred_close_ar_ann%20-%20train_test/chp5_arima_ann_Oz.rmp,https://api.github.com/repos/allanx38/MscRMinerFiles/git/blobs/da8c018d6d3897a069be4a3585d7183a35d0a446,https://github.com/allanx38/MscRMinerFiles/blob/fa96769632991998dcb0d2e466e016f83494a4e8/Arima/Predict%20Close%20Price/pred_close_ar_ann%20-%20train_test/chp5_arima_ann_Oz.rmp,Arima/Predict Close Price/pred_close_ar_ann - train_test/chp5_arima_ann_Oz.rmp,file,,2014-05-17 13:46:04,2014-06-02 14:44:42,allanx38/MscRMinerFiles,read_csv,csv_file,D:\Allan\DropBox\MSc\Dissertation\Thesis\Data\Oz_2000.csv
https://github.com/allanx38/MscRMinerFiles/blob/fa96769632991998dcb0d2e466e016f83494a4e8/Arima/chp5_arima_1.rmp,https://raw.githubusercontent.com/allanx38/MscRMinerFiles/fa96769632991998dcb0d2e466e016f83494a4e8/Arima/chp5_arima_1.rmp,https://api.github.com/repos/allanx38/MscRMinerFiles/git/blobs/b88994dafc0dac483e9a5ffb20d951fb68db2d8a,https://github.com/allanx38/MscRMinerFiles/blob/fa96769632991998dcb0d2e466e016f83494a4e8/Arima/chp5_arima_1.rmp,Arima/chp5_arima_1.rmp,file,,2014-05-17 13:46:04,2014-06-02 14:44:42,allanx38/MscRMinerFiles,read_csv,csv_file,D:\Allan\DropBox\MSc\Dissertation\Thesis\Data\Dax_2000_d_train.csv
https://github.com/allanx38/MscRMinerFiles/blob/fa96769632991998dcb0d2e466e016f83494a4e8/Arima2/Hybrid_base.rmp,https://raw.githubusercontent.com/allanx38/MscRMinerFiles/fa96769632991998dcb0d2e466e016f83494a4e8/Arima2/Hybrid_base.rmp,https://api.github.com/repos/allanx38/MscRMinerFiles/git/blobs/b88994dafc0dac483e9a5ffb20d951fb68db2d8a,https://github.com/allanx38/MscRMinerFiles/blob/fa96769632991998dcb0d2e466e016f83494a4e8/Arima2/Hybrid_base.rmp,Arima2/Hybrid_base.rmp,file,,2014-05-17 13:46:04,2014-06-02 14:44:42,allanx38/MscRMinerFiles,read_csv,csv_file,D:\Allan\DropBox\MSc\Dissertation\Thesis\Data\Dax_2000_d_train.csv
https://github.com/allanx38/MscRMinerFiles/blob/fa96769632991998dcb0d2e466e016f83494a4e8/Arima2/Pred_Close/ann/chp5_hyb_cl_ann_dax.rmp,https://raw.githubusercontent.com/allanx38/MscRMinerFiles/fa96769632991998dcb0d2e466e016f83494a4e8/Arima2/Pred_Close/ann/chp5_hyb_cl_ann_dax.rmp,https://api.github.com/repos/allanx38/MscRMinerFiles/git/blobs/0f01df35d4b30d530a4d3b7e0f31b1984648eeba,https://github.com/allanx38/MscRMinerFiles/blob/fa96769632991998dcb0d2e466e016f83494a4e8/Arima2/Pred_Close/ann/chp5_hyb_cl_ann_dax.rmp,Arima2/Pred_Close/ann/chp5_hyb_cl_ann_dax.rmp,file,,2014-05-17 13:46:04,2014-06-02 14:44:42,allanx38/MscRMinerFiles,read_csv,csv_file,D:\Allan\DropBox\MSc\Dissertation\Thesis\Data\Dax_2000_d_train.csv
https://github.com/allanx38/MscRMinerFiles/blob/fa96769632991998dcb0d2e466e016f83494a4e8/Arima2/Pred_Close/knn/chp5_hyb_cl_knn_cac.rmp,https://raw.githubusercontent.com/allanx38/MscRMinerFiles/fa96769632991998dcb0d2e466e016f83494a4e8/Arima2/Pred_Close/knn/chp5_hyb_cl_knn_cac.rmp,https://api.github.com/repos/allanx38/MscRMinerFiles/git/blobs/09d2cbe37209c3170f0c580d76be72769a8f2838,https://github.com/allanx38/MscRMinerFiles/blob/fa96769632991998dcb0d2e466e016f83494a4e8/Arima2/Pred_Close/knn/chp5_hyb_cl_knn_cac.rmp,Arima2/Pred_Close/knn/chp5_hyb_cl_knn_cac.rmp,file,,2014-05-17 13:46:04,2014-06-02 14:44:42,allanx38/MscRMinerFiles,read_csv,csv_file,D:\Allan\DropBox\MSc\Dissertation\Thesis\Data\CAC_2000_d_train.csv
https://github.com/allanx38/MscRMinerFiles/blob/fa96769632991998dcb0d2e466e016f83494a4e8/Arima2/Pred_Close/knn/chp5_hyb_cl_knn_dax.rmp,https://raw.githubusercontent.com/allanx38/MscRMinerFiles/fa96769632991998dcb0d2e466e016f83494a4e8/Arima2/Pred_Close/knn/chp5_hyb_cl_knn_dax.rmp,https://api.github.com/repos/allanx38/MscRMinerFiles/git/blobs/133f79648659cdc985f0aeeabdbc3fab06075c9d,https://github.com/allanx38/MscRMinerFiles/blob/fa96769632991998dcb0d2e466e016f83494a4e8/Arima2/Pred_Close/knn/chp5_hyb_cl_knn_dax.rmp,Arima2/Pred_Close/knn/chp5_hyb_cl_knn_dax.rmp,file,,2014-05-17 13:46:04,2014-06-02 14:44:42,allanx38/MscRMinerFiles,read_csv,csv_file,D:\Allan\DropBox\MSc\Dissertation\Thesis\Data\Dax_2000_d_train.csv
https://github.com/allanx38/MscRMinerFiles/blob/fa96769632991998dcb0d2e466e016f83494a4e8/Arima2/Pred_Close/knn/chp5_hyb_cl_knn_dow.rmp,https://raw.githubusercontent.com/allanx38/MscRMinerFiles/fa96769632991998dcb0d2e466e016f83494a4e8/Arima2/Pred_Close/knn/chp5_hyb_cl_knn_dow.rmp,https://api.github.com/repos/allanx38/MscRMinerFiles/git/blobs/2ef571368cc1f272ac125fc6f39ee214ebc157c3,https://github.com/allanx38/MscRMinerFiles/blob/fa96769632991998dcb0d2e466e016f83494a4e8/Arima2/Pred_Close/knn/chp5_hyb_cl_knn_dow.rmp,Arima2/Pred_Close/knn/chp5_hyb_cl_knn_dow.rmp,file,,2014-05-17 13:46:04,2014-06-02 14:44:42,allanx38/MscRMinerFiles,read_csv,csv_file,D:\Allan\DropBox\MSc\Dissertation\Thesis\Data\Dow_2000_d_train.csv
https://github.com/allanx38/MscRMinerFiles/blob/fa96769632991998dcb0d2e466e016f83494a4e8/Arima2/Pred_Close/knn/chp5_hyb_cl_knn_ftse.rmp,https://raw.githubusercontent.com/allanx38/MscRMinerFiles/fa96769632991998dcb0d2e466e016f83494a4e8/Arima2/Pred_Close/knn/chp5_hyb_cl_knn_ftse.rmp,https://api.github.com/repos/allanx38/MscRMinerFiles/git/blobs/860d80e2623fa128c76cf419107fec962049f903,https://github.com/allanx38/MscRMinerFiles/blob/fa96769632991998dcb0d2e466e016f83494a4e8/Arima2/Pred_Close/knn/chp5_hyb_cl_knn_ftse.rmp,Arima2/Pred_Close/knn/chp5_hyb_cl_knn_ftse.rmp,file,,2014-05-17 13:46:04,2014-06-02 14:44:42,allanx38/MscRMinerFiles,read_csv,csv_file,D:\Allan\DropBox\MSc\Dissertation\Thesis\Data\F100_2000_d_train.csv
https://github.com/allanx38/MscRMinerFiles/blob/fa96769632991998dcb0d2e466e016f83494a4e8/Arima2/Pred_Close/knn/chp5_hyb_cl_knn_nik.rmp,https://raw.githubusercontent.com/allanx38/MscRMinerFiles/fa96769632991998dcb0d2e466e016f83494a4e8/Arima2/Pred_Close/knn/chp5_hyb_cl_knn_nik.rmp,https://api.github.com/repos/allanx38/MscRMinerFiles/git/blobs/8466ed22fc5c10b7590ce0df73ff754913a2fad2,https://github.com/allanx38/MscRMinerFiles/blob/fa96769632991998dcb0d2e466e016f83494a4e8/Arima2/Pred_Close/knn/chp5_hyb_cl_knn_nik.rmp,Arima2/Pred_Close/knn/chp5_hyb_cl_knn_nik.rmp,file,,2014-05-17 13:46:04,2014-06-02 14:44:42,allanx38/MscRMinerFiles,read_csv,csv_file,D:\Allan\DropBox\MSc\Dissertation\Thesis\Data\N225_2000_d_train.csv
https://github.com/allanx38/MscRMinerFiles/blob/fa96769632991998dcb0d2e466e016f83494a4e8/Arima2/Pred_Close/knn/chp5_hyb_cl_knn_oz.rmp,https://raw.githubusercontent.com/allanx38/MscRMinerFiles/fa96769632991998dcb0d2e466e016f83494a4e8/Arima2/Pred_Close/knn/chp5_hyb_cl_knn_oz.rmp,https://api.github.com/repos/allanx38/MscRMinerFiles/git/blobs/b714b51c7decd122c44383da828ed42de0c28fa2,https://github.com/allanx38/MscRMinerFiles/blob/fa96769632991998dcb0d2e466e016f83494a4e8/Arima2/Pred_Close/knn/chp5_hyb_cl_knn_oz.rmp,Arima2/Pred_Close/knn/chp5_hyb_cl_knn_oz.rmp,file,,2014-05-17 13:46:04,2014-06-02 14:44:42,allanx38/MscRMinerFiles,read_csv,csv_file,D:\Allan\DropBox\MSc\Dissertation\Thesis\Data\Oz_2000_train.csv
https://github.com/allanx38/MscRMinerFiles/blob/fa96769632991998dcb0d2e466e016f83494a4e8/Arima2/Pred_Close/ann/chp5_hyb_cl_ann_cac.rmp,https://raw.githubusercontent.com/allanx38/MscRMinerFiles/fa96769632991998dcb0d2e466e016f83494a4e8/Arima2/Pred_Close/ann/chp5_hyb_cl_ann_cac.rmp,https://api.github.com/repos/allanx38/MscRMinerFiles/git/blobs/25f415c169446f0be5095aab0b23d11f0a864af5,https://github.com/allanx38/MscRMinerFiles/blob/fa96769632991998dcb0d2e466e016f83494a4e8/Arima2/Pred_Close/ann/chp5_hyb_cl_ann_cac.rmp,Arima2/Pred_Close/ann/chp5_hyb_cl_ann_cac.rmp,file,,2014-05-17 13:46:04,2014-06-02 14:44:42,allanx38/MscRMinerFiles,read_csv,csv_file,D:\Allan\DropBox\MSc\Dissertation\Thesis\Data\CAC_2000_d_train.csv
https://github.com/allanx38/MscRMinerFiles/blob/fa96769632991998dcb0d2e466e016f83494a4e8/Arima2/Pred_UD/ann/chp5_hyb_ann_nik.rmp,https://raw.githubusercontent.com/allanx38/MscRMinerFiles/fa96769632991998dcb0d2e466e016f83494a4e8/Arima2/Pred_UD/ann/chp5_hyb_ann_nik.rmp,https://api.github.com/repos/allanx38/MscRMinerFiles/git/blobs/f4bee11eec8a10304b27753449695c9ce80ff4d7,https://github.com/allanx38/MscRMinerFiles/blob/fa96769632991998dcb0d2e466e016f83494a4e8/Arima2/Pred_UD/ann/chp5_hyb_ann_nik.rmp,Arima2/Pred_UD/ann/chp5_hyb_ann_nik.rmp,file,,2014-05-17 13:46:04,2014-06-02 14:44:42,allanx38/MscRMinerFiles,read_csv,csv_file,D:\Allan\DropBox\MSc\Dissertation\Thesis\Data\N225_2000_d_train.csv
https://github.com/allanx38/MscRMinerFiles/blob/fa96769632991998dcb0d2e466e016f83494a4e8/Arima2/Pred_UD/ann/chp5_hyb_ann_cac.rmp,https://raw.githubusercontent.com/allanx38/MscRMinerFiles/fa96769632991998dcb0d2e466e016f83494a4e8/Arima2/Pred_UD/ann/chp5_hyb_ann_cac.rmp,https://api.github.com/repos/allanx38/MscRMinerFiles/git/blobs/46748020d53ea225cab3bf0579437210ab824685,https://github.com/allanx38/MscRMinerFiles/blob/fa96769632991998dcb0d2e466e016f83494a4e8/Arima2/Pred_UD/ann/chp5_hyb_ann_cac.rmp,Arima2/Pred_UD/ann/chp5_hyb_ann_cac.rmp,file,,2014-05-17 13:46:04,2014-06-02 14:44:42,allanx38/MscRMinerFiles,read_csv,csv_file,D:\Allan\DropBox\MSc\Dissertation\Thesis\Data\CAC_2000_d_train.csv
https://github.com/allanx38/MscRMinerFiles/blob/fa96769632991998dcb0d2e466e016f83494a4e8/Arima2/Pred_UD/ann/chp5_hyb_ann_dax.rmp,https://raw.githubusercontent.com/allanx38/MscRMinerFiles/fa96769632991998dcb0d2e466e016f83494a4e8/Arima2/Pred_UD/ann/chp5_hyb_ann_dax.rmp,https://api.github.com/repos/allanx38/MscRMinerFiles/git/blobs/0b77be2343843ea31cf0b97b384dfbd45675e34f,https://github.com/allanx38/MscRMinerFiles/blob/fa96769632991998dcb0d2e466e016f83494a4e8/Arima2/Pred_UD/ann/chp5_hyb_ann_dax.rmp,Arima2/Pred_UD/ann/chp5_hyb_ann_dax.rmp,file,,2014-05-17 13:46:04,2014-06-02 14:44:42,allanx38/MscRMinerFiles,read_csv,csv_file,D:\Allan\DropBox\MSc\Dissertation\Thesis\Data\Dax_2000_d_train.csv
https://github.com/allanx38/MscRMinerFiles/blob/fa96769632991998dcb0d2e466e016f83494a4e8/Arima2/Pred_UD/ann/chp5_hyb_ann_dow.rmp,https://raw.githubusercontent.com/allanx38/MscRMinerFiles/fa96769632991998dcb0d2e466e016f83494a4e8/Arima2/Pred_UD/ann/chp5_hyb_ann_dow.rmp,https://api.github.com/repos/allanx38/MscRMinerFiles/git/blobs/f8bb22ed1149afc4b92a9b7905953887b4b640db,https://github.com/allanx38/MscRMinerFiles/blob/fa96769632991998dcb0d2e466e016f83494a4e8/Arima2/Pred_UD/ann/chp5_hyb_ann_dow.rmp,Arima2/Pred_UD/ann/chp5_hyb_ann_dow.rmp,file,,2014-05-17 13:46:04,2014-06-02 14:44:42,allanx38/MscRMinerFiles,read_csv,csv_file,D:\Allan\DropBox\MSc\Dissertation\Thesis\Data\Dow_2000_d_train.csv
https://github.com/allanx38/MscRMinerFiles/blob/fa96769632991998dcb0d2e466e016f83494a4e8/Arima2/Pred_UD/ann/chp5_hyb_ann_ftse.rmp,https://raw.githubusercontent.com/allanx38/MscRMinerFiles/fa96769632991998dcb0d2e466e016f83494a4e8/Arima2/Pred_UD/ann/chp5_hyb_ann_ftse.rmp,https://api.github.com/repos/allanx38/MscRMinerFiles/git/blobs/0b9459639da3927d28f116113a15c73e62a457e1,https://github.com/allanx38/MscRMinerFiles/blob/fa96769632991998dcb0d2e466e016f83494a4e8/Arima2/Pred_UD/ann/chp5_hyb_ann_ftse.rmp,Arima2/Pred_UD/ann/chp5_hyb_ann_ftse.rmp,file,,2014-05-17 13:46:04,2014-06-02 14:44:42,allanx38/MscRMinerFiles,read_csv,csv_file,D:\Allan\DropBox\MSc\Dissertation\Thesis\Data\F100_2000_d_train.csv
https://github.com/allanx38/MscRMinerFiles/blob/fa96769632991998dcb0d2e466e016f83494a4e8/Arima2/Pred_UD/svm/chp5_hyb_svm_ftse.rmp,https://raw.githubusercontent.com/allanx38/MscRMinerFiles/fa96769632991998dcb0d2e466e016f83494a4e8/Arima2/Pred_UD/svm/chp5_hyb_svm_ftse.rmp,https://api.github.com/repos/allanx38/MscRMinerFiles/git/blobs/665218502e84dc4a77fcac95fe407a1967a367cc,https://github.com/allanx38/MscRMinerFiles/blob/fa96769632991998dcb0d2e466e016f83494a4e8/Arima2/Pred_UD/svm/chp5_hyb_svm_ftse.rmp,Arima2/Pred_UD/svm/chp5_hyb_svm_ftse.rmp,file,,2014-05-17 13:46:04,2014-06-02 14:44:42,allanx38/MscRMinerFiles,read_csv,csv_file,D:\Allan\DropBox\MSc\Dissertation\Thesis\Data\F100_2000_d_train.csv
https://github.com/allanx38/MscRMinerFiles/blob/fa96769632991998dcb0d2e466e016f83494a4e8/Arima2/Pred_UD/ann/chp5_hyb_ann_oz.rmp,https://raw.githubusercontent.com/allanx38/MscRMinerFiles/fa96769632991998dcb0d2e466e016f83494a4e8/Arima2/Pred_UD/ann/chp5_hyb_ann_oz.rmp,https://api.github.com/repos/allanx38/MscRMinerFiles/git/blobs/ee1ef0cd4274ebc382dd33f393201e92f5070535,https://github.com/allanx38/MscRMinerFiles/blob/fa96769632991998dcb0d2e466e016f83494a4e8/Arima2/Pred_UD/ann/chp5_hyb_ann_oz.rmp,Arima2/Pred_UD/ann/chp5_hyb_ann_oz.rmp,file,,2014-05-17 13:46:04,2014-06-02 14:44:42,allanx38/MscRMinerFiles,read_csv,csv_file,D:\Allan\DropBox\MSc\Dissertation\Thesis\Data\Oz_2000_train.csv
https://github.com/allanx38/MscRMinerFiles/blob/fa96769632991998dcb0d2e466e016f83494a4e8/Arima2/Pred_UD/knn/chp5_hyb_knn_dax.rmp,https://raw.githubusercontent.com/allanx38/MscRMinerFiles/fa96769632991998dcb0d2e466e016f83494a4e8/Arima2/Pred_UD/knn/chp5_hyb_knn_dax.rmp,https://api.github.com/repos/allanx38/MscRMinerFiles/git/blobs/0761ca2a1b3e0cf6b140b50ae028117e4f3aac3e,https://github.com/allanx38/MscRMinerFiles/blob/fa96769632991998dcb0d2e466e016f83494a4e8/Arima2/Pred_UD/knn/chp5_hyb_knn_dax.rmp,Arima2/Pred_UD/knn/chp5_hyb_knn_dax.rmp,file,,2014-05-17 13:46:04,2014-06-02 14:44:42,allanx38/MscRMinerFiles,read_csv,csv_file,D:\Allan\DropBox\MSc\Dissertation\Thesis\Data\Dax_2000_d_train.csv
https://github.com/allanx38/MscRMinerFiles/blob/fa96769632991998dcb0d2e466e016f83494a4e8/Arima2/Pred_UD/knn/chp5_hyb_knn_dow.rmp,https://raw.githubusercontent.com/allanx38/MscRMinerFiles/fa96769632991998dcb0d2e466e016f83494a4e8/Arima2/Pred_UD/knn/chp5_hyb_knn_dow.rmp,https://api.github.com/repos/allanx38/MscRMinerFiles/git/blobs/b1af2e4b342c6e69b762e6ece2ef9be2d86ab86d,https://github.com/allanx38/MscRMinerFiles/blob/fa96769632991998dcb0d2e466e016f83494a4e8/Arima2/Pred_UD/knn/chp5_hyb_knn_dow.rmp,Arima2/Pred_UD/knn/chp5_hyb_knn_dow.rmp,file,,2014-05-17 13:46:04,2014-06-02 14:44:42,allanx38/MscRMinerFiles,read_csv,csv_file,D:\Allan\DropBox\MSc\Dissertation\Thesis\Data\Dow_2000_d_train.csv
https://github.com/allanx38/MscRMinerFiles/blob/fa96769632991998dcb0d2e466e016f83494a4e8/Arima2/Pred_UD/knn/chp5_hyb_knn_ftse.rmp,https://raw.githubusercontent.com/allanx38/MscRMinerFiles/fa96769632991998dcb0d2e466e016f83494a4e8/Arima2/Pred_UD/knn/chp5_hyb_knn_ftse.rmp,https://api.github.com/repos/allanx38/MscRMinerFiles/git/blobs/85c1437732190a13f4bd9635190c4b08b8e54135,https://github.com/allanx38/MscRMinerFiles/blob/fa96769632991998dcb0d2e466e016f83494a4e8/Arima2/Pred_UD/knn/chp5_hyb_knn_ftse.rmp,Arima2/Pred_UD/knn/chp5_hyb_knn_ftse.rmp,file,,2014-05-17 13:46:04,2014-06-02 14:44:42,allanx38/MscRMinerFiles,read_csv,csv_file,D:\Allan\DropBox\MSc\Dissertation\Thesis\Data\F100_2000_d_train.csv
https://github.com/allanx38/MscRMinerFiles/blob/fa96769632991998dcb0d2e466e016f83494a4e8/Arima2/Pred_UD/knn/chp5_hyb_knn_nik.rmp,https://raw.githubusercontent.com/allanx38/MscRMinerFiles/fa96769632991998dcb0d2e466e016f83494a4e8/Arima2/Pred_UD/knn/chp5_hyb_knn_nik.rmp,https://api.github.com/repos/allanx38/MscRMinerFiles/git/blobs/62815fae0cc05edca0aca4505622446b0f2d2f94,https://github.com/allanx38/MscRMinerFiles/blob/fa96769632991998dcb0d2e466e016f83494a4e8/Arima2/Pred_UD/knn/chp5_hyb_knn_nik.rmp,Arima2/Pred_UD/knn/chp5_hyb_knn_nik.rmp,file,,2014-05-17 13:46:04,2014-06-02 14:44:42,allanx38/MscRMinerFiles,read_csv,csv_file,D:\Allan\DropBox\MSc\Dissertation\Thesis\Data\N225_2000_d_train.csv
https://github.com/allanx38/MscRMinerFiles/blob/fa96769632991998dcb0d2e466e016f83494a4e8/Arima2/Pred_UD/knn/chp5_hyb_knn_oz.rmp,https://raw.githubusercontent.com/allanx38/MscRMinerFiles/fa96769632991998dcb0d2e466e016f83494a4e8/Arima2/Pred_UD/knn/chp5_hyb_knn_oz.rmp,https://api.github.com/repos/allanx38/MscRMinerFiles/git/blobs/4c76f57ba9567526cc6ade298be19df52f3c7994,https://github.com/allanx38/MscRMinerFiles/blob/fa96769632991998dcb0d2e466e016f83494a4e8/Arima2/Pred_UD/knn/chp5_hyb_knn_oz.rmp,Arima2/Pred_UD/knn/chp5_hyb_knn_oz.rmp,file,,2014-05-17 13:46:04,2014-06-02 14:44:42,allanx38/MscRMinerFiles,read_csv,csv_file,D:\Allan\DropBox\MSc\Dissertation\Thesis\Data\Oz_2000_train.csv
https://github.com/allanx38/MscRMinerFiles/blob/fa96769632991998dcb0d2e466e016f83494a4e8/Arima2/Pred_UD/svm/chp5_hyb_svm_dax.rmp,https://raw.githubusercontent.com/allanx38/MscRMinerFiles/fa96769632991998dcb0d2e466e016f83494a4e8/Arima2/Pred_UD/svm/chp5_hyb_svm_dax.rmp,https://api.github.com/repos/allanx38/MscRMinerFiles/git/blobs/8958231e190915e1b361fedf60b7463bdffd394e,https://github.com/allanx38/MscRMinerFiles/blob/fa96769632991998dcb0d2e466e016f83494a4e8/Arima2/Pred_UD/svm/chp5_hyb_svm_dax.rmp,Arima2/Pred_UD/svm/chp5_hyb_svm_dax.rmp,file,,2014-05-17 13:46:04,2014-06-02 14:44:42,allanx38/MscRMinerFiles,read_csv,csv_file,D:\Allan\DropBox\MSc\Dissertation\Thesis\Data\Dax_2000_d_train.csv
https://github.com/allanx38/MscRMinerFiles/blob/fa96769632991998dcb0d2e466e016f83494a4e8/Arima2/Pred_UD/svm/chp5_hyb_svm_dow.rmp,https://raw.githubusercontent.com/allanx38/MscRMinerFiles/fa96769632991998dcb0d2e466e016f83494a4e8/Arima2/Pred_UD/svm/chp5_hyb_svm_dow.rmp,https://api.github.com/repos/allanx38/MscRMinerFiles/git/blobs/44cf2fc017060d48e07023a7bd159bd4583db4f3,https://github.com/allanx38/MscRMinerFiles/blob/fa96769632991998dcb0d2e466e016f83494a4e8/Arima2/Pred_UD/svm/chp5_hyb_svm_dow.rmp,Arima2/Pred_UD/svm/chp5_hyb_svm_dow.rmp,file,,2014-05-17 13:46:04,2014-06-02 14:44:42,allanx38/MscRMinerFiles,read_csv,csv_file,D:\Allan\DropBox\MSc\Dissertation\Thesis\Data\Dow_2000_d_train.csv
https://github.com/allanx38/MscRMinerFiles/blob/fa96769632991998dcb0d2e466e016f83494a4e8/Arima2/Pred_UD/svm/chp5_hyb_svm_nik.rmp,https://raw.githubusercontent.com/allanx38/MscRMinerFiles/fa96769632991998dcb0d2e466e016f83494a4e8/Arima2/Pred_UD/svm/chp5_hyb_svm_nik.rmp,https://api.github.com/repos/allanx38/MscRMinerFiles/git/blobs/c6ba38b4960105631657e3ea1c0ddf42efd75f80,https://github.com/allanx38/MscRMinerFiles/blob/fa96769632991998dcb0d2e466e016f83494a4e8/Arima2/Pred_UD/svm/chp5_hyb_svm_nik.rmp,Arima2/Pred_UD/svm/chp5_hyb_svm_nik.rmp,file,,2014-05-17 13:46:04,2014-06-02 14:44:42,allanx38/MscRMinerFiles,read_csv,csv_file,D:\Allan\DropBox\MSc\Dissertation\Thesis\Data\N225_2000_d_train.csv
https://github.com/allanx38/MscRMinerFiles/blob/fa96769632991998dcb0d2e466e016f83494a4e8/Arima2/Pred_UD/svm/chp5_hyb_svm_oz.rmp,https://raw.githubusercontent.com/allanx38/MscRMinerFiles/fa96769632991998dcb0d2e466e016f83494a4e8/Arima2/Pred_UD/svm/chp5_hyb_svm_oz.rmp,https://api.github.com/repos/allanx38/MscRMinerFiles/git/blobs/f8307871fe789b9ae22be0ae6f8afa53c090f469,https://github.com/allanx38/MscRMinerFiles/blob/fa96769632991998dcb0d2e466e016f83494a4e8/Arima2/Pred_UD/svm/chp5_hyb_svm_oz.rmp,Arima2/Pred_UD/svm/chp5_hyb_svm_oz.rmp,file,,2014-05-17 13:46:04,2014-06-02 14:44:42,allanx38/MscRMinerFiles,read_csv,csv_file,D:\Allan\DropBox\MSc\Dissertation\Thesis\Data\Oz_2000_train.csv
https://github.com/allanx38/MscRMinerFiles/blob/fa96769632991998dcb0d2e466e016f83494a4e8/Arima2/Pred_UD/knn/chp5_hyb_knn_cac.rmp,https://raw.githubusercontent.com/allanx38/MscRMinerFiles/fa96769632991998dcb0d2e466e016f83494a4e8/Arima2/Pred_UD/knn/chp5_hyb_knn_cac.rmp,https://api.github.com/repos/allanx38/MscRMinerFiles/git/blobs/a8a05e54ffd4111b46255d51950af0cf01c01674,https://github.com/allanx38/MscRMinerFiles/blob/fa96769632991998dcb0d2e466e016f83494a4e8/Arima2/Pred_UD/knn/chp5_hyb_knn_cac.rmp,Arima2/Pred_UD/knn/chp5_hyb_knn_cac.rmp,file,,2014-05-17 13:46:04,2014-06-02 14:44:42,allanx38/MscRMinerFiles,read_csv,csv_file,D:\Allan\DropBox\MSc\Dissertation\Thesis\Data\CAC_2000_d_train.csv
https://github.com/allanx38/MscRMinerFiles/blob/fa96769632991998dcb0d2e466e016f83494a4e8/Arima2/Pred_UD/svm/chp5_hyb_svm_cac.rmp,https://raw.githubusercontent.com/allanx38/MscRMinerFiles/fa96769632991998dcb0d2e466e016f83494a4e8/Arima2/Pred_UD/svm/chp5_hyb_svm_cac.rmp,https://api.github.com/repos/allanx38/MscRMinerFiles/git/blobs/888b2e49fe6e477db55b5f8f37196250775e6b1b,https://github.com/allanx38/MscRMinerFiles/blob/fa96769632991998dcb0d2e466e016f83494a4e8/Arima2/Pred_UD/svm/chp5_hyb_svm_cac.rmp,Arima2/Pred_UD/svm/chp5_hyb_svm_cac.rmp,file,,2014-05-17 13:46:04,2014-06-02 14:44:42,allanx38/MscRMinerFiles,read_csv,csv_file,D:\Allan\DropBox\MSc\Dissertation\Thesis\Data\CAC_2000_d_train.csv
https://github.com/gevargas/polito-s2eunet/blob/24fb378e1e5491f3422ab20dc0fe1f8cf0d950cf/ExercisesonNeubotData-BusinessIntelligence/Tesina-Business%20Intelligence/Processi%20Progetto%20Neubot/Seconda%20analisi%20-%20K-means.rmp,https://raw.githubusercontent.com/gevargas/polito-s2eunet/24fb378e1e5491f3422ab20dc0fe1f8cf0d950cf/ExercisesonNeubotData-BusinessIntelligence/Tesina-Business%20Intelligence/Processi%20Progetto%20Neubot/Seconda%20analisi%20-%20K-means.rmp,https://api.github.com/repos/gevargas/polito-s2eunet/git/blobs/5a3cc513eb3fd55529512ed5bc3282fd86c98922,https://github.com/gevargas/polito-s2eunet/blob/24fb378e1e5491f3422ab20dc0fe1f8cf0d950cf/ExercisesonNeubotData-BusinessIntelligence/Tesina-Business%20Intelligence/Processi%20Progetto%20Neubot/Seconda%20analisi%20-%20K-means.rmp,ExercisesonNeubotData-BusinessIntelligence/Tesina-Business Intelligence/Processi Progetto Neubot/Seconda analisi - K-means.rmp,file,TeX,2014-06-05 08:37:27,2014-06-18 06:46:02,gevargas/polito-s2eunet,read_csv,csv_file,E:\Spongebob\Spongebob - BI\2013_04_IT.csv
https://github.com/dice89/master-thesis/blob/57820eac12fcb816c594ae14412d74bb737a4bc4/RapidminerRepo/OutlierEvaluation/oacode_cblof_unweighted_regular.rmp,https://raw.githubusercontent.com/dice89/master-thesis/57820eac12fcb816c594ae14412d74bb737a4bc4/RapidminerRepo/OutlierEvaluation/oacode_cblof_unweighted_regular.rmp,https://api.github.com/repos/dice89/master-thesis/git/blobs/a4225cd88fbcbda8954e9c2a4a6e1510a6c1fcc1,https://github.com/dice89/master-thesis/blob/57820eac12fcb816c594ae14412d74bb737a4bc4/RapidminerRepo/OutlierEvaluation/oacode_cblof_unweighted_regular.rmp,RapidminerRepo/OutlierEvaluation/oacode_cblof_unweighted_regular.rmp,file,Groff,2014-11-18 10:50:24,2015-04-29 22:24:48,dice89/master-thesis,read_csv,csv_file,/Users/mueller/Documents/master-thesis/ontologymatcher/matchings/cmt-conference_raw_matchings.csv
https://github.com/dice89/master-thesis/blob/57820eac12fcb816c594ae14412d74bb737a4bc4/RapidminerRepo/OutlierEvaluation/oacode_ldcof_regular.rmp,https://raw.githubusercontent.com/dice89/master-thesis/57820eac12fcb816c594ae14412d74bb737a4bc4/RapidminerRepo/OutlierEvaluation/oacode_ldcof_regular.rmp,https://api.github.com/repos/dice89/master-thesis/git/blobs/38f4fdcd53aa3b6ab0bae551783d6f080dd79c98,https://github.com/dice89/master-thesis/blob/57820eac12fcb816c594ae14412d74bb737a4bc4/RapidminerRepo/OutlierEvaluation/oacode_ldcof_regular.rmp,RapidminerRepo/OutlierEvaluation/oacode_ldcof_regular.rmp,file,Groff,2014-11-18 10:50:24,2015-04-29 22:24:48,dice89/master-thesis,read_csv,csv_file,/Users/mueller/Documents/master-thesis/ontologymatcher/matchings/confOf-edas_raw_matchings.csv
https://github.com/dice89/master-thesis/blob/57820eac12fcb816c594ae14412d74bb737a4bc4/RapidminerRepo/OutlierEvaluation/oacode_cblof_unweighted.rmp,https://raw.githubusercontent.com/dice89/master-thesis/57820eac12fcb816c594ae14412d74bb737a4bc4/RapidminerRepo/OutlierEvaluation/oacode_cblof_unweighted.rmp,https://api.github.com/repos/dice89/master-thesis/git/blobs/580ac90e88872f50d7d4c53452d20ba856206afe,https://github.com/dice89/master-thesis/blob/57820eac12fcb816c594ae14412d74bb737a4bc4/RapidminerRepo/OutlierEvaluation/oacode_cblof_unweighted.rmp,RapidminerRepo/OutlierEvaluation/oacode_cblof_unweighted.rmp,file,Groff,2014-11-18 10:50:24,2015-04-29 22:24:48,dice89/master-thesis,read_csv,csv_file,/Users/mueller/Documents/master-thesis/ontologymatcher/matchings/cmt-conference_raw_matchings.csv
https://github.com/dice89/master-thesis/blob/57820eac12fcb816c594ae14412d74bb737a4bc4/RapidminerRepo/OutlierEvaluation/oacode_ldcof.rmp,https://raw.githubusercontent.com/dice89/master-thesis/57820eac12fcb816c594ae14412d74bb737a4bc4/RapidminerRepo/OutlierEvaluation/oacode_ldcof.rmp,https://api.github.com/repos/dice89/master-thesis/git/blobs/d6ab7b21db7763488f0d5a296d93447d53df431e,https://github.com/dice89/master-thesis/blob/57820eac12fcb816c594ae14412d74bb737a4bc4/RapidminerRepo/OutlierEvaluation/oacode_ldcof.rmp,RapidminerRepo/OutlierEvaluation/oacode_ldcof.rmp,file,Groff,2014-11-18 10:50:24,2015-04-29 22:24:48,dice89/master-thesis,read_csv,csv_file,/Users/mueller/Documents/master-thesis/ontologymatcher/matchings/edas-iasted_raw_matchings.csv
https://github.com/dice89/master-thesis/blob/57820eac12fcb816c594ae14412d74bb737a4bc4/RapidminerRepo/OutlierEvaluationV2/non_separated/pre_pro_pca_f/oacode_ldcof_regular_db_scan.rmp,https://raw.githubusercontent.com/dice89/master-thesis/57820eac12fcb816c594ae14412d74bb737a4bc4/RapidminerRepo/OutlierEvaluationV2/non_separated/pre_pro_pca_f/oacode_ldcof_regular_db_scan.rmp,https://api.github.com/repos/dice89/master-thesis/git/blobs/ad72c56c644e3627b8c76e6a33ab0b3ecc6480d0,https://github.com/dice89/master-thesis/blob/57820eac12fcb816c594ae14412d74bb737a4bc4/RapidminerRepo/OutlierEvaluationV2/non_separated/pre_pro_pca_f/oacode_ldcof_regular_db_scan.rmp,RapidminerRepo/OutlierEvaluationV2/non_separated/pre_pro_pca_f/oacode_ldcof_regular_db_scan.rmp,file,Groff,2014-11-18 10:50:24,2015-04-29 22:24:48,dice89/master-thesis,read_csv,csv_file,/Users/mueller/Documents/master-thesis/ontologymatcher/matchings/cmt-confOf_raw_matchings.csv
https://github.com/dice89/master-thesis/blob/57820eac12fcb816c594ae14412d74bb737a4bc4/RapidminerRepo/OutlierEvaluationV2/non_separated/pre_pro_pca_f/oacode_ldcof_regular_x_means.rmp,https://raw.githubusercontent.com/dice89/master-thesis/57820eac12fcb816c594ae14412d74bb737a4bc4/RapidminerRepo/OutlierEvaluationV2/non_separated/pre_pro_pca_f/oacode_ldcof_regular_x_means.rmp,https://api.github.com/repos/dice89/master-thesis/git/blobs/1b986f8f8c73415e7c73503a997319f8f3d54739,https://github.com/dice89/master-thesis/blob/57820eac12fcb816c594ae14412d74bb737a4bc4/RapidminerRepo/OutlierEvaluationV2/non_separated/pre_pro_pca_f/oacode_ldcof_regular_x_means.rmp,RapidminerRepo/OutlierEvaluationV2/non_separated/pre_pro_pca_f/oacode_ldcof_regular_x_means.rmp,file,Groff,2014-11-18 10:50:24,2015-04-29 22:24:48,dice89/master-thesis,read_csv,csv_file,/Users/mueller/Documents/master-thesis/ontologymatcher/matchings/cmt-confOf_raw_matchings.csv
https://github.com/dice89/master-thesis/blob/57820eac12fcb816c594ae14412d74bb737a4bc4/RapidminerRepo/OutlierEvaluationV2/non_separated/pre_pro_pca_f/oacode_cblof_unweighted_regular_x_means.rmp,https://raw.githubusercontent.com/dice89/master-thesis/57820eac12fcb816c594ae14412d74bb737a4bc4/RapidminerRepo/OutlierEvaluationV2/non_separated/pre_pro_pca_f/oacode_cblof_unweighted_regular_x_means.rmp,https://api.github.com/repos/dice89/master-thesis/git/blobs/54693c41acdb70b9c6c0ff2ea84a0a3f51cfc586,https://github.com/dice89/master-thesis/blob/57820eac12fcb816c594ae14412d74bb737a4bc4/RapidminerRepo/OutlierEvaluationV2/non_separated/pre_pro_pca_f/oacode_cblof_unweighted_regular_x_means.rmp,RapidminerRepo/OutlierEvaluationV2/non_separated/pre_pro_pca_f/oacode_cblof_unweighted_regular_x_means.rmp,file,Groff,2014-11-18 10:50:24,2015-04-29 22:24:48,dice89/master-thesis,read_csv,csv_file,/Users/mueller/Documents/master-thesis/ontologymatcher/matchings/cmt-confOf_raw_matchings.csv
https://github.com/dice89/master-thesis/blob/57820eac12fcb816c594ae14412d74bb737a4bc4/RapidminerRepo/OutlierEvaluationV2/non_separated/pre_pro_pca_f/oacode_cblof_unweighted_x_means.rmp,https://raw.githubusercontent.com/dice89/master-thesis/57820eac12fcb816c594ae14412d74bb737a4bc4/RapidminerRepo/OutlierEvaluationV2/non_separated/pre_pro_pca_f/oacode_cblof_unweighted_x_means.rmp,https://api.github.com/repos/dice89/master-thesis/git/blobs/64ff8297915d70d0b393239897b4c7012875037e,https://github.com/dice89/master-thesis/blob/57820eac12fcb816c594ae14412d74bb737a4bc4/RapidminerRepo/OutlierEvaluationV2/non_separated/pre_pro_pca_f/oacode_cblof_unweighted_x_means.rmp,RapidminerRepo/OutlierEvaluationV2/non_separated/pre_pro_pca_f/oacode_cblof_unweighted_x_means.rmp,file,Groff,2014-11-18 10:50:24,2015-04-29 22:24:48,dice89/master-thesis,read_csv,csv_file,/Users/mueller/Documents/master-thesis/ontologymatcher/matchings/cmt-confOf_raw_matchings.csv
https://github.com/dice89/master-thesis/blob/57820eac12fcb816c594ae14412d74bb737a4bc4/RapidminerRepo/OutlierEvaluation/remove_corr_pre/oacode_cblof_unweighted_regular.rmp,https://raw.githubusercontent.com/dice89/master-thesis/57820eac12fcb816c594ae14412d74bb737a4bc4/RapidminerRepo/OutlierEvaluation/remove_corr_pre/oacode_cblof_unweighted_regular.rmp,https://api.github.com/repos/dice89/master-thesis/git/blobs/0b7fa8c77fb75140293bdc585c89706b7b1fae0d,https://github.com/dice89/master-thesis/blob/57820eac12fcb816c594ae14412d74bb737a4bc4/RapidminerRepo/OutlierEvaluation/remove_corr_pre/oacode_cblof_unweighted_regular.rmp,RapidminerRepo/OutlierEvaluation/remove_corr_pre/oacode_cblof_unweighted_regular.rmp,file,Groff,2014-11-18 10:50:24,2015-04-29 22:24:48,dice89/master-thesis,read_csv,csv_file,/Users/mueller/Documents/master-thesis/ontologymatcher/matchings/cmt-conference_raw_matchings.csv
https://github.com/dice89/master-thesis/blob/57820eac12fcb816c594ae14412d74bb737a4bc4/RapidminerRepo/OutlierEvaluation/remove_corr_pre/oacode_cblof_unweighted_regular_2.rmp,https://raw.githubusercontent.com/dice89/master-thesis/57820eac12fcb816c594ae14412d74bb737a4bc4/RapidminerRepo/OutlierEvaluation/remove_corr_pre/oacode_cblof_unweighted_regular_2.rmp,https://api.github.com/repos/dice89/master-thesis/git/blobs/a600cde3e8cd4ce070fc947ea6cd806a8ce3a1ae,https://github.com/dice89/master-thesis/blob/57820eac12fcb816c594ae14412d74bb737a4bc4/RapidminerRepo/OutlierEvaluation/remove_corr_pre/oacode_cblof_unweighted_regular_2.rmp,RapidminerRepo/OutlierEvaluation/remove_corr_pre/oacode_cblof_unweighted_regular_2.rmp,file,Groff,2014-11-18 10:50:24,2015-04-29 22:24:48,dice89/master-thesis,read_csv,csv_file,/Users/mueller/Documents/master-thesis/ontologymatcher/matchings/cmt-conference_raw_matchings.csv
https://github.com/dice89/master-thesis/blob/57820eac12fcb816c594ae14412d74bb737a4bc4/RapidminerRepo/OutlierEvaluation/remove_corr_pre/oacode_ldcof_regular.rmp,https://raw.githubusercontent.com/dice89/master-thesis/57820eac12fcb816c594ae14412d74bb737a4bc4/RapidminerRepo/OutlierEvaluation/remove_corr_pre/oacode_ldcof_regular.rmp,https://api.github.com/repos/dice89/master-thesis/git/blobs/4ea1a543166fff50c14d668ce3e6abaf7c7f9b65,https://github.com/dice89/master-thesis/blob/57820eac12fcb816c594ae14412d74bb737a4bc4/RapidminerRepo/OutlierEvaluation/remove_corr_pre/oacode_ldcof_regular.rmp,RapidminerRepo/OutlierEvaluation/remove_corr_pre/oacode_ldcof_regular.rmp,file,Groff,2014-11-18 10:50:24,2015-04-29 22:24:48,dice89/master-thesis,read_csv,csv_file,/Users/mueller/Documents/master-thesis/ontologymatcher/matchings/confOf-edas_raw_matchings.csv
https://github.com/dice89/master-thesis/blob/57820eac12fcb816c594ae14412d74bb737a4bc4/RapidminerRepo/OutlierEvaluation/remove_corr_pre/oacode_cblof_unweighted.rmp,https://raw.githubusercontent.com/dice89/master-thesis/57820eac12fcb816c594ae14412d74bb737a4bc4/RapidminerRepo/OutlierEvaluation/remove_corr_pre/oacode_cblof_unweighted.rmp,https://api.github.com/repos/dice89/master-thesis/git/blobs/aae990259abbc2363f931157ecdcca458c79765e,https://github.com/dice89/master-thesis/blob/57820eac12fcb816c594ae14412d74bb737a4bc4/RapidminerRepo/OutlierEvaluation/remove_corr_pre/oacode_cblof_unweighted.rmp,RapidminerRepo/OutlierEvaluation/remove_corr_pre/oacode_cblof_unweighted.rmp,file,Groff,2014-11-18 10:50:24,2015-04-29 22:24:48,dice89/master-thesis,read_csv,csv_file,/Users/mueller/Documents/master-thesis/ontologymatcher/matchings/cmt-conference_raw_matchings.csv
https://github.com/dice89/master-thesis/blob/57820eac12fcb816c594ae14412d74bb737a4bc4/RapidminerRepo/OutlierEvaluation/remove_corr_pre/oacode_ldcof.rmp,https://raw.githubusercontent.com/dice89/master-thesis/57820eac12fcb816c594ae14412d74bb737a4bc4/RapidminerRepo/OutlierEvaluation/remove_corr_pre/oacode_ldcof.rmp,https://api.github.com/repos/dice89/master-thesis/git/blobs/11dfd34ca98bdf781fbe1eac7e35fec7a835a4fa,https://github.com/dice89/master-thesis/blob/57820eac12fcb816c594ae14412d74bb737a4bc4/RapidminerRepo/OutlierEvaluation/remove_corr_pre/oacode_ldcof.rmp,RapidminerRepo/OutlierEvaluation/remove_corr_pre/oacode_ldcof.rmp,file,Groff,2014-11-18 10:50:24,2015-04-29 22:24:48,dice89/master-thesis,read_csv,csv_file,/Users/mueller/Documents/master-thesis/ontologymatcher/matchings/edas-iasted_raw_matchings.csv
https://github.com/dice89/master-thesis/blob/57820eac12fcb816c594ae14412d74bb737a4bc4/RapidminerRepo/OutlierEvaluationV2/non_separated/pre_pro_pca_v/oacode_ldcof_regular_db_scan.rmp,https://raw.githubusercontent.com/dice89/master-thesis/57820eac12fcb816c594ae14412d74bb737a4bc4/RapidminerRepo/OutlierEvaluationV2/non_separated/pre_pro_pca_v/oacode_ldcof_regular_db_scan.rmp,https://api.github.com/repos/dice89/master-thesis/git/blobs/6e08ca76cce38eb492a302a4e878715b7f10b479,https://github.com/dice89/master-thesis/blob/57820eac12fcb816c594ae14412d74bb737a4bc4/RapidminerRepo/OutlierEvaluationV2/non_separated/pre_pro_pca_v/oacode_ldcof_regular_db_scan.rmp,RapidminerRepo/OutlierEvaluationV2/non_separated/pre_pro_pca_v/oacode_ldcof_regular_db_scan.rmp,file,Groff,2014-11-18 10:50:24,2015-04-29 22:24:48,dice89/master-thesis,read_csv,csv_file,/Users/mueller/Documents/master-thesis/ontologymatcher/matchings/cmt-confOf_raw_matchings.csv
https://github.com/dice89/master-thesis/blob/57820eac12fcb816c594ae14412d74bb737a4bc4/RapidminerRepo/OutlierEvaluationV2/non_separated/pre_pro_pca_v/oacode_ldcof_regular_x_means.rmp,https://raw.githubusercontent.com/dice89/master-thesis/57820eac12fcb816c594ae14412d74bb737a4bc4/RapidminerRepo/OutlierEvaluationV2/non_separated/pre_pro_pca_v/oacode_ldcof_regular_x_means.rmp,https://api.github.com/repos/dice89/master-thesis/git/blobs/e3e216a2e08036464033ce22c1aea72c09f173b3,https://github.com/dice89/master-thesis/blob/57820eac12fcb816c594ae14412d74bb737a4bc4/RapidminerRepo/OutlierEvaluationV2/non_separated/pre_pro_pca_v/oacode_ldcof_regular_x_means.rmp,RapidminerRepo/OutlierEvaluationV2/non_separated/pre_pro_pca_v/oacode_ldcof_regular_x_means.rmp,file,Groff,2014-11-18 10:50:24,2015-04-29 22:24:48,dice89/master-thesis,read_csv,csv_file,/Users/mueller/Documents/master-thesis/ontologymatcher/matchings/cmt-confOf_raw_matchings.csv
https://github.com/dice89/master-thesis/blob/57820eac12fcb816c594ae14412d74bb737a4bc4/RapidminerRepo/OutlierEvaluationV2/non_separated/pre_pro_pca_v/oacode_cblof_unweighted_regular_x_means.rmp,https://raw.githubusercontent.com/dice89/master-thesis/57820eac12fcb816c594ae14412d74bb737a4bc4/RapidminerRepo/OutlierEvaluationV2/non_separated/pre_pro_pca_v/oacode_cblof_unweighted_regular_x_means.rmp,https://api.github.com/repos/dice89/master-thesis/git/blobs/58cbe19521653d7bf5e4f91d3f318fa3abf941f2,https://github.com/dice89/master-thesis/blob/57820eac12fcb816c594ae14412d74bb737a4bc4/RapidminerRepo/OutlierEvaluationV2/non_separated/pre_pro_pca_v/oacode_cblof_unweighted_regular_x_means.rmp,RapidminerRepo/OutlierEvaluationV2/non_separated/pre_pro_pca_v/oacode_cblof_unweighted_regular_x_means.rmp,file,Groff,2014-11-18 10:50:24,2015-04-29 22:24:48,dice89/master-thesis,read_csv,csv_file,/Users/mueller/Documents/master-thesis/ontologymatcher/matchings/cmt-confOf_raw_matchings.csv
https://github.com/dice89/master-thesis/blob/57820eac12fcb816c594ae14412d74bb737a4bc4/RapidminerRepo/OutlierEvaluationV2/non_separated/pre_pro_pca_v/oacode_cblof_unweighted_x_means.rmp,https://raw.githubusercontent.com/dice89/master-thesis/57820eac12fcb816c594ae14412d74bb737a4bc4/RapidminerRepo/OutlierEvaluationV2/non_separated/pre_pro_pca_v/oacode_cblof_unweighted_x_means.rmp,https://api.github.com/repos/dice89/master-thesis/git/blobs/e76d9119c7020c6057697ee8ce3c2a1dddb6f0b8,https://github.com/dice89/master-thesis/blob/57820eac12fcb816c594ae14412d74bb737a4bc4/RapidminerRepo/OutlierEvaluationV2/non_separated/pre_pro_pca_v/oacode_cblof_unweighted_x_means.rmp,RapidminerRepo/OutlierEvaluationV2/non_separated/pre_pro_pca_v/oacode_cblof_unweighted_x_means.rmp,file,Groff,2014-11-18 10:50:24,2015-04-29 22:24:48,dice89/master-thesis,read_csv,csv_file,/Users/mueller/Documents/master-thesis/ontologymatcher/matchings/cmt-confOf_raw_matchings.csv
https://github.com/dice89/master-thesis/blob/57820eac12fcb816c594ae14412d74bb737a4bc4/RapidminerRepo/OutlierEvaluationV2/non_separated/pre_pro_pca_v/oacode_cblof_unweighted_regular_db_scan.rmp,https://raw.githubusercontent.com/dice89/master-thesis/57820eac12fcb816c594ae14412d74bb737a4bc4/RapidminerRepo/OutlierEvaluationV2/non_separated/pre_pro_pca_v/oacode_cblof_unweighted_regular_db_scan.rmp,https://api.github.com/repos/dice89/master-thesis/git/blobs/511013a300534cb8a60c0e3b39ee3fd714f6f55e,https://github.com/dice89/master-thesis/blob/57820eac12fcb816c594ae14412d74bb737a4bc4/RapidminerRepo/OutlierEvaluationV2/non_separated/pre_pro_pca_v/oacode_cblof_unweighted_regular_db_scan.rmp,RapidminerRepo/OutlierEvaluationV2/non_separated/pre_pro_pca_v/oacode_cblof_unweighted_regular_db_scan.rmp,file,Groff,2014-11-18 10:50:24,2015-04-29 22:24:48,dice89/master-thesis,read_csv,csv_file,/Users/mueller/Documents/master-thesis/ontologymatcher/matchings/conference/matchings/cmt-conference_raw_matchings.csv
https://github.com/dice89/master-thesis/blob/57820eac12fcb816c594ae14412d74bb737a4bc4/RapidminerRepo/OutlierEvaluationV2/non_separated/pre_pro_remove_corr/oacode_cblof_unweighted_regular_x_means.rmp,https://raw.githubusercontent.com/dice89/master-thesis/57820eac12fcb816c594ae14412d74bb737a4bc4/RapidminerRepo/OutlierEvaluationV2/non_separated/pre_pro_remove_corr/oacode_cblof_unweighted_regular_x_means.rmp,https://api.github.com/repos/dice89/master-thesis/git/blobs/9040be1d1c31d324f72cb6be7a2ec81a7e7c595d,https://github.com/dice89/master-thesis/blob/57820eac12fcb816c594ae14412d74bb737a4bc4/RapidminerRepo/OutlierEvaluationV2/non_separated/pre_pro_remove_corr/oacode_cblof_unweighted_regular_x_means.rmp,RapidminerRepo/OutlierEvaluationV2/non_separated/pre_pro_remove_corr/oacode_cblof_unweighted_regular_x_means.rmp,file,Groff,2014-11-18 10:50:24,2015-04-29 22:24:48,dice89/master-thesis,read_csv,csv_file,/Users/mueller/Documents/master-thesis/ontologymatcher/matchings/cmt-confOf_raw_matchings.csv
https://github.com/dice89/master-thesis/blob/57820eac12fcb816c594ae14412d74bb737a4bc4/RapidminerRepo/OutlierEvaluationV2/non_separated/pre_pro_remove_corr/oacode_cblof_unweighted_x_means.rmp,https://raw.githubusercontent.com/dice89/master-thesis/57820eac12fcb816c594ae14412d74bb737a4bc4/RapidminerRepo/OutlierEvaluationV2/non_separated/pre_pro_remove_corr/oacode_cblof_unweighted_x_means.rmp,https://api.github.com/repos/dice89/master-thesis/git/blobs/35d3011cdae6b49e0719051b7d4fce6349504054,https://github.com/dice89/master-thesis/blob/57820eac12fcb816c594ae14412d74bb737a4bc4/RapidminerRepo/OutlierEvaluationV2/non_separated/pre_pro_remove_corr/oacode_cblof_unweighted_x_means.rmp,RapidminerRepo/OutlierEvaluationV2/non_separated/pre_pro_remove_corr/oacode_cblof_unweighted_x_means.rmp,file,Groff,2014-11-18 10:50:24,2015-04-29 22:24:48,dice89/master-thesis,read_csv,csv_file,/Users/mueller/Documents/master-thesis/ontologymatcher/matchings/benchmarks/matchings/101-239_raw_matchings.csv
https://github.com/dice89/master-thesis/blob/57820eac12fcb816c594ae14412d74bb737a4bc4/RapidminerRepo/OutlierEvaluationV2/non_separated/pre_pro_remove_corr/oacode_cblof_unweighted_regular_db_scan.rmp,https://raw.githubusercontent.com/dice89/master-thesis/57820eac12fcb816c594ae14412d74bb737a4bc4/RapidminerRepo/OutlierEvaluationV2/non_separated/pre_pro_remove_corr/oacode_cblof_unweighted_regular_db_scan.rmp,https://api.github.com/repos/dice89/master-thesis/git/blobs/196e60a9caf75bdbf09b998e0703a910cee94065,https://github.com/dice89/master-thesis/blob/57820eac12fcb816c594ae14412d74bb737a4bc4/RapidminerRepo/OutlierEvaluationV2/non_separated/pre_pro_remove_corr/oacode_cblof_unweighted_regular_db_scan.rmp,RapidminerRepo/OutlierEvaluationV2/non_separated/pre_pro_remove_corr/oacode_cblof_unweighted_regular_db_scan.rmp,file,Groff,2014-11-18 10:50:24,2015-04-29 22:24:48,dice89/master-thesis,read_csv,csv_file,/Users/mueller/Documents/master-thesis/ontologymatcher/matchings/conference/matchings/cmt-confOf_raw_matchings.csv
https://github.com/dice89/master-thesis/blob/57820eac12fcb816c594ae14412d74bb737a4bc4/RapidminerRepo/oacode_only_cluster_2.rmp,https://raw.githubusercontent.com/dice89/master-thesis/57820eac12fcb816c594ae14412d74bb737a4bc4/RapidminerRepo/oacode_only_cluster_2.rmp,https://api.github.com/repos/dice89/master-thesis/git/blobs/ca9be59d6fac9f0aa2df682ab252b3da4865a369,https://github.com/dice89/master-thesis/blob/57820eac12fcb816c594ae14412d74bb737a4bc4/RapidminerRepo/oacode_only_cluster_2.rmp,RapidminerRepo/oacode_only_cluster_2.rmp,file,Groff,2014-11-18 10:50:24,2015-04-29 22:24:48,dice89/master-thesis,read_csv,csv_file,/Users/mueller/Documents/master-thesis/ontologymatcher/matchings/conference-iasted_raw_matchings.csv
https://github.com/dice89/master-thesis/blob/57820eac12fcb816c594ae14412d74bb737a4bc4/RapidminerRepo/test_new_new.rmp,https://raw.githubusercontent.com/dice89/master-thesis/57820eac12fcb816c594ae14412d74bb737a4bc4/RapidminerRepo/test_new_new.rmp,https://api.github.com/repos/dice89/master-thesis/git/blobs/d8ebdaa6963e64324d512ee2d8752e9e8aecbbdb,https://github.com/dice89/master-thesis/blob/57820eac12fcb816c594ae14412d74bb737a4bc4/RapidminerRepo/test_new_new.rmp,RapidminerRepo/test_new_new.rmp,file,Groff,2014-11-18 10:50:24,2015-04-29 22:24:48,dice89/master-thesis,read_csv,csv_file,/Users/mueller/Documents/master-thesis/ontologymatcher/matchings/conference copy/matchings/cmt-conference_raw_matchings.csv
https://github.com/dwslab/COMMAND/blob/78decd1da14b8721240e469d5de597c9223d8e69/anomaly_detection/non_separated/pre_pro_pca_f/oacode_ldcof_regular_db_scan.rmp,https://raw.githubusercontent.com/dwslab/COMMAND/78decd1da14b8721240e469d5de597c9223d8e69/anomaly_detection/non_separated/pre_pro_pca_f/oacode_ldcof_regular_db_scan.rmp,https://api.github.com/repos/dwslab/COMMAND/git/blobs/ad72c56c644e3627b8c76e6a33ab0b3ecc6480d0,https://github.com/dwslab/COMMAND/blob/78decd1da14b8721240e469d5de597c9223d8e69/anomaly_detection/non_separated/pre_pro_pca_f/oacode_ldcof_regular_db_scan.rmp,anomaly_detection/non_separated/pre_pro_pca_f/oacode_ldcof_regular_db_scan.rmp,file,Scala,2015-04-23 08:35:11,2018-03-14 16:38:24,dwslab/COMMAND,read_csv,csv_file,/Users/mueller/Documents/master-thesis/ontologymatcher/matchings/cmt-confOf_raw_matchings.csv
https://github.com/dwslab/COMMAND/blob/78decd1da14b8721240e469d5de597c9223d8e69/anomaly_detection/non_separated/pre_pro_pca_f/oacode_ldcof_regular_x_means.rmp,https://raw.githubusercontent.com/dwslab/COMMAND/78decd1da14b8721240e469d5de597c9223d8e69/anomaly_detection/non_separated/pre_pro_pca_f/oacode_ldcof_regular_x_means.rmp,https://api.github.com/repos/dwslab/COMMAND/git/blobs/1b986f8f8c73415e7c73503a997319f8f3d54739,https://github.com/dwslab/COMMAND/blob/78decd1da14b8721240e469d5de597c9223d8e69/anomaly_detection/non_separated/pre_pro_pca_f/oacode_ldcof_regular_x_means.rmp,anomaly_detection/non_separated/pre_pro_pca_f/oacode_ldcof_regular_x_means.rmp,file,Scala,2015-04-23 08:35:11,2018-03-14 16:38:24,dwslab/COMMAND,read_csv,csv_file,/Users/mueller/Documents/master-thesis/ontologymatcher/matchings/cmt-confOf_raw_matchings.csv
https://github.com/dwslab/COMMAND/blob/78decd1da14b8721240e469d5de597c9223d8e69/anomaly_detection/non_separated/pre_pro_pca_f/oacode_cblof_unweighted_regular_x_means.rmp,https://raw.githubusercontent.com/dwslab/COMMAND/78decd1da14b8721240e469d5de597c9223d8e69/anomaly_detection/non_separated/pre_pro_pca_f/oacode_cblof_unweighted_regular_x_means.rmp,https://api.github.com/repos/dwslab/COMMAND/git/blobs/54693c41acdb70b9c6c0ff2ea84a0a3f51cfc586,https://github.com/dwslab/COMMAND/blob/78decd1da14b8721240e469d5de597c9223d8e69/anomaly_detection/non_separated/pre_pro_pca_f/oacode_cblof_unweighted_regular_x_means.rmp,anomaly_detection/non_separated/pre_pro_pca_f/oacode_cblof_unweighted_regular_x_means.rmp,file,Scala,2015-04-23 08:35:11,2018-03-14 16:38:24,dwslab/COMMAND,read_csv,csv_file,/Users/mueller/Documents/master-thesis/ontologymatcher/matchings/cmt-confOf_raw_matchings.csv
https://github.com/dwslab/COMMAND/blob/78decd1da14b8721240e469d5de597c9223d8e69/anomaly_detection/non_separated/pre_pro_pca_f/oacode_cblof_unweighted_x_means.rmp,https://raw.githubusercontent.com/dwslab/COMMAND/78decd1da14b8721240e469d5de597c9223d8e69/anomaly_detection/non_separated/pre_pro_pca_f/oacode_cblof_unweighted_x_means.rmp,https://api.github.com/repos/dwslab/COMMAND/git/blobs/64ff8297915d70d0b393239897b4c7012875037e,https://github.com/dwslab/COMMAND/blob/78decd1da14b8721240e469d5de597c9223d8e69/anomaly_detection/non_separated/pre_pro_pca_f/oacode_cblof_unweighted_x_means.rmp,anomaly_detection/non_separated/pre_pro_pca_f/oacode_cblof_unweighted_x_means.rmp,file,Scala,2015-04-23 08:35:11,2018-03-14 16:38:24,dwslab/COMMAND,read_csv,csv_file,/Users/mueller/Documents/master-thesis/ontologymatcher/matchings/cmt-confOf_raw_matchings.csv
https://github.com/dwslab/COMMAND/blob/78decd1da14b8721240e469d5de597c9223d8e69/anomaly_detection/non_separated/pre_pro_pca_v/oacode_ldcof_regular_db_scan.rmp,https://raw.githubusercontent.com/dwslab/COMMAND/78decd1da14b8721240e469d5de597c9223d8e69/anomaly_detection/non_separated/pre_pro_pca_v/oacode_ldcof_regular_db_scan.rmp,https://api.github.com/repos/dwslab/COMMAND/git/blobs/6e08ca76cce38eb492a302a4e878715b7f10b479,https://github.com/dwslab/COMMAND/blob/78decd1da14b8721240e469d5de597c9223d8e69/anomaly_detection/non_separated/pre_pro_pca_v/oacode_ldcof_regular_db_scan.rmp,anomaly_detection/non_separated/pre_pro_pca_v/oacode_ldcof_regular_db_scan.rmp,file,Scala,2015-04-23 08:35:11,2018-03-14 16:38:24,dwslab/COMMAND,read_csv,csv_file,/Users/mueller/Documents/master-thesis/ontologymatcher/matchings/cmt-confOf_raw_matchings.csv
https://github.com/dwslab/COMMAND/blob/78decd1da14b8721240e469d5de597c9223d8e69/anomaly_detection/non_separated/pre_pro_pca_v/oacode_ldcof_regular_x_means.rmp,https://raw.githubusercontent.com/dwslab/COMMAND/78decd1da14b8721240e469d5de597c9223d8e69/anomaly_detection/non_separated/pre_pro_pca_v/oacode_ldcof_regular_x_means.rmp,https://api.github.com/repos/dwslab/COMMAND/git/blobs/e3e216a2e08036464033ce22c1aea72c09f173b3,https://github.com/dwslab/COMMAND/blob/78decd1da14b8721240e469d5de597c9223d8e69/anomaly_detection/non_separated/pre_pro_pca_v/oacode_ldcof_regular_x_means.rmp,anomaly_detection/non_separated/pre_pro_pca_v/oacode_ldcof_regular_x_means.rmp,file,Scala,2015-04-23 08:35:11,2018-03-14 16:38:24,dwslab/COMMAND,read_csv,csv_file,/Users/mueller/Documents/master-thesis/ontologymatcher/matchings/cmt-confOf_raw_matchings.csv
https://github.com/dwslab/COMMAND/blob/78decd1da14b8721240e469d5de597c9223d8e69/anomaly_detection/non_separated/pre_pro_pca_v/oacode_cblof_unweighted_regular_x_means.rmp,https://raw.githubusercontent.com/dwslab/COMMAND/78decd1da14b8721240e469d5de597c9223d8e69/anomaly_detection/non_separated/pre_pro_pca_v/oacode_cblof_unweighted_regular_x_means.rmp,https://api.github.com/repos/dwslab/COMMAND/git/blobs/58cbe19521653d7bf5e4f91d3f318fa3abf941f2,https://github.com/dwslab/COMMAND/blob/78decd1da14b8721240e469d5de597c9223d8e69/anomaly_detection/non_separated/pre_pro_pca_v/oacode_cblof_unweighted_regular_x_means.rmp,anomaly_detection/non_separated/pre_pro_pca_v/oacode_cblof_unweighted_regular_x_means.rmp,file,Scala,2015-04-23 08:35:11,2018-03-14 16:38:24,dwslab/COMMAND,read_csv,csv_file,/Users/mueller/Documents/master-thesis/ontologymatcher/matchings/cmt-confOf_raw_matchings.csv
https://github.com/dwslab/COMMAND/blob/78decd1da14b8721240e469d5de597c9223d8e69/anomaly_detection/non_separated/pre_pro_pca_v/oacode_cblof_unweighted_x_means.rmp,https://raw.githubusercontent.com/dwslab/COMMAND/78decd1da14b8721240e469d5de597c9223d8e69/anomaly_detection/non_separated/pre_pro_pca_v/oacode_cblof_unweighted_x_means.rmp,https://api.github.com/repos/dwslab/COMMAND/git/blobs/e76d9119c7020c6057697ee8ce3c2a1dddb6f0b8,https://github.com/dwslab/COMMAND/blob/78decd1da14b8721240e469d5de597c9223d8e69/anomaly_detection/non_separated/pre_pro_pca_v/oacode_cblof_unweighted_x_means.rmp,anomaly_detection/non_separated/pre_pro_pca_v/oacode_cblof_unweighted_x_means.rmp,file,Scala,2015-04-23 08:35:11,2018-03-14 16:38:24,dwslab/COMMAND,read_csv,csv_file,/Users/mueller/Documents/master-thesis/ontologymatcher/matchings/cmt-confOf_raw_matchings.csv
https://github.com/dwslab/COMMAND/blob/78decd1da14b8721240e469d5de597c9223d8e69/anomaly_detection/non_separated/pre_pro_pca_v/oacode_cblof_unweighted_regular_db_scan.rmp,https://raw.githubusercontent.com/dwslab/COMMAND/78decd1da14b8721240e469d5de597c9223d8e69/anomaly_detection/non_separated/pre_pro_pca_v/oacode_cblof_unweighted_regular_db_scan.rmp,https://api.github.com/repos/dwslab/COMMAND/git/blobs/511013a300534cb8a60c0e3b39ee3fd714f6f55e,https://github.com/dwslab/COMMAND/blob/78decd1da14b8721240e469d5de597c9223d8e69/anomaly_detection/non_separated/pre_pro_pca_v/oacode_cblof_unweighted_regular_db_scan.rmp,anomaly_detection/non_separated/pre_pro_pca_v/oacode_cblof_unweighted_regular_db_scan.rmp,file,Scala,2015-04-23 08:35:11,2018-03-14 16:38:24,dwslab/COMMAND,read_csv,csv_file,/Users/mueller/Documents/master-thesis/ontologymatcher/matchings/conference/matchings/cmt-conference_raw_matchings.csv
https://github.com/dwslab/COMMAND/blob/78decd1da14b8721240e469d5de597c9223d8e69/anomaly_detection/non_separated/pre_pro_remove_corr/oacode_cblof_unweighted_regular_x_means.rmp,https://raw.githubusercontent.com/dwslab/COMMAND/78decd1da14b8721240e469d5de597c9223d8e69/anomaly_detection/non_separated/pre_pro_remove_corr/oacode_cblof_unweighted_regular_x_means.rmp,https://api.github.com/repos/dwslab/COMMAND/git/blobs/9040be1d1c31d324f72cb6be7a2ec81a7e7c595d,https://github.com/dwslab/COMMAND/blob/78decd1da14b8721240e469d5de597c9223d8e69/anomaly_detection/non_separated/pre_pro_remove_corr/oacode_cblof_unweighted_regular_x_means.rmp,anomaly_detection/non_separated/pre_pro_remove_corr/oacode_cblof_unweighted_regular_x_means.rmp,file,Scala,2015-04-23 08:35:11,2018-03-14 16:38:24,dwslab/COMMAND,read_csv,csv_file,/Users/mueller/Documents/master-thesis/ontologymatcher/matchings/cmt-confOf_raw_matchings.csv
https://github.com/dwslab/COMMAND/blob/78decd1da14b8721240e469d5de597c9223d8e69/anomaly_detection/non_separated/pre_pro_remove_corr/oacode_cblof_unweighted_x_means.rmp,https://raw.githubusercontent.com/dwslab/COMMAND/78decd1da14b8721240e469d5de597c9223d8e69/anomaly_detection/non_separated/pre_pro_remove_corr/oacode_cblof_unweighted_x_means.rmp,https://api.github.com/repos/dwslab/COMMAND/git/blobs/35d3011cdae6b49e0719051b7d4fce6349504054,https://github.com/dwslab/COMMAND/blob/78decd1da14b8721240e469d5de597c9223d8e69/anomaly_detection/non_separated/pre_pro_remove_corr/oacode_cblof_unweighted_x_means.rmp,anomaly_detection/non_separated/pre_pro_remove_corr/oacode_cblof_unweighted_x_means.rmp,file,Scala,2015-04-23 08:35:11,2018-03-14 16:38:24,dwslab/COMMAND,read_csv,csv_file,/Users/mueller/Documents/master-thesis/ontologymatcher/matchings/benchmarks/matchings/101-239_raw_matchings.csv
https://github.com/dwslab/COMMAND/blob/78decd1da14b8721240e469d5de597c9223d8e69/anomaly_detection/non_separated/pre_pro_remove_corr/oacode_cblof_unweighted_regular_db_scan.rmp,https://raw.githubusercontent.com/dwslab/COMMAND/78decd1da14b8721240e469d5de597c9223d8e69/anomaly_detection/non_separated/pre_pro_remove_corr/oacode_cblof_unweighted_regular_db_scan.rmp,https://api.github.com/repos/dwslab/COMMAND/git/blobs/196e60a9caf75bdbf09b998e0703a910cee94065,https://github.com/dwslab/COMMAND/blob/78decd1da14b8721240e469d5de597c9223d8e69/anomaly_detection/non_separated/pre_pro_remove_corr/oacode_cblof_unweighted_regular_db_scan.rmp,anomaly_detection/non_separated/pre_pro_remove_corr/oacode_cblof_unweighted_regular_db_scan.rmp,file,Scala,2015-04-23 08:35:11,2018-03-14 16:38:24,dwslab/COMMAND,read_csv,csv_file,/Users/mueller/Documents/master-thesis/ontologymatcher/matchings/conference/matchings/cmt-confOf_raw_matchings.csv
https://github.com/joe4dev/cwb-analysis/blob/891003b3aea0a87b13061e80d0df8606e4ee02c2/data_interim/pre-process.rmp,https://raw.githubusercontent.com/joe4dev/cwb-analysis/891003b3aea0a87b13061e80d0df8606e4ee02c2/data_interim/pre-process.rmp,https://api.github.com/repos/joe4dev/cwb-analysis/git/blobs/cfc067ed665c0043cf5c1a7aa1ab68a536d6ad0d,https://github.com/joe4dev/cwb-analysis/blob/891003b3aea0a87b13061e80d0df8606e4ee02c2/data_interim/pre-process.rmp,data_interim/pre-process.rmp,file,PLSQL,2017-05-15 23:24:20,2018-05-13 13:24:05,joe4dev/cwb-analysis,read_csv,csv_file,%{dataRaw}/%{dataFile}-raw.csv
https://github.com/joe4dev/cwb-analysis/blob/891003b3aea0a87b13061e80d0df8606e4ee02c2/rq2/linear-model-subset.rmp,https://raw.githubusercontent.com/joe4dev/cwb-analysis/891003b3aea0a87b13061e80d0df8606e4ee02c2/rq2/linear-model-subset.rmp,https://api.github.com/repos/joe4dev/cwb-analysis/git/blobs/2a83b3d142392684cedc02bc5b33b773411f6372,https://github.com/joe4dev/cwb-analysis/blob/891003b3aea0a87b13061e80d0df8606e4ee02c2/rq2/linear-model-subset.rmp,rq2/linear-model-subset.rmp,file,PLSQL,2017-05-15 23:24:20,2018-05-13 13:24:05,joe4dev/cwb-analysis,read_csv,csv_file,/Users/joe/Projects/CloudWorkBench/cwb-analysis/rq2/mappings.csv
https://github.com/joe4dev/cwb-analysis/blob/891003b3aea0a87b13061e80d0df8606e4ee02c2/rq2/linear-model.rmp,https://raw.githubusercontent.com/joe4dev/cwb-analysis/891003b3aea0a87b13061e80d0df8606e4ee02c2/rq2/linear-model.rmp,https://api.github.com/repos/joe4dev/cwb-analysis/git/blobs/a8dfff394dbdef5adffa2dbfcc665d82f96367f5,https://github.com/joe4dev/cwb-analysis/blob/891003b3aea0a87b13061e80d0df8606e4ee02c2/rq2/linear-model.rmp,rq2/linear-model.rmp,file,PLSQL,2017-05-15 23:24:20,2018-05-13 13:24:05,joe4dev/cwb-analysis,read_csv,csv_file,%{mappingsFile}
https://github.com/ihchoi1227/DataMining_Politics/blob/b9e0dd2b96d7dd118a7dad73d27f0ba0cb9361bd/Labs/process3.rmp,https://raw.githubusercontent.com/ihchoi1227/DataMining_Politics/b9e0dd2b96d7dd118a7dad73d27f0ba0cb9361bd/Labs/process3.rmp,https://api.github.com/repos/ihchoi1227/DataMining_Politics/git/blobs/7a90c5252a8c3688732d4b3db06097a1121232cd,https://github.com/ihchoi1227/DataMining_Politics/blob/b9e0dd2b96d7dd118a7dad73d27f0ba0cb9361bd/Labs/process3.rmp,Labs/process3.rmp,file,,2018-03-15 12:21:49,2018-03-15 12:22:00,ihchoi1227/DataMining_Politics,read_csv,csv_file,C:\Users\lich3969\Downloads\cancer.csv
https://github.com/mannannlegur/CTU-FIT-Bachelor/blob/83a048607c3cb50e3b0ba6305934e6fc1469fee2/VZD/cv12.rmp,https://raw.githubusercontent.com/mannannlegur/CTU-FIT-Bachelor/83a048607c3cb50e3b0ba6305934e6fc1469fee2/VZD/cv12.rmp,https://api.github.com/repos/mannannlegur/CTU-FIT-Bachelor/git/blobs/861c6fa8be1494be450a8f76373e7edd81a5e991,https://github.com/mannannlegur/CTU-FIT-Bachelor/blob/83a048607c3cb50e3b0ba6305934e6fc1469fee2/VZD/cv12.rmp,VZD/cv12.rmp,file,C,2017-06-18 19:20:30,2018-03-25 22:06:14,mannannlegur/CTU-FIT-Bachelor,read_csv,csv_file,/Users/mannannlegur/Downloads/ml-100k/ua.base
https://github.com/falkenber9/TXPower_Prediction/blob/2fb8fda12c2f994e2c5764f62e3f2c35cee31695/rm_processes/DL.rmp,https://raw.githubusercontent.com/falkenber9/TXPower_Prediction/2fb8fda12c2f994e2c5764f62e3f2c35cee31695/rm_processes/DL.rmp,https://api.github.com/repos/falkenber9/TXPower_Prediction/git/blobs/da3fdf2c8b002234a31046fe73542f7ee149ca96,https://github.com/falkenber9/TXPower_Prediction/blob/2fb8fda12c2f994e2c5764f62e3f2c35cee31695/rm_processes/DL.rmp,rm_processes/DL.rmp,file,C++,2018-03-27 11:59:59,2018-03-27 12:13:12,falkenber9/TXPower_Prediction,read_csv,csv_file,/home/piatkows/svn/TXPOWER/TXPower_Data/selected/Dortmund_Hamm_all.csv
https://github.com/ihchoi12/Exchange-Student/blob/81f3adfb4435f86f109d36238762b0474940d7cb/Data%20Mining/Labs/process3.rmp,https://raw.githubusercontent.com/ihchoi12/Exchange-Student/81f3adfb4435f86f109d36238762b0474940d7cb/Data%20Mining/Labs/process3.rmp,https://api.github.com/repos/ihchoi12/Exchange-Student/git/blobs/7a90c5252a8c3688732d4b3db06097a1121232cd,https://github.com/ihchoi12/Exchange-Student/blob/81f3adfb4435f86f109d36238762b0474940d7cb/Data%20Mining/Labs/process3.rmp,Data Mining/Labs/process3.rmp,file,R,2018-05-07 08:53:03,2018-05-07 08:53:41,ihchoi12/Exchange-Student,read_csv,csv_file,C:\Users\lich3969\Downloads\cancer.csv
https://github.com/allanx38/MscRMinerFiles/blob/fa96769632991998dcb0d2e466e016f83494a4e8/Arima/Predict%20Close%20Price/pred_close_ar_ann%20-%20train_test/chp5_arima_ann_dxcacftse.rmp,https://raw.githubusercontent.com/allanx38/MscRMinerFiles/fa96769632991998dcb0d2e466e016f83494a4e8/Arima/Predict%20Close%20Price/pred_close_ar_ann%20-%20train_test/chp5_arima_ann_dxcacftse.rmp,https://api.github.com/repos/allanx38/MscRMinerFiles/git/blobs/843bd13d9e955324ce41553911800b682fe0223b,https://github.com/allanx38/MscRMinerFiles/blob/fa96769632991998dcb0d2e466e016f83494a4e8/Arima/Predict%20Close%20Price/pred_close_ar_ann%20-%20train_test/chp5_arima_ann_dxcacftse.rmp,Arima/Predict Close Price/pred_close_ar_ann - train_test/chp5_arima_ann_dxcacftse.rmp,file,,2014-05-17 13:46:04,2014-06-02 14:44:42,allanx38/MscRMinerFiles,read_csv,csv_file,D:\Allan\DropBox\MSc\Dissertation\Thesis\Data\Dax_2000_d_test.csv
https://github.com/allanx38/MscRMinerFiles/blob/fa96769632991998dcb0d2e466e016f83494a4e8/Arima/Predict%20Close%20Price/pred_close_ar_ann/chp5_arima_ann_dxcacftse.rmp,https://raw.githubusercontent.com/allanx38/MscRMinerFiles/fa96769632991998dcb0d2e466e016f83494a4e8/Arima/Predict%20Close%20Price/pred_close_ar_ann/chp5_arima_ann_dxcacftse.rmp,https://api.github.com/repos/allanx38/MscRMinerFiles/git/blobs/843bd13d9e955324ce41553911800b682fe0223b,https://github.com/allanx38/MscRMinerFiles/blob/fa96769632991998dcb0d2e466e016f83494a4e8/Arima/Predict%20Close%20Price/pred_close_ar_ann/chp5_arima_ann_dxcacftse.rmp,Arima/Predict Close Price/pred_close_ar_ann/chp5_arima_ann_dxcacftse.rmp,file,,2014-05-17 13:46:04,2014-06-02 14:44:42,allanx38/MscRMinerFiles,read_csv,csv_file,D:\Allan\DropBox\MSc\Dissertation\Thesis\Data\Dax_2000_d_test.csv
https://github.com/gevargas/polito-s2eunet/blob/24fb378e1e5491f3422ab20dc0fe1f8cf0d950cf/ExercisesonNeubotData-BusinessIntelligence/Tesina-Business%20Intelligence/Processi%20Progetto%20Neubot/Prima%20analisi%20-%20K-means.rmp,https://raw.githubusercontent.com/gevargas/polito-s2eunet/24fb378e1e5491f3422ab20dc0fe1f8cf0d950cf/ExercisesonNeubotData-BusinessIntelligence/Tesina-Business%20Intelligence/Processi%20Progetto%20Neubot/Prima%20analisi%20-%20K-means.rmp,https://api.github.com/repos/gevargas/polito-s2eunet/git/blobs/7dabddec2664aa97b9f54a2ff3f56f36555c124a,https://github.com/gevargas/polito-s2eunet/blob/24fb378e1e5491f3422ab20dc0fe1f8cf0d950cf/ExercisesonNeubotData-BusinessIntelligence/Tesina-Business%20Intelligence/Processi%20Progetto%20Neubot/Prima%20analisi%20-%20K-means.rmp,ExercisesonNeubotData-BusinessIntelligence/Tesina-Business Intelligence/Processi Progetto Neubot/Prima analisi - K-means.rmp,file,TeX,2014-06-05 08:37:27,2014-06-18 06:46:02,gevargas/polito-s2eunet,read_csv,csv_file,E:\Spongebob\Spongebob - BI\2013_04_IT.csv
https://github.com/gevargas/polito-s2eunet/blob/24fb378e1e5491f3422ab20dc0fe1f8cf0d950cf/ExercisesonNeubotData-BusinessIntelligence/Tesina-Business%20Intelligence/Processi%20Progetto%20Neubot/Prima%20analisi%20-%20X-means.rmp,https://raw.githubusercontent.com/gevargas/polito-s2eunet/24fb378e1e5491f3422ab20dc0fe1f8cf0d950cf/ExercisesonNeubotData-BusinessIntelligence/Tesina-Business%20Intelligence/Processi%20Progetto%20Neubot/Prima%20analisi%20-%20X-means.rmp,https://api.github.com/repos/gevargas/polito-s2eunet/git/blobs/da4702bbcecb123f2b888bd07ad8b7efc2234fe7,https://github.com/gevargas/polito-s2eunet/blob/24fb378e1e5491f3422ab20dc0fe1f8cf0d950cf/ExercisesonNeubotData-BusinessIntelligence/Tesina-Business%20Intelligence/Processi%20Progetto%20Neubot/Prima%20analisi%20-%20X-means.rmp,ExercisesonNeubotData-BusinessIntelligence/Tesina-Business Intelligence/Processi Progetto Neubot/Prima analisi - X-means.rmp,file,TeX,2014-06-05 08:37:27,2014-06-18 06:46:02,gevargas/polito-s2eunet,read_csv,csv_file,E:\Spongebob\Spongebob - BI\2013_04_IT.csv
https://github.com/dice89/master-thesis/blob/57820eac12fcb816c594ae14412d74bb737a4bc4/RapidminerRepo/OutlierEvaluation/remove_corr_pre/oacode_cblof_unweighted_regular_db_scan.rmp,https://raw.githubusercontent.com/dice89/master-thesis/57820eac12fcb816c594ae14412d74bb737a4bc4/RapidminerRepo/OutlierEvaluation/remove_corr_pre/oacode_cblof_unweighted_regular_db_scan.rmp,https://api.github.com/repos/dice89/master-thesis/git/blobs/7cc763f60dbb07a2434ad6dfd97dec1f605e2be5,https://github.com/dice89/master-thesis/blob/57820eac12fcb816c594ae14412d74bb737a4bc4/RapidminerRepo/OutlierEvaluation/remove_corr_pre/oacode_cblof_unweighted_regular_db_scan.rmp,RapidminerRepo/OutlierEvaluation/remove_corr_pre/oacode_cblof_unweighted_regular_db_scan.rmp,file,Groff,2014-11-18 10:50:24,2015-04-29 22:24:48,dice89/master-thesis,read_csv,csv_file,/Users/mueller/Documents/master-thesis/ontologymatcher/matchings/cmt-conference_raw_matchings.csv
https://github.com/dice89/master-thesis/blob/57820eac12fcb816c594ae14412d74bb737a4bc4/RapidminerRepo/OutlierEvaluationV2/non_separated/pre_pro_remove_corr/oacode_ldcof_regular_db_scan.rmp,https://raw.githubusercontent.com/dice89/master-thesis/57820eac12fcb816c594ae14412d74bb737a4bc4/RapidminerRepo/OutlierEvaluationV2/non_separated/pre_pro_remove_corr/oacode_ldcof_regular_db_scan.rmp,https://api.github.com/repos/dice89/master-thesis/git/blobs/e006b8b6168caef12161f819169aad625b104b9c,https://github.com/dice89/master-thesis/blob/57820eac12fcb816c594ae14412d74bb737a4bc4/RapidminerRepo/OutlierEvaluationV2/non_separated/pre_pro_remove_corr/oacode_ldcof_regular_db_scan.rmp,RapidminerRepo/OutlierEvaluationV2/non_separated/pre_pro_remove_corr/oacode_ldcof_regular_db_scan.rmp,file,Groff,2014-11-18 10:50:24,2015-04-29 22:24:48,dice89/master-thesis,read_csv,csv_file,/Users/mueller/Documents/master-thesis/ontologymatcher/matchings/cmt-confOf_raw_matchings.csv
https://github.com/dice89/master-thesis/blob/57820eac12fcb816c594ae14412d74bb737a4bc4/RapidminerRepo/OutlierEvaluationV2/non_separated/pre_pro_remove_corr/oacode_ldcof_regular_x_means.rmp,https://raw.githubusercontent.com/dice89/master-thesis/57820eac12fcb816c594ae14412d74bb737a4bc4/RapidminerRepo/OutlierEvaluationV2/non_separated/pre_pro_remove_corr/oacode_ldcof_regular_x_means.rmp,https://api.github.com/repos/dice89/master-thesis/git/blobs/66147f55fb50fddb957d16e1812dfdc4b43496f2,https://github.com/dice89/master-thesis/blob/57820eac12fcb816c594ae14412d74bb737a4bc4/RapidminerRepo/OutlierEvaluationV2/non_separated/pre_pro_remove_corr/oacode_ldcof_regular_x_means.rmp,RapidminerRepo/OutlierEvaluationV2/non_separated/pre_pro_remove_corr/oacode_ldcof_regular_x_means.rmp,file,Groff,2014-11-18 10:50:24,2015-04-29 22:24:48,dice89/master-thesis,read_csv,csv_file,/Users/mueller/Documents/master-thesis/ontologymatcher/matchings/cmt-confOf_raw_matchings.csv
https://github.com/dice89/master-thesis/blob/57820eac12fcb816c594ae14412d74bb737a4bc4/RapidminerRepo/oacode.rmp,https://raw.githubusercontent.com/dice89/master-thesis/57820eac12fcb816c594ae14412d74bb737a4bc4/RapidminerRepo/oacode.rmp,https://api.github.com/repos/dice89/master-thesis/git/blobs/7f53d6b7f111e655317283c7e47114183970e268,https://github.com/dice89/master-thesis/blob/57820eac12fcb816c594ae14412d74bb737a4bc4/RapidminerRepo/oacode.rmp,RapidminerRepo/oacode.rmp,file,Groff,2014-11-18 10:50:24,2015-04-29 22:24:48,dice89/master-thesis,read_csv,csv_file,/Users/mueller/Documents/master-thesis/oaMatcherCode/matchings/test_raw_matchings.csv
https://github.com/dice89/master-thesis/blob/57820eac12fcb816c594ae14412d74bb737a4bc4/RapidminerRepo/oacode_more_fine.rmp,https://raw.githubusercontent.com/dice89/master-thesis/57820eac12fcb816c594ae14412d74bb737a4bc4/RapidminerRepo/oacode_more_fine.rmp,https://api.github.com/repos/dice89/master-thesis/git/blobs/76bf823a3af775c2ecbdfc532f7aed284e1ec41e,https://github.com/dice89/master-thesis/blob/57820eac12fcb816c594ae14412d74bb737a4bc4/RapidminerRepo/oacode_more_fine.rmp,RapidminerRepo/oacode_more_fine.rmp,file,Groff,2014-11-18 10:50:24,2015-04-29 22:24:48,dice89/master-thesis,read_csv,csv_file,/Users/mueller/Documents/master-thesis/oaMatcherCode/matchings/cmt-confOf_raw_matchings.csv
https://github.com/dice89/master-thesis/blob/57820eac12fcb816c594ae14412d74bb737a4bc4/RapidminerRepo/oacode_knn.rmp,https://raw.githubusercontent.com/dice89/master-thesis/57820eac12fcb816c594ae14412d74bb737a4bc4/RapidminerRepo/oacode_knn.rmp,https://api.github.com/repos/dice89/master-thesis/git/blobs/192026068c8a4a4560ba69ff6c96dc3b652a6aef,https://github.com/dice89/master-thesis/blob/57820eac12fcb816c594ae14412d74bb737a4bc4/RapidminerRepo/oacode_knn.rmp,RapidminerRepo/oacode_knn.rmp,file,Groff,2014-11-18 10:50:24,2015-04-29 22:24:48,dice89/master-thesis,read_csv,csv_file,/Users/mueller/Documents/master-thesis/oaMatcherCode/matchings/cmt-sigkdd_raw_matchings.csv
https://github.com/dwslab/COMMAND/blob/78decd1da14b8721240e469d5de597c9223d8e69/anomaly_detection/non_separated/pre_pro_remove_corr/oacode_ldcof_regular_db_scan.rmp,https://raw.githubusercontent.com/dwslab/COMMAND/78decd1da14b8721240e469d5de597c9223d8e69/anomaly_detection/non_separated/pre_pro_remove_corr/oacode_ldcof_regular_db_scan.rmp,https://api.github.com/repos/dwslab/COMMAND/git/blobs/e006b8b6168caef12161f819169aad625b104b9c,https://github.com/dwslab/COMMAND/blob/78decd1da14b8721240e469d5de597c9223d8e69/anomaly_detection/non_separated/pre_pro_remove_corr/oacode_ldcof_regular_db_scan.rmp,anomaly_detection/non_separated/pre_pro_remove_corr/oacode_ldcof_regular_db_scan.rmp,file,Scala,2015-04-23 08:35:11,2018-03-14 16:38:24,dwslab/COMMAND,read_csv,csv_file,/Users/mueller/Documents/master-thesis/ontologymatcher/matchings/cmt-confOf_raw_matchings.csv
https://github.com/dwslab/COMMAND/blob/78decd1da14b8721240e469d5de597c9223d8e69/anomaly_detection/non_separated/pre_pro_remove_corr/oacode_ldcof_regular_x_means.rmp,https://raw.githubusercontent.com/dwslab/COMMAND/78decd1da14b8721240e469d5de597c9223d8e69/anomaly_detection/non_separated/pre_pro_remove_corr/oacode_ldcof_regular_x_means.rmp,https://api.github.com/repos/dwslab/COMMAND/git/blobs/66147f55fb50fddb957d16e1812dfdc4b43496f2,https://github.com/dwslab/COMMAND/blob/78decd1da14b8721240e469d5de597c9223d8e69/anomaly_detection/non_separated/pre_pro_remove_corr/oacode_ldcof_regular_x_means.rmp,anomaly_detection/non_separated/pre_pro_remove_corr/oacode_ldcof_regular_x_means.rmp,file,Scala,2015-04-23 08:35:11,2018-03-14 16:38:24,dwslab/COMMAND,read_csv,csv_file,/Users/mueller/Documents/master-thesis/ontologymatcher/matchings/cmt-confOf_raw_matchings.csv
https://github.com/nocibambi/ds-practice/blob/bb36a486a4fbc53ae032652dc21bbf2681fc13e2/Rapidminer/Local%20Repository/processes/BME-DMP/HW_2/hw2_3.rmp,https://raw.githubusercontent.com/nocibambi/ds-practice/bb36a486a4fbc53ae032652dc21bbf2681fc13e2/Rapidminer/Local%20Repository/processes/BME-DMP/HW_2/hw2_3.rmp,https://api.github.com/repos/nocibambi/ds-practice/git/blobs/dfc9695f567af44a3e0b55cc2b3b2baba61d9502,https://github.com/nocibambi/ds-practice/blob/bb36a486a4fbc53ae032652dc21bbf2681fc13e2/Rapidminer/Local%20Repository/processes/BME-DMP/HW_2/hw2_3.rmp,Rapidminer/Local Repository/processes/BME-DMP/HW_2/hw2_3.rmp,file,Matlab,2018-02-06 15:36:10,2018-05-05 09:02:25,nocibambi/ds-practice,read_csv,csv_file,C:\Users\noa\Dropbox\Learn\bme-dmp\3. hét\gyakorlat\training.csv
